Store, Run Type
701001,S
701002,S
701003,S
701004,S
701005,S
701006,S
701007,S
701008,S
701009,S
701010,S
701011,S
701012,S
701013,S
701014,S
701015,S
701016,S
701017,S
701018,S
701019,S
701020,S
701021,S
701023,S
701024,S
701025,S
701026,S
701027,S
701028,S
701029,S
701030,S
701031,S
701032,S
701033,S
701034,S
701035,S
701036,S
701037,S
701038,S
701039,S
701040,S
701041,S
701042,S
701044,S
701045,S
701046,S
701050,S
701051,S
701053,S
701054,S
701055,S
701056,S
701057,S
701058,S
701059,S
701060,S
701061,S
701062,S
701063,S
701065,S
701066,S
701067,S
701068,S
701069,S
701070,S
701071,S
701072,S
701073,S
701074,S
701075,S
701076,S
701077,S
701078,S
701079,S
701080,S
701081,S
701082,S
701083,S
701084,S
701085,S
701087,S
701088,S
701089,S
701090,S
701091,S
701092,S
701093,S
701094,S
701095,S
701096,S
701098,S
701099,S
701101,S
701102,S
701103,S
701104,S
701105,S
701106,S
701108,S
701109,S
701110,S
701112,S
701113,S
701114,S
701116,S
701117,S
701118,S
701119,S
701120,S
701121,S
701122,S
701123,S
701124,S
701125,S
701126,S
701127,S
701128,S
701129,S
701130,S
701131,S
701132,S
701133,S
701134,S
701135,S
701136,S
701137,S
701139,L
701140,S
701141,S
701143,S
701144,S
701145,S
701147,S
701148,S
701149,S
701150,S
701151,L
701152,S
701153,S
701155,S
701156,S
701157,S
701158,S
701159,S
701161,S
701162,S
701163,S
701164,S
701165,S
701166,S
701167,S
701168,S
701170,S
701171,S
701172,S
701173,S
701174,S
701175,S
701176,S
701177,S
701178,S
701179,S
701180,S
701181,S
701182,S
701183,S
701184,S
701185,S
701186,S
701187,S
701188,S
701189,S
701190,S
701191,S
701192,S
701193,S
701194,S
701195,S
701197,S
701198,S
701199,S
701202,S
701205,S
701206,S
701207,S
701208,S
701209,S
701211,S
701213,S
701214,L
701215,S
701216,S
701217,S
701218,S
701219,S
701220,S
701221,L
701222,L
701223,L
701224,S
701225,S
701226,S
701227,S
701228,S
701230,S
701231,S
701232,S
701233,S
701234,S
701235,S
701236,S
701237,S
701238,S
701239,S
701240,S
701241,S
701242,S
701243,S
701244,S
701245,S
701246,S
701248,S
701249,L
701250,S
701251,L
701252,S
701253,S
701254,S
701255,S
701256,S
701257,S
701258,S
701260,L
701261,S
701262,S
701263,S
701264,S
701266,S
701267,S
701268,S
701269,S
701271,S
701272,S
701273,S
701274,S
701275,S
701276,S
701277,L
701278,S
701279,S
701280,S
701281,S
701282,L
701283,S
701284,S
701285,S
701287,S
701288,S
701290,S
701291,S
701293,S
701294,S
701295,S
701296,S
701297,S
701298,S
701299,S
701301,S
701303,S
701307,S
701309,S
701310,S
701311,S
701312,S
701314,S
701315,S
701316,S
701317,S
701318,S
701319,S
701320,S
701321,S
701322,L
701323,S
701324,S
701325,S
701326,S
701327,S
701328,S
701329,S
701331,S
701332,S
701334,S
701336,S
701337,S
701338,S
701339,S
701340,S
701341,S
701342,S
701343,S
701344,S
701345,S
701346,S
701347,S
701348,S
701350,S
701351,S
701354,S
701355,S
701356,S
701357,S
701358,S
701359,S
701360,S
701361,S
701362,S
701363,S
701364,S
701365,S
701366,S
701368,S
701373,S
701374,S
701375,S
701379,S
701380,S
701381,S
701382,S
701383,S
701384,S
701387,S
701388,S
701389,S
701390,L
701391,S
701392,S
701393,S
701394,S
701395,S
701396,L
701397,S
701404,S
701419,S
701422,S
701424,S
701427,S
701428,S
701429,S
701430,L
701435,S
701436,S
701437,S
701438,S
701439,S
701441,S
701442,S
701443,S
701444,S
701445,S
701446,S
701447,S
701448,S
701449,S
701451,S
701454,S
701455,S
701458,S
701459,S
701460,S
701461,S
701462,S
701468,L
701469,S
701477,S
701485,S
701498,S
701500,S
701508,S
701509,S
701510,S
701511,S
701512,S
701513,S
701514,S
701515,S
701516,S
701517,S
701519,S
701520,S
701521,S
701522,S
701523,S
701524,S
701525,S
701527,S
701528,S
701529,S
701530,S
701531,S
701532,S
701533,S
701534,S
701535,S
701536,S
701537,S
701539,S
701541,S
701542,S
701543,S
701544,S
701545,S
701546,S
701548,S
701549,S
701550,S
701551,S
701552,S
701553,S
701554,S
701555,S
701556,S
701557,S
701559,S
701560,S
701561,S
701562,S
701563,S
701564,S
701565,S
701566,S
701567,S
701568,S
701569,S
701570,S
701571,S
701572,S
701573,S
701574,S
701575,S
701576,S
701577,S
701578,S
701579,S
701580,S
701581,S
701582,S
701583,S
701584,S
701586,S
701587,S
701588,S
701589,S
701590,S
701591,S
701592,S
701593,S
701594,S
701595,S
701596,S
701597,S
701598,S
701600,S
701602,S
701604,S
701605,S
701606,S
701607,S
701608,S
701609,S
701610,S
701612,S
701614,S
701615,S
701616,S
701617,S
701619,S
701622,S
701623,S
701624,S
701625,S
701626,S
701627,S
701628,S
701629,S
701630,S
701632,S
701633,S
701634,S
701635,S
701636,S
701637,S
701638,S
701639,S
701640,S
701641,S
701642,S
701644,S
701645,S
701646,S
701647,S
701648,S
701649,S
701650,S
701651,S
701652,S
701653,S
701654,S
701655,S
701656,S
701657,S
701658,S
701661,S
701662,S
701663,S
701664,S
701665,S
701666,S
701667,S
701668,S
701669,S
701670,S
701671,S
701672,S
701673,S
701674,S
701675,S
701676,S
701677,S
701678,S
701679,S
701680,S
701681,S
701682,S
701684,S
701685,S
701686,S
701689,S
701690,S
701691,S
701692,S
701693,S
701694,S
701696,S
701697,S
701698,S
701699,S
701700,S
701701,S
701702,S
701706,S
701710,S
701712,S
701713,S
701715,S
701716,S
701717,S
701718,S
701719,S
701720,S
701721,S
701722,S
701723,S
701724,S
701725,S
701726,S
701727,S
701728,S
701730,S
701732,S
701733,S
701734,S
701735,S
701737,S
701738,S
701739,S
701740,S
701741,S
701742,S
701743,S
701744,S
701745,S
701748,S
701749,S
701750,S
701754,S
701755,S
701756,S
701757,S
701758,S
701759,S
701760,S
701761,S
701762,S
701763,S
701764,S
701765,S
701766,L
701767,S
701768,S
701770,S
701771,S
701772,S
701773,S
701774,S
701775,S
701776,S
701778,S
701779,S
701780,S
701781,S
701782,S
701784,S
701785,S
701786,S
701787,S
701789,S
701790,S
701791,S
701792,S
701793,S
701794,S
701795,S
701796,S
701797,S
701798,S
701799,S
701805,S
701806,S
701807,S
701808,S
701809,S
701810,S
701811,S
701812,S
701813,S
701815,S
701816,S
701817,S
701818,S
701819,S
701822,S
701823,S
701824,S
701825,S
701826,S
701829,S
701830,S
701831,S
701832,S
701834,S
701835,S
701836,L
701837,S
701838,S
701840,S
701841,S
701842,S
701843,S
701844,S
701845,S
701846,S
701847,S
701848,S
701849,S
701850,S
701851,S
701852,S
701853,S
701854,S
701855,S
701856,S
701857,S
701858,S
701859,S
701861,S
701862,S
701863,S
701864,S
701865,S
701866,S
701867,S
701868,S
701869,S
701870,S
701871,S
701872,S
701873,S
701874,S
701875,S
701876,S
701877,S
701878,S
701879,S
701880,S
701881,S
701882,S
701883,S
701884,S
701885,S
701886,S
701887,S
701888,S
701889,S
701890,S
701891,L
701892,S
701893,S
701894,S
701895,S
701896,S
701897,S
701898,S
701899,S
701900,S
701901,S
701902,S
701903,S
701904,S
701906,S
701907,S
701908,S
701909,S
701910,S
701911,S
701912,S
701913,S
701914,S
701915,S
701916,S
701917,S
701918,S
701919,S
701920,S
701921,S
701922,S
701924,S
701925,S
701926,S
701927,S
701928,S
701929,S
701930,S
701931,S
701932,S
701933,S
701934,S
701935,S
701936,S
701938,S
701940,S
701942,S
701943,S
701945,S
701946,S
701947,S
701948,S
701949,S
701950,S
701951,S
701952,S
701953,S
701954,S
701955,S
701956,S
701957,S
701958,S
701959,S
701960,S
701961,S
701962,S
701963,S
701964,S
701965,S
701966,S
701968,S
701969,S
701970,S
701971,S
701972,S
701973,S
701974,S
701975,S
701976,S
701977,S
701978,S
701979,S
701980,S
701981,S
701982,S
701983,S
701984,S
701985,S
701986,S
701987,S
701988,S
701989,S
701991,S
701992,S
701993,S
701994,S
701996,S
701998,S
701999,S
702000,S
702001,S
702002,S
702003,S
702004,S
702005,S
702006,S
702007,S
702008,S
702009,S
702010,S
702011,S
702012,S
702015,S
702016,S
702017,S
702018,S
702019,S
702020,S
702021,S
702022,S
702023,S
702024,S
702025,S
702026,S
702027,S
702028,S
702029,S
702030,S
702031,S
702032,S
702033,S
702034,S
702035,S
702036,S
702037,S
702038,S
702040,S
702041,S
702042,S
702043,S
702044,S
702045,S
702046,S
702047,S
702048,S
702049,S
702051,S
702052,S
702053,S
702054,S
702055,S
702056,S
702057,S
702058,S
702059,S
702060,S
702062,S
702063,S
702064,S
702065,S
702066,S
702067,S
702071,S
702072,S
702073,S
702074,S
702075,S
702076,S
702077,S
702078,S
702079,S
702080,S
702081,S
702082,S
702083,S
702084,S
702085,S
702086,S
702087,S
702088,S
702089,S
702090,S
702091,S
702092,S
702093,S
702094,S
702095,S
702096,S
702098,S
702099,S
702101,S
702102,S
702104,S
702105,S
702106,S
702107,S
702108,S
702109,S
702111,S
702112,L
702113,S
702114,S
702115,S
702116,S
702117,S
702118,S
702119,S
702120,S
702121,S
702122,S
702123,S
702124,S
702125,S
702126,S
702127,S
702128,S
702131,S
702132,S
702133,S
702134,S
702135,S
702136,S
702137,S
702138,S
702139,S
702140,S
702141,S
702142,S
702143,S
702145,S
702146,S
702148,S
702150,L
702151,S
702152,S
702153,S
702154,S
702156,S
702157,S
702158,S
702159,S
702160,S
702161,S
702162,S
702164,S
702166,S
702167,S
702168,S
702169,S
702170,S
702171,S
702172,S
702173,S
702174,S
702175,S
702176,S
702177,S
702178,S
702180,S
702181,S
702182,S
702183,S
702184,S
702185,S
702186,S
702187,S
702188,S
702189,S
702190,S
702191,S
702192,S
702193,S
702194,S
702195,S
702196,S
702197,S
702198,S
702199,S
702200,S
702202,L
702203,S
702204,S
702205,S
702206,S
702207,S
702208,S
702209,S
702210,S
702212,S
702213,S
702214,S
702215,S
702216,S
702217,S
702218,S
702219,S
702220,S
702221,S
702222,S
702224,S
702225,S
702227,L
702228,S
702229,S
702230,S
702231,S
702232,L
702233,L
702234,S
702235,L
702236,L
702237,S
702238,S
702240,S
702243,S
702244,L
702245,S
702246,S
702247,L
702249,S
702250,S
702251,L
702253,L
702254,S
702255,S
702256,S
702257,S
702258,S
702259,S
702260,L
702261,L
702262,S
702263,L
702264,S
702266,L
702267,S
702268,S
702269,L
702270,L
702273,L
702274,L
702275,S
702276,S
702277,S
702278,S
702279,S
702281,S
702282,L
702283,S
702284,S
702285,S
702286,S
702287,S
702288,S
702290,S
702291,S
702292,S
702293,S
702294,S
702295,S
702296,L
702298,S
702299,S
702301,S
702305,S
702306,S
702308,S
702309,S
702311,S
702312,L
702313,S
702314,S
702315,S
702316,S
702317,S
702318,S
702319,S
702320,S
702321,S
702323,S
702324,S
702326,S
702327,S
702328,S
702329,S
702330,S
702331,S
702332,S
702333,S
702334,S
702335,S
702336,S
702337,S
702338,S
702339,S
702340,S
702341,S
702342,S
702343,S
702344,S
702345,S
702347,S
702348,S
702349,S
702350,S
702351,S
702352,S
702353,S
702354,S
702357,S
702358,S
702359,S
702360,S
702362,S
702363,S
702364,S
702365,S
702366,S
702367,S
702368,S
702369,S
702370,S
702371,S
702372,S
702373,S
702374,S
702375,L
702376,S
702377,S
702378,S
702379,S
702380,L
702381,S
702382,S
702383,S
702384,S
702385,S
702387,S
702389,S
702390,S
702391,S
702392,S
702393,S
702394,S
702395,S
702396,S
702397,S
702398,S
702399,S
702401,S
702402,S
702403,S
702404,S
702405,L
702406,S
702407,S
702408,S
702409,S
702410,S
702411,L
702412,S
702413,S
702414,S
702415,S
702416,S
702417,S
702418,S
702419,S
702420,S
702421,S
702422,S
702423,L
702424,S
702425,S
702426,S
702427,S
702428,S
702429,S
702430,S
702431,S
702432,S
702433,S
702434,S
702435,L
702436,S
702437,S
702438,S
702439,S
702440,S
702441,L
702442,S
702443,S
702444,S
702445,S
702446,S
702447,S
702448,S
702449,S
702450,S
702451,S
702452,S
702453,S
702455,S
702456,L
702457,S
702458,S
702459,L
702460,S
702461,S
702462,S
702463,S
702464,S
702465,S
702466,S
702467,S
702471,S
702472,S
702473,S
702474,S
702475,S
702477,S
702478,S
702479,S
702481,S
702483,S
702488,S
702489,S
702490,S
702491,S
702492,S
702493,S
702494,S
702495,S
702496,S
702497,S
702498,S
702499,S
702500,S
702501,S
702502,S
702503,S
702504,S
702505,S
702506,S
702507,S
702508,S
702509,S
702510,S
702511,S
702514,S
702517,S
702518,S
702519,S
702520,S
702521,S
702522,S
702523,S
702524,S
702525,S
702527,S
702528,S
702529,S
702530,S
702531,S
702532,S
702533,S
702534,S
702535,S
702536,S
702537,S
702538,S
702539,S
702540,S
702541,S
702542,S
702543,S
702544,S
702545,S
702546,S
702547,S
702548,S
702549,S
702550,S
702551,S
702552,L
702553,S
702554,S
702555,S
702556,S
702557,S
702558,S
702559,S
702560,S
702561,S
702562,S
702563,S
702564,S
702565,S
702566,S
702567,S
702569,S
702570,S
702571,S
702572,S
702573,S
702574,S
702575,S
702576,S
702577,S
702578,S
702579,S
702580,S
702581,S
702582,S
702583,S
702584,S
702585,S
702586,S
702587,S
702589,S
702590,S
702591,S
702592,S
702593,S
702594,S
702595,S
702596,S
702597,S
702598,S
702599,S
702600,S
702601,S
702602,S
702603,S
702604,S
702605,S
702606,S
702607,L
702608,S
702609,S
702610,S
702611,S
702612,S
702613,S
702614,S
702615,S
702616,S
702617,S
702618,S
702619,S
702620,S
702621,S
702622,S
702623,S
702624,S
702625,S
702626,S
702627,S
702628,S
702629,S
702630,S
702631,S
702632,S
702633,S
702634,S
702635,S
702636,S
702637,L
702638,S
702639,S
702640,S
702641,S
702642,S
702643,S
702644,S
702645,S
702646,S
702647,S
702648,S
702650,S
702651,S
702652,S
702653,L
702654,S
702655,S
702656,S
702657,S
702658,S
702662,S
702664,S
702665,S
702668,S
702670,S
702673,S
702674,S
702677,S
702678,S
702681,S
702682,S
702684,S
702685,S
702686,S
702687,S
702688,S
702689,S
702690,S
702691,S
702692,S
702693,S
702694,S
702695,S
702696,S
702697,S
702698,S
702699,S
702700,S
702703,S
702704,S
702705,S
702706,S
702711,S
702712,S
702719,S
702722,S
702725,S
702726,S
702728,S
702729,S
702730,S
702731,S
702733,S
702734,S
702735,S
702736,S
702737,S
702738,S
702739,S
702740,S
702741,S
702742,S
702743,S
702744,S
702745,S
702746,S
702747,S
702748,S
702749,S
702750,S
702765,S
702766,S
702767,S
702769,S
702770,S
702771,S
702772,S
702773,S
702778,S
702779,S
702782,S
702783,S
702784,S
702785,S
702786,S
702787,S
702788,L
702789,S
702790,S
702791,S
702792,S
702793,S
702794,S
702795,S
702796,S
702797,S
702798,S
702800,S
702801,S
702802,S
702803,S
702804,S
702805,S
702806,S
702807,S
702808,S
702809,S
702810,S
702811,S
702812,S
702813,S
702814,S
702815,S
702816,S
702818,S
702819,S
702820,S
702821,S
702822,L
702823,S
702825,S
702826,S
702827,S
702828,S
702829,S
702830,S
702831,S
702832,S
702833,S
702834,S
702837,S
702845,S
702870,S
702872,S
702875,S
702900,S
702901,S
702902,S
702903,S
702904,S
702905,S
702906,S
702907,S
702908,S
702909,S
702910,S
702911,S
702912,S
702913,S
702914,S
702915,S
702916,S
702917,S
702918,S
702919,S
702920,S
702921,S
702922,S
702923,S
702924,S
702925,S
702926,L
702927,S
702928,S
702929,S
702930,S
702931,S
702932,S
702933,S
702934,S
702935,S
702936,S
702937,S
702938,S
702939,S
702940,S
702941,S
702942,S
702943,S
702945,S
702946,S
702947,S
702948,S
702949,S
702950,S
702951,S
702952,S
702953,S
702954,S
702955,S
702956,S
702957,S
702958,S
702959,S
702960,S
702961,S
702962,S
702963,S
702964,S
702965,S
702966,S
702968,S
702969,S
702970,S
702971,S
702972,S
702973,S
702974,S
702976,S
702978,S
702979,S
702980,S
702981,S
702982,S
702983,S
702984,S
702985,S
702986,S
702987,S
702988,S
702989,S
702990,S
702991,S
702992,S
702993,S
702994,S
702995,S
702997,S
702999,S
703000,S
703003,S
703004,S
703005,S
703006,S
703007,S
703008,S
703009,S
703010,S
703011,S
703012,S
703013,S
703014,S
703016,S
703017,S
703018,S
703019,S
703020,S
703021,S
703022,S
703023,S
703024,S
703025,S
703026,S
703027,S
703028,S
703029,S
703030,S
703031,S
703032,S
703033,S
703034,S
703035,S
703036,S
703037,S
703038,S
703039,S
703040,S
703041,S
703042,S
703043,S
703044,S
703045,S
703047,S
703048,S
703049,S
703050,S
703051,S
703052,S
703054,S
703055,S
703056,S
703057,S
703058,S
703059,S
703060,S
703061,S
703062,S
703063,S
703064,S
703065,S
703066,S
703068,S
703069,S
703070,S
703072,S
703074,S
703075,S
703076,S
703077,S
703078,S
703079,S
703080,S
703081,S
703082,S
703088,S
703089,S
703090,S
703092,S
703093,S
703096,S
703097,S
703100,S
703103,S
703106,S
703107,S
703108,S
703110,S
703111,S
703113,S
703114,S
703115,S
703116,S
703117,S
703119,S
703120,S
703121,S
703122,S
703123,S
703124,S
703125,S
703126,S
703127,S
703128,S
703129,S
703130,S
703131,L
703132,S
703133,S
703134,S
703135,S
703136,S
703137,S
703138,S
703139,S
703140,S
703142,S
703143,S
703144,S
703145,S
703146,S
703147,S
703148,S
703149,S
703150,S
703151,S
703152,S
703153,S
703154,S
703156,S
703157,S
703158,S
703159,S
703160,S
703161,S
703162,S
703163,S
703164,S
703165,S
703166,S
703167,S
703168,S
703169,S
703170,S
703171,S
703172,S
703173,S
703174,S
703175,S
703176,S
703177,S
703178,S
703179,S
703180,S
703181,S
703182,S
703183,S
703184,S
703185,S
703186,S
703187,S
703188,S
703189,S
703190,S
703193,S
703194,S
703195,S
703196,S
703197,S
703199,S
703200,S
703201,S
703202,S
703203,S
703204,S
703205,S
703206,S
703207,L
703208,L
703209,S
703210,S
703211,S
703212,S
703213,S
703214,S
703215,S
703216,S
703217,S
703218,S
703219,S
703220,S
703221,S
703222,S
703223,S
703224,S
703225,S
703226,S
703227,S
703228,S
703229,S
703230,S
703231,S
703232,S
703233,S
703234,S
703235,S
703236,S
703237,S
703238,S
703239,S
703240,S
703241,S
703242,S
703243,S
703244,S
703245,S
703246,S
703247,S
703249,S
703250,S
703251,S
703252,S
703253,S
703254,L
703255,S
703256,S
703257,S
703258,S
703259,S
703260,S
703261,S
703262,S
703263,L
703264,S
703265,S
703266,S
703267,S
703268,S
703269,S
703270,S
703271,S
703272,S
703273,S
703274,S
703275,S
703276,S
703277,S
703278,S
703279,S
703280,S
703281,L
703282,S
703283,S
703285,S
703286,S
703287,S
703288,S
703289,S
703290,S
703291,S
703292,S
703293,S
703294,S
703295,S
703296,S
703297,S
703298,S
703299,S
703305,S
703313,S
703317,S
703321,S
703352,S
703355,S
703365,S
703372,S
703380,S
703388,S
703392,S
703396,S
703397,S
703398,S
703399,S
703400,S
703402,S
703403,S
703404,S
703405,S
703406,L
703407,S
703408,S
703409,S
703410,S
703411,S
703412,S
703413,S
703414,S
703415,S
703416,S
703417,S
703418,S
703419,S
703420,S
703421,S
703423,S
703424,S
703425,S
703427,S
703428,S
703429,S
703430,S
703431,S
703434,S
703435,S
703436,S
703437,S
703438,S
703439,S
703440,S
703441,S
703442,S
703443,S
703445,S
703449,S
703450,S
703451,S
703452,S
703454,S
703455,S
703456,L
703457,S
703458,S
703459,S
703461,S
703462,S
703463,S
703464,S
703466,S
703467,S
703468,S
703470,S
703471,S
703472,S
703473,S
703475,S
703476,S
703477,S
703478,S
703479,S
703480,S
703481,S
703482,S
703483,S
703484,S
703485,S
703487,S
703488,S
703489,S
703490,S
703492,L
703497,S
703498,S
703499,S
703500,L
703501,S
703504,S
703506,S
703507,S
703508,S
703509,S
703510,S
703511,S
703512,S
703513,S
703514,S
703516,S
703518,S
703519,S
703520,S
703522,S
703525,S
703526,S
703527,S
703528,S
703532,S
703533,S
703534,S
703536,S
703537,S
703538,S
703539,S
703540,S
703542,S
703546,S
703549,S
703551,S
703552,S
703553,S
703555,S
703556,S
703557,S
703558,S
703559,S
703562,S
703563,S
703565,S
703566,S
703569,S
703571,S
703572,S
703573,S
703574,S
703580,L
703585,S
703586,S
703587,S
703588,S
703589,S
703599,S
703605,S
703609,S
703610,S
703612,S
703647,S
703653,S
703658,S
703659,S
703665,S
703669,S
703674,S
703691,S
703695,S
703696,S
703697,S
703701,S
703702,S
703704,S
703705,S
703706,S
703707,S
703709,S
703711,S
703713,S
703720,S
703721,L
703774,S
703783,S
703792,S
703807,S
703811,S
703816,S
703822,S
703825,S
703826,S
703827,S
703833,S
703835,S
703840,S
703845,S
703846,S
703848,S
703850,S
703860,S
703886,S
703906,S
703917,S
703921,S
703923,S
703932,S
703934,S
703936,S
703937,S
703939,S
703945,S
703946,L
703948,S
703949,S
703966,S
703971,S
703972,S
703973,S
703976,S
703979,S
703980,S
703981,S
703982,S
703983,S
703984,S
703985,S
703990,S
703991,S
703992,S
703993,S
703994,S
703995,S
703996,S
704300,S
704301,S
704304,S
704305,S
704306,S
704307,S
704308,S
704309,S
704312,S
704313,S
704314,S
704315,S
704316,S
704319,S
704324,S
704325,S
704327,S
704328,S
704329,S
704330,S
704332,S
704335,S
704338,S
704340,S
704342,S
704344,S
704345,S
704346,S
704348,S
704349,S
704351,S
704352,S
704359,S
704360,S
704361,S
704362,S
704367,S
704368,S
704372,S
704374,S
704375,S
704376,S
704377,S
704378,S
704379,S
704381,S
704382,S
704384,S
704385,S
704389,S
704390,S
704392,S
704393,S
704396,S
704398,S
704399,S
705000,S
705002,S
705003,S
705004,S
705005,S
705006,S
705007,S
705008,S
705009,S
705010,S
705011,S
705012,S
705013,S
705014,S
705015,S
705017,S
705019,S
705020,S
705021,S
705023,S
705025,S
705026,S
705027,S
705028,S
705029,S
705030,S
705031,S
705032,S
705034,S
705035,S
705036,S
705037,S
705038,S
705039,S
705040,S
705043,S
705045,S
705046,S
705047,S
705048,S
705049,S
705051,S
705052,S
705054,S
705058,S
705059,S
705060,S
705061,S
705062,S
705063,S
705064,S
705066,S
705067,S
705068,S
705069,S
705070,S
705071,S
705072,S
705074,S
705075,S
705076,S
705077,S
705078,S
705079,S
705080,S
705081,S
705083,S
705086,S
705087,S
705088,S
705089,S
705090,S
705092,S
705093,S
705094,S
705097,S
705098,S
705099,S
705101,S
705102,S
705104,S
705105,S
705106,S
705107,S
705110,S
705111,S
705112,S
705114,S
705118,S
705119,S
705120,S
705121,S
705122,S
705123,S
705125,S
705126,S
705127,S
705129,S
705130,S
705133,S
705134,S
705136,S
705137,S
705138,S
705139,S
705141,S
705142,S
705143,S
705145,S
705146,S
705147,S
705148,S
705149,S
705150,S
705151,S
705153,S
705154,S
705156,S
705157,S
705158,S
705159,S
705161,S
705162,S
705163,S
705165,S
705167,S
705169,S
705170,S
705171,S
705172,S
705175,S
705176,S
705177,S
705178,S
705180,S
705181,S
705182,S
705183,S
705184,S
705185,S
705186,S
705187,S
705188,S
705190,S
705191,L
705192,S
705194,S
705197,S
705198,S
705199,S
705202,S
705203,S
705204,S
705206,S
705207,S
705208,S
705209,S
705212,L
705216,S
705217,S
705218,S
705219,S
705220,S
705222,S
705223,S
705224,S
705225,S
705226,S
705227,S
705228,S
705230,S
705231,S
705233,S
705234,S
705235,S
705236,S
705237,S
705238,S
705239,L
705240,S
705241,S
705242,L
705243,L
705245,S
705247,S
705248,L
705249,S
705250,S
705251,S
705252,S
705253,S
705254,S
705255,S
705256,S
705257,S
705258,S
705259,S
705260,S
705261,L
705262,S
705263,L
705264,L
705265,S
705266,S
705268,L
705269,L
705270,S
705271,S
705272,L
705273,S
705274,S
705275,S
705276,S
705277,L
705278,S
705279,S
705280,S
705282,S
705283,L
705284,L
705285,S
705286,S
705287,S
705288,S
705289,S
705290,S
705292,S
705293,S
705294,S
705295,S
705296,S
705297,L
705298,S
705299,S
705300,S
705304,S
705306,S
705307,S
705308,S
705309,S
705310,S
705311,S
705312,S
705313,S
705314,S
705315,S
705316,S
705317,S
705318,S
705319,S
705320,S
705321,S
705322,S
705323,S
705324,S
705325,L
705326,S
705327,L
705328,S
705329,S
705330,S
705331,S
705332,S
705333,S
705334,S
705335,S
705336,L
705337,S
705338,L
705339,S
705340,S
705341,S
705342,L
705344,S
705346,S
705347,S
705348,S
705349,S
705350,S
705351,S
705352,S
705353,S
705354,S
705355,S
705356,S
705357,S
705358,S
705359,S
705360,S
705361,S
705362,S
705363,S
705364,S
705365,S
705366,S
705367,S
705368,S
705369,S
705370,S
705371,S
705372,S
705373,S
705374,S
705375,S
705376,S
705377,S
705378,S
705379,S
705380,S
705381,S
705382,S
705383,S
705384,S
705386,S
705388,L
705389,S
705390,S
705391,S
705392,S
705393,S
705394,S
705395,S
705396,S
705397,S
705398,S
705399,S
705400,L
705401,S
705402,S
705403,S
705404,S
705405,S
705406,S
705407,S
705408,S
705410,S
705411,S
705412,S
705413,S
705414,S
705415,S
705416,S
705417,S
705418,S
705419,S
705420,S
705421,S
705422,L
705423,S
705424,S
705425,S
705426,S
705427,S
705428,S
705429,S
705431,S
705432,S
705433,S
705434,S
705435,S
705436,S
705437,S
705438,S
705439,S
705440,S
705442,S
705443,S
705444,S
705445,S
705446,S
705448,S
705449,S
705450,S
705451,S
705452,S
705453,S
705454,S
705455,S
705456,S
705457,S
705459,S
705460,S
705461,S
705462,S
705463,S
705464,S
705465,S
705466,S
705467,S
705468,S
705469,S
705470,S
705471,S
705472,S
705473,S
705474,S
705475,L
705476,S
705477,S
705478,S
705479,S
705480,S
705481,S
705482,S
705483,S
705484,S
705485,S
705487,S
705488,S
705489,S
705490,S
705491,S
705492,S
705493,S
705494,S
705495,L
705497,S
705499,S
705511,S
705559,S
705573,S
705604,S
705606,S
705607,S
705608,S
705611,S
705612,S
705616,S
705630,S
705638,S
705641,S
705645,S
705648,S
705650,S
705653,S
705654,S
705655,S
705657,S
705661,S
705662,S
705663,S
705664,S
705667,S
705668,S
705670,S
705671,S
705672,S
705674,S
705675,S
705680,S
705681,S
705682,S
705684,S
705685,S
705696,S
705697,S
705699,S
705730,S
705731,S
705732,S
705735,S
705736,S
705737,S
705741,S
705742,S
705748,S
705750,S
705768,S
705779,S
705781,S
705788,S
705797,S
705799,S
705837,S
705851,S
705854,S
705856,S
705864,S
705865,S
705869,S
705871,S
705876,S
705878,S
705881,S
705888,S
705890,S
705891,S
705897,S
705907,S
705919,S
705922,S
705931,S
705938,S
705942,S
705944,S
705949,S
705950,S
705953,S
705954,S
705963,S
705967,S
705981,S
707000,S
707001,S
707002,S
707003,S
707005,S
707006,S
707008,S
707009,S
707010,S
707011,S
707012,S
707013,S
707014,S
707016,S
707017,S
707018,S
707019,S
707020,S
707021,S
707022,S
707023,S
707024,S
707025,S
707026,S
707027,S
707028,S
707030,S
707031,S
707032,S
707033,S
707035,S
707036,S
707037,S
707038,S
707039,S
707041,S
707042,S
707044,S
707045,S
707046,S
707047,S
707048,S
707049,S
707050,S
707051,S
707052,S
707053,S
707054,S
707056,S
707057,S
707058,S
707059,S
707060,S
707062,S
707063,S
707064,S
707065,S
707066,S
707067,S
707068,S
707069,S
707070,S
707071,S
707072,S
707073,S
707074,S
707075,S
707076,S
707078,S
707079,S
707080,S
707081,S
707082,S
707083,S
707084,S
707085,S
707086,S
707087,S
707088,S
707089,S
707090,S
707091,S
707092,S
707093,S
707094,S
707095,S
707096,S
707097,S
707098,S
707099,S
707101,S
707102,S
707103,S
707104,S
707105,S
707106,S
707107,S
707108,S
707109,S
707110,S
707111,S
707112,S
707113,S
707114,S
707115,S
707116,S
707117,S
707118,S
707119,S
707120,S
707121,S
707122,S
707124,S
707125,S
707126,S
707127,S
707128,S
707129,S
707130,S
707131,S
707132,S
707134,S
707135,S
707136,S
707137,S
707138,S
707139,S
707140,S
707142,S
707143,S
707147,S
707148,S
707149,S
707150,S
707151,S
707152,S
707153,S
707154,S
707155,S
707156,S
707157,S
707158,S
707159,S
707161,S
707163,S
707164,S
707165,S
707166,S
707167,S
707168,S
707169,S
707170,S
707171,S
707172,S
707173,S
707174,S
707175,S
707177,S
707178,S
707179,S
707180,S
707181,S
707182,S
707183,S
707184,S
707185,S
707186,S
707187,S
707188,S
707189,S
707190,S
707191,S
707192,S
707193,S
707194,S
707195,S
707196,S
707197,S
707198,S
707199,S
707200,S
707201,S
707202,S
707203,S
707204,S
707205,S
707206,S
707207,S
707208,S
707209,S
707210,S
707211,S
707212,S
707213,S
707214,S
707215,S
707216,S
707217,S
707218,S
707219,S
707220,S
707221,S
707222,S
707223,S
707224,S
707225,S
707226,S
707227,S
707229,S
707230,S
707232,S
707233,S
707234,S
707236,S
707237,S
707238,S
707239,S
707240,S
707241,S
707242,S
707243,S
707244,S
707245,S
707246,S
707248,S
707249,S
707250,S
707251,S
707252,S
707253,S
707254,S
707255,S
707256,S
707258,S
707259,S
707260,S
707261,S
707262,S
707263,S
707264,S
707265,S
707266,S
707267,S
707268,S
707269,S
707270,S
707271,S
707272,S
707273,S
707274,S
707275,S
707276,S
707277,S
707278,S
707279,S
707280,S
707281,S
707282,S
707283,S
707284,S
707285,S
707286,S
707287,S
707288,S
707289,S
707290,S
707291,S
707292,S
707293,S
707294,S
707295,S
707296,S
707297,S
707298,S
707299,S
707300,S
707301,S
707302,S
707303,S
707304,S
707305,S
707306,S
707307,L
707308,S
707310,S
707311,S
707312,S
707313,S
707315,S
707316,S
707317,S
707318,S
707319,S
707320,S
707321,S
707322,S
707323,S
707324,S
707325,S
707326,S
707327,S
707328,S
707329,S
707330,S
707332,S
707333,S
707335,S
707341,S
707342,S
707343,S
707344,S
707345,S
707346,S
707347,S
707348,S
707350,S
707351,S
707352,S
707354,S
707355,S
707356,S
707357,S
707360,S
707361,S
707362,S
707363,S
707365,S
707366,S
707367,S
707368,S
707369,S
707370,S
707371,S
707372,S
707373,S
707374,S
707375,S
707376,S
707377,L
707378,L
707379,S
707380,S
707381,S
707382,S
707383,S
707384,S
707385,L
707386,L
707387,S
707388,S
707389,S
707390,S
707391,S
707392,S
707393,S
707394,S
707395,S
707396,S
707397,S
707398,S
707399,S
707400,S
707401,S
707402,S
707403,S
707404,S
707405,S
707406,S
707407,S
707408,S
707409,S
707410,S
707411,S
707412,S
707413,S
707414,S
707415,S
707416,S
707417,S
707418,S
707419,S
707420,S
707421,S
707422,S
707423,S
707424,S
707425,S
707426,S
707427,S
707428,L
707429,S
707430,S
707431,S
707432,S
707433,S
707434,S
707435,S
707436,S
707437,S
707438,S
707439,S
707440,S
707441,S
707442,S
707443,S
707445,S
707446,S
707447,S
707448,S
707449,S
707450,S
707451,S
707453,S
707454,S
707455,L
707456,L
707457,S
707458,S
707459,S
707460,S
707461,S
707462,S
707463,S
707465,S
707466,S
707467,S
707468,S
707469,S
707470,S
707472,S
707473,S
707474,S
707475,S
707476,S
707477,S
707483,S
707484,S
707485,S
707486,S
707488,L
707489,S
707490,S
707491,S
707492,S
707493,S
707494,S
707495,S
707496,S
707497,S
707498,S
707499,S
707501,S
707502,S
707504,S
707505,S
707506,S
707507,S
707508,S
707509,S
707510,S
707511,S
707512,S
707513,S
707514,S
707515,S
707516,S
707517,S
707518,S
707519,S
707520,S
707521,S
707522,S
707523,S
707524,S
707525,S
707526,S
707527,S
707528,S
707529,S
707530,S
707531,S
707532,S
707533,S
707534,S
707535,S
707536,S
707537,S
707538,S
707539,S
707540,S
707542,S
707543,S
707544,S
707546,S
707547,S
707548,S
707549,S
707551,S
707552,S
707553,S
707554,L
707555,S
707556,S
707557,S
707558,S
707559,S
707560,S
707561,S
707562,S
707563,S
707564,S
707565,S
707566,S
707567,S
707568,S
707569,L
707570,S
707571,S
707572,S
707573,S
707574,S
707575,S
707576,S
707577,S
707578,S
707579,S
707580,S
707581,S
707582,S
707583,S
707584,S
707585,S
707586,S
707587,S
707588,L
707589,S
707590,S
707591,S
707592,S
707593,S
707594,L
707595,S
707597,S
707598,S
707599,S
707607,S
707608,S
707609,S
707661,S
707662,S
707675,S
707680,S
707681,S
707689,S
707697,L
707700,S
707701,S
707702,S
707703,S
707704,S
707706,S
707707,S
707708,S
707709,S
707710,S
707712,S
707713,S
707714,S
707715,S
707716,S
707717,S
707718,S
707719,S
707720,S
707721,S
707722,S
707723,S
707724,S
707725,S
707726,S
707727,S
707728,S
707729,S
707730,S
707731,S
707732,S
707733,S
707734,S
707735,S
707736,S
707737,S
707738,S
707739,S
707740,S
707742,S
707745,S
707750,S
707751,S
707753,S
707754,S
707763,S
707764,S
707767,S
707803,L
707811,S
707900,S
707901,S
707904,S
707912,S
707927,S
707954,S
707970,S
707974,S
707983,S
707989,S
707990,S
708000,S
708001,S
708002,S
708003,S
708004,S
708005,S
708006,S
708007,S
708008,S
708010,S
708011,S
708012,S
708014,S
708015,S
708016,S
708017,S
708018,S
708020,S
708021,S
708024,S
708026,S
708028,S
708029,S
708030,S
708032,S
708035,S
708036,S
708038,S
708039,S
708041,S
708042,S
708043,S
708044,S
708045,S
708047,S
708048,L
708049,S
708051,S
708052,S
708053,S
708054,S
708055,S
708056,S
708057,S
708058,S
708059,S
708061,S
708063,S
708064,S
708066,S
708067,S
708069,S
708070,S
708071,S
708073,S
708074,S
708075,S
708076,S
708077,S
708079,S
708080,S
708081,S
708082,S
708084,S
708085,S
708086,S
708087,S
708088,S
708089,S
708090,S
708091,S
708092,S
708093,S
708094,S
708095,S
708096,S
708097,S
708098,S
708099,S
708101,S
708102,S
708103,S
708106,S
708109,S
708111,S
708112,S
708113,S
708114,S
708115,S
708117,S
708118,S
708119,S
708120,S
708121,S
708122,S
708126,S
708131,S
708132,S
708135,S
708136,S
708137,S
708138,S
708139,S
708140,S
708141,S
708143,S
708146,S
708147,S
708148,S
708149,S
708150,S
708152,S
708153,S
708154,S
708155,S
708156,S
708157,S
708158,S
708159,S
708160,S
708161,S
708163,S
708164,S
708165,S
708166,S
708168,S
708169,S
708170,S
708171,S
708172,S
708173,L
708174,S
708175,S
708176,S
708177,S
708179,S
708180,S
708181,S
708182,S
708183,S
708184,S
708187,S
708188,S
708189,S
708190,S
708191,S
708192,S
708193,S
708194,S
708195,S
708196,S
708197,S
708198,S
708199,S
708200,L
708202,S
708204,S
708205,S
708207,S
708210,S
708218,S
708223,L
708224,S
708225,S
708226,L
708227,S
708228,S
708229,S
708230,S
708231,S
708232,S
708234,S
708235,S
708236,S
708238,S
708239,S
708240,S
708241,L
708242,S
708243,S
708244,S
708245,S
708246,S
708247,S
708248,S
708249,S
708250,L
708251,S
708252,S
708253,S
708255,S
708256,S
708257,S
708258,S
708259,L
708260,S
708261,S
708262,S
708263,S
708264,S
708265,S
708266,S
708267,L
708268,S
708269,S
708270,S
708271,S
708272,S
708273,S
708274,S
708275,S
708276,S
708277,S
708278,S
708279,S
708280,S
708281,S
708284,S
708285,S
708286,S
708287,S
708288,S
708289,S
708290,S
708291,S
708292,S
708293,S
708294,S
708295,S
708296,S
708297,S
708298,S
708299,S
708416,S
708420,S
708444,S
708453,S
708455,S
708457,S
708458,S
708460,S
708461,S
708470,S
708471,S
708472,S
708473,S
708474,S
708475,S
708476,S
708477,S
708480,S
708481,S
708482,S
708499,S
708500,S
708504,L
708505,S
708506,L
708507,S
708508,S
708509,S
708510,S
708511,S
708512,S
708514,S
708515,S
708516,S
708517,S
708518,S
708519,S
708520,S
708521,S
708522,S
708523,S
708525,S
708527,S
708528,S
708529,S
708530,S
708531,S
708532,S
708533,S
708534,S
708535,S
708536,S
708537,L
708538,L
708539,S
708540,S
708541,S
708543,S
708544,S
708545,S
708546,S
708547,S
708548,S
708549,L
708551,S
708552,S
708553,S
708554,S
708555,S
708556,S
708557,S
708558,S
708559,S
708560,S
708561,S
708562,S
708563,S
708564,S
708565,S
708566,S
708567,S
708568,S
708569,S
708570,L
708571,S
708573,L
708574,S
708575,S
708576,L
708577,S
708578,S
708579,S
708580,S
708581,S
708582,S
708583,S
708584,S
708585,S
708586,S
708587,S
708588,S
708589,S
708590,S
708591,S
708592,S
708593,S
708594,S
708595,S
708596,L
708597,S
708598,S
708599,S
708600,S
708602,S
708603,S
708605,S
708606,S
708607,S
708608,S
708609,S
708610,S
708611,S
708613,S
708615,S
708616,S
708617,S
708618,S
708619,S
708620,S
708621,S
708622,L
708623,S
708624,S
708625,S
708626,S
708627,S
708628,S
708629,S
708630,S
708631,S
708632,S
708633,S
708634,S
708635,S
708636,S
708637,S
708638,S
708639,S
708640,S
708641,S
708642,S
708643,S
708644,S
708645,S
708646,S
708648,S
708649,S
708650,S
708651,S
708652,S
708653,S
708654,S
708655,S
708656,S
708657,S
708658,S
708659,S
708660,S
708661,S
708662,S
708663,L
708664,S
708665,S
708666,S
708667,S
708668,S
708669,S
708670,S
708671,S
708672,S
708673,S
708674,S
708675,S
708676,S
708677,L
708678,S
708679,S
708680,S
708682,S
708683,S
708684,S
708685,S
708686,S
708687,S
708688,S
708689,S
708691,S
708692,S
708693,S
708694,S
708695,S
708696,S
708697,S
708698,S
708699,S
708900,S
708929,S
708949,S
708950,S
708951,S
708952,S
708954,S
708955,S
708956,S
708957,S
708959,S
708960,S
708961,S
708962,S
708963,S
708964,S
708965,S
708966,S
708967,S
708968,S
708969,S
708970,S
708971,S
708972,S
708973,S
708974,S
708975,S
708976,S
708978,L
708979,S
708987,S
721043,S
721052,S
721064,S
721086,S
721107,S
721115,S
721201,S
721203,S
721204,S
721259,S
721270,S
721292,S
721330,S
721333,S
721352,S
721370,S
721386,S
721398,L
721507,S
721540,S
721547,S
721736,S
721814,S
721839,S
721905,S
721937,S
722013,S
722039,S
722061,S
722068,S
722097,S
722100,S
722110,S
722129,S
722130,S
722155,S
722179,S
722302,S
722304,S
722307,S
722310,S
722487,S
722588,S
722701,S
722707,S
722710,S
722718,S
722720,S
722724,S
723002,S
723046,S
723083,S
723084,S
723091,S
723098,S
723118,S
723155,S
723192,S
723198,S
723248,S
723486,S
723535,S
723844,S
723876,S
723882,S
723916,S
723924,S
723935,S
723941,S
723947,S
723956,S
723957,S
723958,S
723959,S
723978,S
723989,S
723997,S
724333,S
724369,S
725018,S
725042,S
725044,S
725056,S
725057,S
725085,S
725091,S
725095,S
725103,S
725140,S
725189,S
725193,S
725195,S
725211,S
725214,S
725215,S
725343,S
725345,S
725409,S
725458,S
725614,S
725624,S
725626,S
725660,S
725673,S
725679,S
725686,S
725804,S
725823,S
727007,S
727015,S
727043,S
727141,S
727176,S
727231,S
727235,S
727247,S
727314,S
727334,S
727336,S
727337,S
727338,S
727358,S
727452,S
727611,S
727613,S
727614,S
727615,S
727616,S
727618,L
727619,S
727620,S
727621,S
727625,S
727626,S
727633,S
727636,S
727637,S
727692,S
727705,S
727711,S
727825,S
728013,S
728027,S
728031,S
728037,S
728072,S
728078,S
728110,S
728116,S
728124,S
728167,S
728208,S
728213,S
728214,S
728215,S
728222,S
728751,S
761453,C
761456,C
761491,C
761833,C
763493,C
763494,C
763495,C
763496,C
763575,C
763576,C
763577,C
763579,C
763581,C
763582,C
763583,C
763584,C
763590,C
763591,C
763592,C
763593,C
763594,C
763595,C
763596,C
763597,C
763598,C
767667,C
767668,C
767669,C
767670,C
767673,C
767686,C
767687,C
767690,C
767691,C
768129,C
768211,C
768212,C
768219,C
768220,C
768221,C
768233,C
768333,C
768387,C
768502,C
768503,C
768524,C
768612,C
768614,C
768681,C
768702,C
768704,C
768705,C
768706,C
768707,C
768708,C
768709,C
768712,C
768713,C
768714,C
768715,C
768717,C
768720,C
768721,C
768723,C
768724,C
768725,C
768726,C
768727,C
768728,C
768729,C
768732,C
768734,C
768735,C
768736,C
768738,C
768740,C
768742,C
768743,C
768744,C
768745,C
768746,C
768747,C
768748,C
768749,C
768750,C
768753,C
768754,C
768755,C
768756,C
768759,C
768761,C
768762,C
768763,C
768764,C
768765,C
768766,C
768767,C
768768,C
768769,C
768770,C
768771,C
768772,C
768773,C
768774,C
768775,C
768776,C
768777,C
768778,C
768779,C
768780,C
768781,C
768782,C
768784,C
768785,C
768786,C
768790,C
768791,C
768792,C
768793,C
768794,C
768795,C
768796,C
768797,C
768804,C
768806,C
768807,C
768808,C
768809,C
768810,C
768811,C
768812,C
768813,C
768815,C
768816,C
768817,C
768818,C
768819,C
768820,C
768821,C
768822,C
768823,C
768824,C
768825,C
768826,C
768827,C
768828,C
768829,C
768830,C
768831,C
768832,C
768835,C
768836,C
768837,C
768838,C
768839,C
768840,C
768841,C
768843,C
768844,C
768845,C
768846,C
768849,C
768850,C
768851,C
768852,C
768853,C
768854,C
768855,C
768856,C
768857,C
768858,C
768859,C
768860,C
768861,C
768862,C
768863,C
768864,C
768865,C
768866,C
768867,C
768868,C
768869,C
768870,C
768871,C
768872,C
768873,C
768874,C
768875,C
768876,C
768877,C
768878,C
768879,C
768880,C
768881,C
768882,C
768883,C
768884,C
768886,C
768887,C
768888,C
768889,C
768890,C
768892,C
768893,C
768894,C
768896,C
768897,C
768901,C
768903,C
768904,C
768905,C
768906,C
768907,C
768908,C
768909,C
768910,C
768911,C
768913,C
768914,C
768916,C
768917,C
768918,C
768919,C
768920,C
768921,C
768922,C
768923,C
768924,C
768925,C
768926,C
768930,C
768931,C
768935,C
768936,C
768937,C
768938,C
768940,C
768941,C
768942,C
768943,C
768944,C
768945,C
768946,C
768947,C
768948,C
768953,C
768977,C
771493,C
771494,C
778703,C
778716,C
778718,C
778737,C
778739,C
778803,S
791286,S
791402,S
791403,S
791405,S
791409,S
791410,S
791411,S
791413,S
791415,S
791416,S
791417,S
791420,S
791421,S
791423,S
791425,S
791426,S
791431,S
791433,S
791434,S
791492,S
791495,S
791497,S
792223,S
792241,S
792242,S
792252,S
792271,S
792386,S
792715,S
792768,S
794302,S
794303,S
794311,S
794317,S
794318,S
794320,S
794323,S
794331,S
794336,S
794337,S
794343,S
794347,S
794350,S
794355,S
794356,S
794357,S
794358,S
794364,S
794365,S
794366,S
794371,S
794373,S
794380,S
794383,S
794386,S
794387,S
794394,S
794397,S
795232,S
795267,S
797040,S
797309,S
797353,S
797364,S
797464,S
797500,A
798456,S
799101,A
799102,A
799106,A
799108,A
799109,A
799111,A
799112,A
799113,A
799115,A
799116,A
799117,A
799118,A
799119,A
799121,A
799122,A
799123,A
799124,A
799125,A
799128,A
799129,A
799133,A
799135,A
799136,A
799138,A
799140,A
799145,A
799150,A
799151,A
799152,A
799154,A
799159,A
799160,A
799161,A
799162,A
799180,A
799201,A
799204,A
799205,A
799207,A
799208,A
799209,A
799212,A
799213,A
799214,A
799221,A
799225,A
799226,A
799228,A
799229,A
799230,A
799232,A
799234,A
799235,A
799237,A
799239,A
799240,A
799241,A
799245,A
799246,A
799248,A
799249,A
799251,A
799255,A
799256,A
799270,A
799274,A
799275,A
799277,A
799299,A
799301,A
799302,A
799303,A
799305,A
799306,A
799307,A
799308,A
799312,A
799314,A
799315,A
799316,A
799318,A
799320,A
799325,A
799328,A
799329,A
799330,A
799335,A
799338,A
799344,A
799345,A
799347,A
799349,A
799351,A
799353,A
799401,A
799403,A
799410,A
799701,A
799702,A
799703,A
799705,A
799706,A
799707,A
799708,A
799711,A
799713,A
799714,A
799717,A
799718,A
799720,A
799721,A
799722,A
799723,A
799725,A
799726,A
799729,A
799731,A
799734,A
799735,A
799738,A
799740,A
799741,A
799743,A
799744,A
799748,A
799749,A
799751,A
799752,A
799755,A
799801,A
799802,A
799805,A
799806,A
799807,A
799810,A
799811,A
799813,A
799815,A
799817,A
799818,A
799820,A
799821,A
799827,A
799828,A
799829,A
799831,A
799833,A
799835,A
799839,A
799840,A
799841,A
799844,A
799846,A
799847,A
799848,A
799850,A
