REM INSERTING into COSTCNTR.ROLE_DETAILS
SET DEFINE OFF;
Insert into COSTCNTR.ROLE_DETAILS (ROLE_CODE,ROLE_DESCRIPTION,ADMIN_FLAG,INSERT_FLAG,UPDATE_FLAG,SELECT_FLAG) values ('CCNA','CCN Administrator','Y','Y','Y','Y');
Insert into COSTCNTR.ROLE_DETAILS (ROLE_CODE,ROLE_DESCRIPTION,ADMIN_FLAG,INSERT_FLAG,UPDATE_FLAG,SELECT_FLAG) values ('CCNU','CCN User','Y','Y','Y','Y');
Insert into COSTCNTR.ROLE_DETAILS (ROLE_CODE,ROLE_DESCRIPTION,ADMIN_FLAG,INSERT_FLAG,UPDATE_FLAG,SELECT_FLAG) values ('CCND','CCN Developer','N','Y','Y','Y');
Insert into COSTCNTR.ROLE_DETAILS (ROLE_CODE,ROLE_DESCRIPTION,ADMIN_FLAG,INSERT_FLAG,UPDATE_FLAG,SELECT_FLAG) values ('CCNB','CCN Batch User','N','N','N','N');
Insert into COSTCNTR.ROLE_DETAILS (ROLE_CODE,ROLE_DESCRIPTION,ADMIN_FLAG,INSERT_FLAG,UPDATE_FLAG,SELECT_FLAG) values ('HWA','Hierarchy Window Administrator','Y','Y','Y','Y');
Insert into COSTCNTR.ROLE_DETAILS (ROLE_CODE,ROLE_DESCRIPTION,ADMIN_FLAG,INSERT_FLAG,UPDATE_FLAG,SELECT_FLAG) values ('HWU','Hierarchy Window User','N','N','N','Y');
Insert into COSTCNTR.ROLE_DETAILS (ROLE_CODE,ROLE_DESCRIPTION,ADMIN_FLAG,INSERT_FLAG,UPDATE_FLAG,SELECT_FLAG) values ('HWD','Hierarchy Window Developer','N','Y','Y','Y');
Insert into COSTCNTR.ROLE_DETAILS (ROLE_CODE,ROLE_DESCRIPTION,ADMIN_FLAG,INSERT_FLAG,UPDATE_FLAG,SELECT_FLAG) values ('HWB','Hierarchy Window Batch User','N','N','N','N');
Insert into COSTCNTR.ROLE_DETAILS (ROLE_CODE,ROLE_DESCRIPTION,ADMIN_FLAG,INSERT_FLAG,UPDATE_FLAG,SELECT_FLAG) values ('SDA','Share Draft Administrator','Y','Y','Y','Y');
Insert into COSTCNTR.ROLE_DETAILS (ROLE_CODE,ROLE_DESCRIPTION,ADMIN_FLAG,INSERT_FLAG,UPDATE_FLAG,SELECT_FLAG) values ('SDU','Share Draft User','N','N','N','Y');
Insert into COSTCNTR.ROLE_DETAILS (ROLE_CODE,ROLE_DESCRIPTION,ADMIN_FLAG,INSERT_FLAG,UPDATE_FLAG,SELECT_FLAG) values ('SDD','Share Draft Developer','N','Y','Y','Y');
Insert into COSTCNTR.ROLE_DETAILS (ROLE_CODE,ROLE_DESCRIPTION,ADMIN_FLAG,INSERT_FLAG,UPDATE_FLAG,SELECT_FLAG) values ('SDB','Share Draft Batch User','N','N','N','N');

REM INSERTING into COSTCNTR.SECURITY_MATRIX
SET DEFINE OFF;
Insert into COSTCNTR.SECURITY_MATRIX (USER_ID,PASSWORD,ROLE_CODE) values ('kdp465','kdppswrd','CCNU');
Insert into COSTCNTR.SECURITY_MATRIX (USER_ID,PASSWORD,ROLE_CODE) values ('kdp465','kdppswrd','HWA');
Insert into COSTCNTR.SECURITY_MATRIX (USER_ID,PASSWORD,ROLE_CODE) values ('kdp465','kdppswrd','SDA');
Insert into COSTCNTR.SECURITY_MATRIX (USER_ID,PASSWORD,ROLE_CODE) values ('jxc517','jxc517','CCND');
Insert into COSTCNTR.SECURITY_MATRIX (USER_ID,PASSWORD,ROLE_CODE) values ('jxc517','jxc517','HWD');
Insert into COSTCNTR.SECURITY_MATRIX (USER_ID,PASSWORD,ROLE_CODE) values ('jxc517','jxc517','SDD');
Insert into COSTCNTR.SECURITY_MATRIX (USER_ID,PASSWORD,ROLE_CODE) values ('sxh487','sxh487','CCND');
Insert into COSTCNTR.SECURITY_MATRIX (USER_ID,PASSWORD,ROLE_CODE) values ('sxh487','sxh487','HWD');
Insert into COSTCNTR.SECURITY_MATRIX (USER_ID,PASSWORD,ROLE_CODE) values ('sxh487','sxh487','SDD');
Insert into COSTCNTR.SECURITY_MATRIX (USER_ID,PASSWORD,ROLE_CODE) values ('nxk927','nxk927','CCND');
Insert into COSTCNTR.SECURITY_MATRIX (USER_ID,PASSWORD,ROLE_CODE) values ('nxk927','nxk927','HWD');
Insert into COSTCNTR.SECURITY_MATRIX (USER_ID,PASSWORD,ROLE_CODE) values ('nxk927','nxk927','SDD');
Insert into COSTCNTR.SECURITY_MATRIX (USER_ID,PASSWORD,ROLE_CODE) values ('batusr','readonly','CCNB');
Insert into COSTCNTR.SECURITY_MATRIX (USER_ID,PASSWORD,ROLE_CODE) values ('batusr','readonly','HWB');
Insert into COSTCNTR.SECURITY_MATRIX (USER_ID,PASSWORD,ROLE_CODE) values ('batusr','readonly','SDB');
Insert into COSTCNTR.SECURITY_MATRIX (USER_ID,PASSWORD,ROLE_CODE) values ('sxd392','what','CCNU');
Insert into COSTCNTR.SECURITY_MATRIX (USER_ID,PASSWORD,ROLE_CODE) values ('sxd392','what','HWU');
Insert into COSTCNTR.SECURITY_MATRIX (USER_ID,PASSWORD,ROLE_CODE) values ('sxd392','what','SDU');
Insert into COSTCNTR.SECURITY_MATRIX (USER_ID,PASSWORD,ROLE_CODE) values ('axc415','what','CCNU');
Insert into COSTCNTR.SECURITY_MATRIX (USER_ID,PASSWORD,ROLE_CODE) values ('axc415','what','HWU');
Insert into COSTCNTR.SECURITY_MATRIX (USER_ID,PASSWORD,ROLE_CODE) values ('axc415','what','SDU');
Insert into COSTCNTR.SECURITY_MATRIX (USER_ID,PASSWORD,ROLE_CODE) values ('pxp301','what','CCNU');
Insert into COSTCNTR.SECURITY_MATRIX (USER_ID,PASSWORD,ROLE_CODE) values ('pxp301','what','HWU');
Insert into COSTCNTR.SECURITY_MATRIX (USER_ID,PASSWORD,ROLE_CODE) values ('pxp301','what','SDU');
Insert into COSTCNTR.SECURITY_MATRIX (USER_ID,PASSWORD,ROLE_CODE) values ('cbd33r','cbd','CCNU');
Insert into COSTCNTR.SECURITY_MATRIX (USER_ID,PASSWORD,ROLE_CODE) values ('cbd33r','cbd','HWU');
Insert into COSTCNTR.SECURITY_MATRIX (USER_ID,PASSWORD,ROLE_CODE) values ('cbd33r','cbd','SDU');
Insert into COSTCNTR.SECURITY_MATRIX (USER_ID,PASSWORD,ROLE_CODE) values ('pmm4br','ccnuser1','CCNU');
Insert into COSTCNTR.SECURITY_MATRIX (USER_ID,PASSWORD,ROLE_CODE) values ('pmm4br','ccnuser1','HWU');
Insert into COSTCNTR.SECURITY_MATRIX (USER_ID,PASSWORD,ROLE_CODE) values ('pmm4br','ccnuser1','SDU');
Insert into COSTCNTR.SECURITY_MATRIX (USER_ID,PASSWORD,ROLE_CODE) values ('lxb8vr','ccnuser2','CCNU');
Insert into COSTCNTR.SECURITY_MATRIX (USER_ID,PASSWORD,ROLE_CODE) values ('lxb8vr','ccnuser2','HWU');
Insert into COSTCNTR.SECURITY_MATRIX (USER_ID,PASSWORD,ROLE_CODE) values ('lxb8vr','ccnuser2','SDU');

REM INSERTING into COSTCNTR.MAILING_GROUP
SET DEFINE OFF;
Insert into COSTCNTR.MAILING_GROUP (GROUP_ID,MAIL_ID) values ('1','Shahla.Husain@sherwin.com');
Insert into COSTCNTR.MAILING_GROUP (GROUP_ID,MAIL_ID) values ('2','Shahla.Husain@sherwin.com');

REM INSERTING into COSTCNTR.MAILING_DETAILS
SET DEFINE OFF;
Insert into COSTCNTR.MAILING_DETAILS (SUBJECT,FROM_P,MESSAGE,GROUP_ID,SIGNATURE) values ('Adding Terminal','Shahla.Husain@sherwin.com','Terminal XXXXX has been Added Successfully','1','Thanks, Shahla');

REM INSERTING into COSTCNTR.CCN_CRSTC
SET DEFINE OFF;
Insert into COSTCNTR.CCN_CRSTC (CRSTC_NAME,CRSTC_CODE,CREATED_DATE,USER_ID,UPDATED_DATE) values ('PFX_PSG','AX',to_date('20-DEC-13','DD-MON-RR'),null,null);
Insert into COSTCNTR.CCN_CRSTC (CRSTC_NAME,CRSTC_CODE,CREATED_DATE,USER_ID,UPDATED_DATE) values ('PFX_PRO_FINISHES','B0',to_date('20-DEC-13','DD-MON-RR'),null,null);
Insert into COSTCNTR.CCN_CRSTC (CRSTC_NAME,CRSTC_CODE,CREATED_DATE,USER_ID,UPDATED_DATE) values ('PFX_REAL_ESTATE_CC','40',to_date('20-DEC-13','DD-MON-RR'),null,null);
Insert into COSTCNTR.CCN_CRSTC (CRSTC_NAME,CRSTC_CODE,CREATED_DATE,USER_ID,UPDATED_DATE) values ('PFX_JAMAICA','4Q',to_date('20-DEC-13','DD-MON-RR'),null,null);
Insert into COSTCNTR.CCN_CRSTC (CRSTC_NAME,CRSTC_CODE,CREATED_DATE,USER_ID,UPDATED_DATE) values ('PFX_MANUFACTURING','43',to_date('20-DEC-13','DD-MON-RR'),null,null);
Insert into COSTCNTR.CCN_CRSTC (CRSTC_NAME,CRSTC_CODE,CREATED_DATE,USER_ID,UPDATED_DATE) values ('PFX_DIST_PSG','50',to_date('20-DEC-13','DD-MON-RR'),null,null);
Insert into COSTCNTR.CCN_CRSTC (CRSTC_NAME,CRSTC_CODE,CREATED_DATE,USER_ID,UPDATED_DATE) values ('PFX_DIST_PF/AUTO','53',to_date('20-DEC-13','DD-MON-RR'),null,null);
Insert into COSTCNTR.CCN_CRSTC (CRSTC_NAME,CRSTC_CODE,CREATED_DATE,USER_ID,UPDATED_DATE) values ('PFX_DIST_JAMAICA','5Q',to_date('20-DEC-13','DD-MON-RR'),null,null);
Insert into COSTCNTR.CCN_CRSTC (CRSTC_NAME,CRSTC_CODE,CREATED_DATE,USER_ID,UPDATED_DATE) values ('PFX_TECH_PSG_USA','60',to_date('20-DEC-13','DD-MON-RR'),null,null);
Insert into COSTCNTR.CCN_CRSTC (CRSTC_NAME,CRSTC_CODE,CREATED_DATE,USER_ID,UPDATED_DATE) values ('PFX_TECH_PSG_CAN','62',to_date('20-DEC-13','DD-MON-RR'),null,null);
Insert into COSTCNTR.CCN_CRSTC (CRSTC_NAME,CRSTC_CODE,CREATED_DATE,USER_ID,UPDATED_DATE) values ('PFX_TECH_PF/AUTO','63',to_date('20-DEC-13','DD-MON-RR'),null,null);
Insert into COSTCNTR.CCN_CRSTC (CRSTC_NAME,CRSTC_CODE,CREATED_DATE,USER_ID,UPDATED_DATE) values ('PFX_TECH_JAMAICA','6Q	',to_date('20-DEC-13','DD-MON-RR'),null,null);
Insert into COSTCNTR.CCN_CRSTC (CRSTC_NAME,CRSTC_CODE,CREATED_DATE,USER_ID,UPDATED_DATE) values ('PFX_SELLING_ST_PSG_USA','70',to_date('20-DEC-13','DD-MON-RR'),null,null);
Insert into COSTCNTR.CCN_CRSTC (CRSTC_NAME,CRSTC_CODE,CREATED_DATE,USER_ID,UPDATED_DATE) values ('PFX_REPS_PRTECTVE_MARINE','71',to_date('20-DEC-13','DD-MON-RR'),null,null);
Insert into COSTCNTR.CCN_CRSTC (CRSTC_NAME,CRSTC_CODE,CREATED_DATE,USER_ID,UPDATED_DATE) values ('PFX_REPS_PSG_USA','75',to_date('20-DEC-13','DD-MON-RR'),null,null);
Insert into COSTCNTR.CCN_CRSTC (CRSTC_NAME,CRSTC_CODE,CREATED_DATE,USER_ID,UPDATED_DATE) values ('PFX_SELLING_ST_R_PSG_CAN','76',to_date('20-DEC-13','DD-MON-RR'),null,null);
Insert into COSTCNTR.CCN_CRSTC (CRSTC_NAME,CRSTC_CODE,CREATED_DATE,USER_ID,UPDATED_DATE) values ('PFX_SELLING_ST_R_PF_A_CAN','77',to_date('20-DEC-13','DD-MON-RR'),null,null);
Insert into COSTCNTR.CCN_CRSTC (CRSTC_NAME,CRSTC_CODE,CREATED_DATE,USER_ID,UPDATED_DATE) values ('PFX_AUTO_PF_USA_REPS','78',to_date('20-DEC-13','DD-MON-RR'),null,null);
Insert into COSTCNTR.CCN_CRSTC (CRSTC_NAME,CRSTC_CODE,CREATED_DATE,USER_ID,UPDATED_DATE) values ('PFX_AUTO_PF_USA_ST','79',to_date('20-DEC-13','DD-MON-RR'),null,null);
Insert into COSTCNTR.CCN_CRSTC (CRSTC_NAME,CRSTC_CODE,CREATED_DATE,USER_ID,UPDATED_DATE) values ('Prefix_7P','7P',to_date('20-DEC-13','DD-MON-RR'),null,null);
Insert into COSTCNTR.CCN_CRSTC (CRSTC_NAME,CRSTC_CODE,CREATED_DATE,USER_ID,UPDATED_DATE) values ('Prefix_7Q','7Q',to_date('20-DEC-13','DD-MON-RR'),null,null);
Insert into COSTCNTR.CCN_CRSTC (CRSTC_NAME,CRSTC_CODE,CREATED_DATE,USER_ID,UPDATED_DATE) values ('PFX_ADMIN_JAMAICA','8Q	',to_date('20-DEC-13','DD-MON-RR'),null,null);
Insert into COSTCNTR.CCN_CRSTC (CRSTC_NAME,CRSTC_CODE,CREATED_DATE,USER_ID,UPDATED_DATE) values ('PFX_ADMIN_PSG_USA','80',to_date('20-DEC-13','DD-MON-RR'),null,null);
Insert into COSTCNTR.CCN_CRSTC (CRSTC_NAME,CRSTC_CODE,CREATED_DATE,USER_ID,UPDATED_DATE) values ('PFX_ADMIN_P_M','81',to_date('20-DEC-13','DD-MON-RR'),null,null);
Insert into COSTCNTR.CCN_CRSTC (CRSTC_NAME,CRSTC_CODE,CREATED_DATE,USER_ID,UPDATED_DATE) values ('PFX_ADMIN_PSG_CAN','82',to_date('20-DEC-13','DD-MON-RR'),null,null);
Insert into COSTCNTR.CCN_CRSTC (CRSTC_NAME,CRSTC_CODE,CREATED_DATE,USER_ID,UPDATED_DATE) values ('PFX_ADMIN_PF_AUTO_US_CAN','83',to_date('20-DEC-13','DD-MON-RR'),null,null);


REM INSERTING into COSTCNTR.CCN_DISCDMN
SET DEFINE OFF;
Insert into COSTCNTR.CCN_DISCDMN (CRSTC_NAME,CRSTC_CODE,DISC_NAME,DISC_CODE,CREATED_DATE,USER_ID,UPDATED_DATE) values ('PFX_PSG','AX','TYPE_CODE','52',to_date('27-DEC-13','DD-MON-RR'),null,null);
Insert into COSTCNTR.CCN_DISCDMN (CRSTC_NAME,CRSTC_CODE,DISC_NAME,DISC_CODE,CREATED_DATE,USER_ID,UPDATED_DATE) values ('PFX_PRO_FINISHES','B0','TYPE_CODE','03',to_date('27-DEC-13','DD-MON-RR'),null,null);
Insert into COSTCNTR.CCN_DISCDMN (CRSTC_NAME,CRSTC_CODE,DISC_NAME,DISC_CODE,CREATED_DATE,USER_ID,UPDATED_DATE) values ('PFX_PRO_FINISHES','B0','TYPE_CODE','25',to_date('27-DEC-13','DD-MON-RR'),null,null);
Insert into COSTCNTR.CCN_DISCDMN (CRSTC_NAME,CRSTC_CODE,DISC_NAME,DISC_CODE,CREATED_DATE,USER_ID,UPDATED_DATE) values ('PFX_PRO_FINISHES','B0','TYPE_CODE','41',to_date('27-DEC-13','DD-MON-RR'),null,null);
Insert into COSTCNTR.CCN_DISCDMN (CRSTC_NAME,CRSTC_CODE,DISC_NAME,DISC_CODE,CREATED_DATE,USER_ID,UPDATED_DATE) values ('PFX_REAL_ESTATE_CC','40','TYPE_CODE','52',to_date('27-DEC-13','DD-MON-RR'),null,null);
Insert into COSTCNTR.CCN_DISCDMN (CRSTC_NAME,CRSTC_CODE,DISC_NAME,DISC_CODE,CREATED_DATE,USER_ID,UPDATED_DATE) values ('PFX_JAMAICA','4Q','TYPE_CODE','41',to_date('27-DEC-13','DD-MON-RR'),null,null);
Insert into COSTCNTR.CCN_DISCDMN (CRSTC_NAME,CRSTC_CODE,DISC_NAME,DISC_CODE,CREATED_DATE,USER_ID,UPDATED_DATE) values ('PFX_MANUFACTURING','43','TYPE_CODE','41',to_date('27-DEC-13','DD-MON-RR'),null,null);
Insert into COSTCNTR.CCN_DISCDMN (CRSTC_NAME,CRSTC_CODE,DISC_NAME,DISC_CODE,CREATED_DATE,USER_ID,UPDATED_DATE) values ('PFX_MANUFACTURING','43','TYPE_CODE','25',to_date('27-DEC-13','DD-MON-RR'),null,null);
Insert into COSTCNTR.CCN_DISCDMN (CRSTC_NAME,CRSTC_CODE,DISC_NAME,DISC_CODE,CREATED_DATE,USER_ID,UPDATED_DATE) values ('PFX_DIST_PSG','50','TYPE_CODE','41',to_date('27-DEC-13','DD-MON-RR'),null,null);
Insert into COSTCNTR.CCN_DISCDMN (CRSTC_NAME,CRSTC_CODE,DISC_NAME,DISC_CODE,CREATED_DATE,USER_ID,UPDATED_DATE) values ('PFX_DIST_PSG','50','TYPE_CODE','42',to_date('27-DEC-13','DD-MON-RR'),null,null);
Insert into COSTCNTR.CCN_DISCDMN (CRSTC_NAME,CRSTC_CODE,DISC_NAME,DISC_CODE,CREATED_DATE,USER_ID,UPDATED_DATE) values ('PFX_DIST_PF/AUTO','53','TYPE_CODE','25',to_date('27-DEC-13','DD-MON-RR'),null,null);
Insert into COSTCNTR.CCN_DISCDMN (CRSTC_NAME,CRSTC_CODE,DISC_NAME,DISC_CODE,CREATED_DATE,USER_ID,UPDATED_DATE) values ('PFX_DIST_JAMAICA','5Q','TYPE_CODE','41',to_date('27-DEC-13','DD-MON-RR'),null,null);
Insert into COSTCNTR.CCN_DISCDMN (CRSTC_NAME,CRSTC_CODE,DISC_NAME,DISC_CODE,CREATED_DATE,USER_ID,UPDATED_DATE) values ('PFX_TECH_PSG_USA','60','TYPE_CODE','41',to_date('27-DEC-13','DD-MON-RR'),null,null);
Insert into COSTCNTR.CCN_DISCDMN (CRSTC_NAME,CRSTC_CODE,DISC_NAME,DISC_CODE,CREATED_DATE,USER_ID,UPDATED_DATE) values ('PFX_TECH_PSG_CAN','62','TYPE_CODE','41',to_date('27-DEC-13','DD-MON-RR'),null,null);
Insert into COSTCNTR.CCN_DISCDMN (CRSTC_NAME,CRSTC_CODE,DISC_NAME,DISC_CODE,CREATED_DATE,USER_ID,UPDATED_DATE) values ('PFX_TECH_PF/AUTO','63','TYPE_CODE','41',to_date('27-DEC-13','DD-MON-RR'),null,null);
Insert into COSTCNTR.CCN_DISCDMN (CRSTC_NAME,CRSTC_CODE,DISC_NAME,DISC_CODE,CREATED_DATE,USER_ID,UPDATED_DATE) values ('PFX_TECH_PF/AUTO','63','TYPE_CODE','25',to_date('27-DEC-13','DD-MON-RR'),null,null);
Insert into COSTCNTR.CCN_DISCDMN (CRSTC_NAME,CRSTC_CODE,DISC_NAME,DISC_CODE,CREATED_DATE,USER_ID,UPDATED_DATE) values ('PFX_TECH_JAMAICA','6Q	','TYPE_CODE','41',to_date('27-DEC-13','DD-MON-RR'),null,null);
Insert into COSTCNTR.CCN_DISCDMN (CRSTC_NAME,CRSTC_CODE,DISC_NAME,DISC_CODE,CREATED_DATE,USER_ID,UPDATED_DATE) values ('PFX_SELLING_ST_PSG_USA','70','TYPE_CODE','02',to_date('27-DEC-13','DD-MON-RR'),null,null);
Insert into COSTCNTR.CCN_DISCDMN (CRSTC_NAME,CRSTC_CODE,DISC_NAME,DISC_CODE,CREATED_DATE,USER_ID,UPDATED_DATE) values ('PFX_SELLING_ST_PSG_USA','70','TYPE_CODE','03',to_date('27-DEC-13','DD-MON-RR'),null,null);
Insert into COSTCNTR.CCN_DISCDMN (CRSTC_NAME,CRSTC_CODE,DISC_NAME,DISC_CODE,CREATED_DATE,USER_ID,UPDATED_DATE) values ('PFX_SELLING_ST_PSG_USA','70','TYPE_CODE','22',to_date('27-DEC-13','DD-MON-RR'),null,null);
Insert into COSTCNTR.CCN_DISCDMN (CRSTC_NAME,CRSTC_CODE,DISC_NAME,DISC_CODE,CREATED_DATE,USER_ID,UPDATED_DATE) values ('PFX_SELLING_ST_PSG_USA','70','TYPE_CODE','23',to_date('27-DEC-13','DD-MON-RR'),null,null);
Insert into COSTCNTR.CCN_DISCDMN (CRSTC_NAME,CRSTC_CODE,DISC_NAME,DISC_CODE,CREATED_DATE,USER_ID,UPDATED_DATE) values ('PFX_SELLING_ST_PSG_USA','70','TYPE_CODE','24',to_date('27-DEC-13','DD-MON-RR'),null,null);
Insert into COSTCNTR.CCN_DISCDMN (CRSTC_NAME,CRSTC_CODE,DISC_NAME,DISC_CODE,CREATED_DATE,USER_ID,UPDATED_DATE) values ('PFX_SELLING_ST_PSG_USA','70','TYPE_CODE','25',to_date('27-DEC-13','DD-MON-RR'),null,null);
Insert into COSTCNTR.CCN_DISCDMN (CRSTC_NAME,CRSTC_CODE,DISC_NAME,DISC_CODE,CREATED_DATE,USER_ID,UPDATED_DATE) values ('PFX_SELLING_ST_PSG_USA','70','TYPE_CODE','31',to_date('27-DEC-13','DD-MON-RR'),null,null);
Insert into COSTCNTR.CCN_DISCDMN (CRSTC_NAME,CRSTC_CODE,DISC_NAME,DISC_CODE,CREATED_DATE,USER_ID,UPDATED_DATE) values ('PFX_SELLING_ST_PSG_USA','70','TYPE_CODE','32',to_date('27-DEC-13','DD-MON-RR'),null,null);
Insert into COSTCNTR.CCN_DISCDMN (CRSTC_NAME,CRSTC_CODE,DISC_NAME,DISC_CODE,CREATED_DATE,USER_ID,UPDATED_DATE) values ('PFX_SELLING_ST_PSG_USA','70','TYPE_CODE','41',to_date('27-DEC-13','DD-MON-RR'),null,null);
Insert into COSTCNTR.CCN_DISCDMN (CRSTC_NAME,CRSTC_CODE,DISC_NAME,DISC_CODE,CREATED_DATE,USER_ID,UPDATED_DATE) values ('PFX_SELLING_ST_PSG_USA','70','TYPE_CODE','51',to_date('27-DEC-13','DD-MON-RR'),null,null);
Insert into COSTCNTR.CCN_DISCDMN (CRSTC_NAME,CRSTC_CODE,DISC_NAME,DISC_CODE,CREATED_DATE,USER_ID,UPDATED_DATE) values ('PFX_REPS_PRTECTVE_MARINE','71','TYPE_CODE','21',to_date('27-DEC-13','DD-MON-RR'),null,null);
Insert into COSTCNTR.CCN_DISCDMN (CRSTC_NAME,CRSTC_CODE,DISC_NAME,DISC_CODE,CREATED_DATE,USER_ID,UPDATED_DATE) values ('PFX_REPS_PRTECTVE_MARINE','71','TYPE_CODE','22',to_date('27-DEC-13','DD-MON-RR'),null,null);
Insert into COSTCNTR.CCN_DISCDMN (CRSTC_NAME,CRSTC_CODE,DISC_NAME,DISC_CODE,CREATED_DATE,USER_ID,UPDATED_DATE) values ('PFX_REPS_PRTECTVE_MARINE','71','TYPE_CODE','25',to_date('27-DEC-13','DD-MON-RR'),null,null);
Insert into COSTCNTR.CCN_DISCDMN (CRSTC_NAME,CRSTC_CODE,DISC_NAME,DISC_CODE,CREATED_DATE,USER_ID,UPDATED_DATE) values ('PFX_REPS_PRTECTVE_MARINE','71','TYPE_CODE','32',to_date('27-DEC-13','DD-MON-RR'),null,null);
Insert into COSTCNTR.CCN_DISCDMN (CRSTC_NAME,CRSTC_CODE,DISC_NAME,DISC_CODE,CREATED_DATE,USER_ID,UPDATED_DATE) values ('PFX_REPS_PRTECTVE_MARINE','71','TYPE_CODE','41',to_date('27-DEC-13','DD-MON-RR'),null,null);
Insert into COSTCNTR.CCN_DISCDMN (CRSTC_NAME,CRSTC_CODE,DISC_NAME,DISC_CODE,CREATED_DATE,USER_ID,UPDATED_DATE) values ('PFX_REPS_PSG_USA','75','TYPE_CODE','22',to_date('27-DEC-13','DD-MON-RR'),null,null);
Insert into COSTCNTR.CCN_DISCDMN (CRSTC_NAME,CRSTC_CODE,DISC_NAME,DISC_CODE,CREATED_DATE,USER_ID,UPDATED_DATE) values ('PFX_REPS_PSG_USA','75','TYPE_CODE','25',to_date('27-DEC-13','DD-MON-RR'),null,null);
Insert into COSTCNTR.CCN_DISCDMN (CRSTC_NAME,CRSTC_CODE,DISC_NAME,DISC_CODE,CREATED_DATE,USER_ID,UPDATED_DATE) values ('PFX_SELLING_ST_R_PSG_CAN','76','TYPE_CODE','02',to_date('27-DEC-13','DD-MON-RR'),null,null);
Insert into COSTCNTR.CCN_DISCDMN (CRSTC_NAME,CRSTC_CODE,DISC_NAME,DISC_CODE,CREATED_DATE,USER_ID,UPDATED_DATE) values ('PFX_SELLING_ST_R_PSG_CAN','76','TYPE_CODE','03',to_date('27-DEC-13','DD-MON-RR'),null,null);
Insert into COSTCNTR.CCN_DISCDMN (CRSTC_NAME,CRSTC_CODE,DISC_NAME,DISC_CODE,CREATED_DATE,USER_ID,UPDATED_DATE) values ('PFX_SELLING_ST_R_PSG_CAN','76','TYPE_CODE','22',to_date('27-DEC-13','DD-MON-RR'),null,null);
Insert into COSTCNTR.CCN_DISCDMN (CRSTC_NAME,CRSTC_CODE,DISC_NAME,DISC_CODE,CREATED_DATE,USER_ID,UPDATED_DATE) values ('PFX_SELLING_ST_R_PSG_CAN','76','TYPE_CODE','32',to_date('27-DEC-13','DD-MON-RR'),null,null);
Insert into COSTCNTR.CCN_DISCDMN (CRSTC_NAME,CRSTC_CODE,DISC_NAME,DISC_CODE,CREATED_DATE,USER_ID,UPDATED_DATE) values ('PFX_SELLING_ST_R_PSG_CAN','76','TYPE_CODE','41',to_date('27-DEC-13','DD-MON-RR'),null,null);
Insert into COSTCNTR.CCN_DISCDMN (CRSTC_NAME,CRSTC_CODE,DISC_NAME,DISC_CODE,CREATED_DATE,USER_ID,UPDATED_DATE) values ('PFX_SELLING_ST_R_PSG_CAN','76','TYPE_CODE','42',to_date('27-DEC-13','DD-MON-RR'),null,null);
Insert into COSTCNTR.CCN_DISCDMN (CRSTC_NAME,CRSTC_CODE,DISC_NAME,DISC_CODE,CREATED_DATE,USER_ID,UPDATED_DATE) values ('PFX_SELLING_ST_R_PF_A_CAN','77','TYPE_CODE','01',to_date('27-DEC-13','DD-MON-RR'),null,null);
Insert into COSTCNTR.CCN_DISCDMN (CRSTC_NAME,CRSTC_CODE,DISC_NAME,DISC_CODE,CREATED_DATE,USER_ID,UPDATED_DATE) values ('PFX_SELLING_ST_R_PF_A_CAN','77','TYPE_CODE','02',to_date('27-DEC-13','DD-MON-RR'),null,null);
Insert into COSTCNTR.CCN_DISCDMN (CRSTC_NAME,CRSTC_CODE,DISC_NAME,DISC_CODE,CREATED_DATE,USER_ID,UPDATED_DATE) values ('PFX_SELLING_ST_R_PF_A_CAN','77','TYPE_CODE','03',to_date('27-DEC-13','DD-MON-RR'),null,null);
Insert into COSTCNTR.CCN_DISCDMN (CRSTC_NAME,CRSTC_CODE,DISC_NAME,DISC_CODE,CREATED_DATE,USER_ID,UPDATED_DATE) values ('PFX_SELLING_ST_R_PF_A_CAN','77','TYPE_CODE','22',to_date('27-DEC-13','DD-MON-RR'),null,null);
Insert into COSTCNTR.CCN_DISCDMN (CRSTC_NAME,CRSTC_CODE,DISC_NAME,DISC_CODE,CREATED_DATE,USER_ID,UPDATED_DATE) values ('PFX_SELLING_ST_R_PF_A_CAN','77','TYPE_CODE','32',to_date('27-DEC-13','DD-MON-RR'),null,null);
Insert into COSTCNTR.CCN_DISCDMN (CRSTC_NAME,CRSTC_CODE,DISC_NAME,DISC_CODE,CREATED_DATE,USER_ID,UPDATED_DATE) values ('PFX_SELLING_ST_R_PF_A_CAN','77','TYPE_CODE','41',to_date('27-DEC-13','DD-MON-RR'),null,null);
Insert into COSTCNTR.CCN_DISCDMN (CRSTC_NAME,CRSTC_CODE,DISC_NAME,DISC_CODE,CREATED_DATE,USER_ID,UPDATED_DATE) values ('PFX_SELLING_ST_R_PF_A_CAN','77','TYPE_CODE','42',to_date('27-DEC-13','DD-MON-RR'),null,null);
Insert into COSTCNTR.CCN_DISCDMN (CRSTC_NAME,CRSTC_CODE,DISC_NAME,DISC_CODE,CREATED_DATE,USER_ID,UPDATED_DATE) values ('PFX_AUTO_PF_USA_REPS','78','TYPE_CODE','01',to_date('27-DEC-13','DD-MON-RR'),null,null);
Insert into COSTCNTR.CCN_DISCDMN (CRSTC_NAME,CRSTC_CODE,DISC_NAME,DISC_CODE,CREATED_DATE,USER_ID,UPDATED_DATE) values ('PFX_AUTO_PF_USA_REPS','78','TYPE_CODE','22',to_date('27-DEC-13','DD-MON-RR'),null,null);
Insert into COSTCNTR.CCN_DISCDMN (CRSTC_NAME,CRSTC_CODE,DISC_NAME,DISC_CODE,CREATED_DATE,USER_ID,UPDATED_DATE) values ('PFX_AUTO_PF_USA_REPS','78','TYPE_CODE','41',to_date('27-DEC-13','DD-MON-RR'),null,null);
Insert into COSTCNTR.CCN_DISCDMN (CRSTC_NAME,CRSTC_CODE,DISC_NAME,DISC_CODE,CREATED_DATE,USER_ID,UPDATED_DATE) values ('PFX_AUTO_PF_USA_REPS','78','TYPE_CODE','42',to_date('27-DEC-13','DD-MON-RR'),null,null);
Insert into COSTCNTR.CCN_DISCDMN (CRSTC_NAME,CRSTC_CODE,DISC_NAME,DISC_CODE,CREATED_DATE,USER_ID,UPDATED_DATE) values ('PFX_AUTO_PF_USA_ST','79','TYPE_CODE','01',to_date('27-DEC-13','DD-MON-RR'),null,null);
Insert into COSTCNTR.CCN_DISCDMN (CRSTC_NAME,CRSTC_CODE,DISC_NAME,DISC_CODE,CREATED_DATE,USER_ID,UPDATED_DATE) values ('PFX_AUTO_PF_USA_ST','79','TYPE_CODE','02',to_date('27-DEC-13','DD-MON-RR'),null,null);
Insert into COSTCNTR.CCN_DISCDMN (CRSTC_NAME,CRSTC_CODE,DISC_NAME,DISC_CODE,CREATED_DATE,USER_ID,UPDATED_DATE) values ('PFX_AUTO_PF_USA_ST','79','TYPE_CODE','03',to_date('27-DEC-13','DD-MON-RR'),null,null);
Insert into COSTCNTR.CCN_DISCDMN (CRSTC_NAME,CRSTC_CODE,DISC_NAME,DISC_CODE,CREATED_DATE,USER_ID,UPDATED_DATE) values ('PFX_AUTO_PF_USA_ST','79','TYPE_CODE','32',to_date('27-DEC-13','DD-MON-RR'),null,null);
Insert into COSTCNTR.CCN_DISCDMN (CRSTC_NAME,CRSTC_CODE,DISC_NAME,DISC_CODE,CREATED_DATE,USER_ID,UPDATED_DATE) values ('PFX_AUTO_PF_USA_ST','79','TYPE_CODE','41',to_date('27-DEC-13','DD-MON-RR'),null,null);
Insert into COSTCNTR.CCN_DISCDMN (CRSTC_NAME,CRSTC_CODE,DISC_NAME,DISC_CODE,CREATED_DATE,USER_ID,UPDATED_DATE) values ('PFX_AUTO_PF_USA_ST','79','TYPE_CODE','42',to_date('27-DEC-13','DD-MON-RR'),null,null);
Insert into COSTCNTR.CCN_DISCDMN (CRSTC_NAME,CRSTC_CODE,DISC_NAME,DISC_CODE,CREATED_DATE,USER_ID,UPDATED_DATE) values ('Prefix_7P','7P','TYPE_CODE','25',to_date('27-DEC-13','DD-MON-RR'),null,null);
Insert into COSTCNTR.CCN_DISCDMN (CRSTC_NAME,CRSTC_CODE,DISC_NAME,DISC_CODE,CREATED_DATE,USER_ID,UPDATED_DATE) values ('Prefix_7P','7P','TYPE_CODE','41',to_date('27-DEC-13','DD-MON-RR'),null,null);
Insert into COSTCNTR.CCN_DISCDMN (CRSTC_NAME,CRSTC_CODE,DISC_NAME,DISC_CODE,CREATED_DATE,USER_ID,UPDATED_DATE) values ('Prefix_7P','7P','TYPE_CODE','42',to_date('27-DEC-13','DD-MON-RR'),null,null);
Insert into COSTCNTR.CCN_DISCDMN (CRSTC_NAME,CRSTC_CODE,DISC_NAME,DISC_CODE,CREATED_DATE,USER_ID,UPDATED_DATE) values ('Prefix_7Q','7Q','TYPE_CODE','32',to_date('27-DEC-13','DD-MON-RR'),null,null);
Insert into COSTCNTR.CCN_DISCDMN (CRSTC_NAME,CRSTC_CODE,DISC_NAME,DISC_CODE,CREATED_DATE,USER_ID,UPDATED_DATE) values ('Prefix_7Q','7Q','TYPE_CODE','41',to_date('27-DEC-13','DD-MON-RR'),null,null);
Insert into COSTCNTR.CCN_DISCDMN (CRSTC_NAME,CRSTC_CODE,DISC_NAME,DISC_CODE,CREATED_DATE,USER_ID,UPDATED_DATE) values ('Prefix_7Q','7Q','TYPE_CODE','03',to_date('27-DEC-13','DD-MON-RR'),null,null);
Insert into COSTCNTR.CCN_DISCDMN (CRSTC_NAME,CRSTC_CODE,DISC_NAME,DISC_CODE,CREATED_DATE,USER_ID,UPDATED_DATE) values ('PFX_ADMIN_JAMAICA','8Q	','TYPE_CODE','41',to_date('27-DEC-13','DD-MON-RR'),null,null);
Insert into COSTCNTR.CCN_DISCDMN (CRSTC_NAME,CRSTC_CODE,DISC_NAME,DISC_CODE,CREATED_DATE,USER_ID,UPDATED_DATE) values ('PFX_ADMIN_PSG_USA','80','TYPE_CODE','32',to_date('27-DEC-13','DD-MON-RR'),null,null);
Insert into COSTCNTR.CCN_DISCDMN (CRSTC_NAME,CRSTC_CODE,DISC_NAME,DISC_CODE,CREATED_DATE,USER_ID,UPDATED_DATE) values ('PFX_ADMIN_PSG_USA','80','TYPE_CODE','41',to_date('27-DEC-13','DD-MON-RR'),null,null);
Insert into COSTCNTR.CCN_DISCDMN (CRSTC_NAME,CRSTC_CODE,DISC_NAME,DISC_CODE,CREATED_DATE,USER_ID,UPDATED_DATE) values ('PFX_ADMIN_PSG_USA','80','TYPE_CODE','42',to_date('27-DEC-13','DD-MON-RR'),null,null);
Insert into COSTCNTR.CCN_DISCDMN (CRSTC_NAME,CRSTC_CODE,DISC_NAME,DISC_CODE,CREATED_DATE,USER_ID,UPDATED_DATE) values ('PFX_ADMIN_PSG_USA','80','TYPE_CODE','52',to_date('27-DEC-13','DD-MON-RR'),null,null);
Insert into COSTCNTR.CCN_DISCDMN (CRSTC_NAME,CRSTC_CODE,DISC_NAME,DISC_CODE,CREATED_DATE,USER_ID,UPDATED_DATE) values ('PFX_ADMIN_P_M','81','TYPE_CODE','25',to_date('27-DEC-13','DD-MON-RR'),null,null);
Insert into COSTCNTR.CCN_DISCDMN (CRSTC_NAME,CRSTC_CODE,DISC_NAME,DISC_CODE,CREATED_DATE,USER_ID,UPDATED_DATE) values ('PFX_ADMIN_P_M','81','TYPE_CODE','41',to_date('27-DEC-13','DD-MON-RR'),null,null);
Insert into COSTCNTR.CCN_DISCDMN (CRSTC_NAME,CRSTC_CODE,DISC_NAME,DISC_CODE,CREATED_DATE,USER_ID,UPDATED_DATE) values ('PFX_ADMIN_PSG_CAN','82','TYPE_CODE','41',to_date('27-DEC-13','DD-MON-RR'),null,null);
Insert into COSTCNTR.CCN_DISCDMN (CRSTC_NAME,CRSTC_CODE,DISC_NAME,DISC_CODE,CREATED_DATE,USER_ID,UPDATED_DATE) values ('PFX_ADMIN_PF_AUTO_US_CAN','83','TYPE_CODE','25',to_date('27-DEC-13','DD-MON-RR'),null,null);
Insert into COSTCNTR.CCN_DISCDMN (CRSTC_NAME,CRSTC_CODE,DISC_NAME,DISC_CODE,CREATED_DATE,USER_ID,UPDATED_DATE) values ('PFX_ADMIN_PF_AUTO_US_CAN','83','TYPE_CODE','32',to_date('27-DEC-13','DD-MON-RR'),null,null);
Insert into COSTCNTR.CCN_DISCDMN (CRSTC_NAME,CRSTC_CODE,DISC_NAME,DISC_CODE,CREATED_DATE,USER_ID,UPDATED_DATE) values ('PFX_ADMIN_PF_AUTO_US_CAN','83','TYPE_CODE','41',to_date('27-DEC-13','DD-MON-RR'),null,null);
Insert into COSTCNTR.CCN_DISCDMN (CRSTC_NAME,CRSTC_CODE,DISC_NAME,DISC_CODE,CREATED_DATE,USER_ID,UPDATED_DATE) values ('PFX_ADMIN_PF_AUTO_US_CAN','83','TYPE_CODE','42',to_date('27-DEC-13','DD-MON-RR'),null,null);
Insert into COSTCNTR.CCN_DISCDMN (CRSTC_NAME,CRSTC_CODE,DISC_NAME,DISC_CODE,CREATED_DATE,USER_ID,UPDATED_DATE) values ('PFX_PSG','AX','DIVISION','A100',to_date('27-DEC-13','DD-MON-RR'),null,null);
Insert into COSTCNTR.CCN_DISCDMN (CRSTC_NAME,CRSTC_CODE,DISC_NAME,DISC_CODE,CREATED_DATE,USER_ID,UPDATED_DATE) values ('PFX_PSG','AX','DIVISION','A133',to_date('27-DEC-13','DD-MON-RR'),null,null);
Insert into COSTCNTR.CCN_DISCDMN (CRSTC_NAME,CRSTC_CODE,DISC_NAME,DISC_CODE,CREATED_DATE,USER_ID,UPDATED_DATE) values ('PFX_PRO_FINISHES','B0','DIVISION','C112',to_date('27-DEC-13','DD-MON-RR'),null,null);
Insert into COSTCNTR.CCN_DISCDMN (CRSTC_NAME,CRSTC_CODE,DISC_NAME,DISC_CODE,CREATED_DATE,USER_ID,UPDATED_DATE) values ('PFX_PRO_FINISHES','B0','DIVISION','C230',to_date('27-DEC-13','DD-MON-RR'),null,null);
Insert into COSTCNTR.CCN_DISCDMN (CRSTC_NAME,CRSTC_CODE,DISC_NAME,DISC_CODE,CREATED_DATE,USER_ID,UPDATED_DATE) values ('PFX_PRO_FINISHES','B0','DIVISION','C400',to_date('27-DEC-13','DD-MON-RR'),null,null);
Insert into COSTCNTR.CCN_DISCDMN (CRSTC_NAME,CRSTC_CODE,DISC_NAME,DISC_CODE,CREATED_DATE,USER_ID,UPDATED_DATE) values ('PFX_PRO_FINISHES','B0','DIVISION','C401',to_date('27-DEC-13','DD-MON-RR'),null,null);
Insert into COSTCNTR.CCN_DISCDMN (CRSTC_NAME,CRSTC_CODE,DISC_NAME,DISC_CODE,CREATED_DATE,USER_ID,UPDATED_DATE) values ('PFX_PRO_FINISHES','B0','DIVISION','C521',to_date('27-DEC-13','DD-MON-RR'),null,null);
Insert into COSTCNTR.CCN_DISCDMN (CRSTC_NAME,CRSTC_CODE,DISC_NAME,DISC_CODE,CREATED_DATE,USER_ID,UPDATED_DATE) values ('PFX_PRO_FINISHES','B0','DIVISION','CA60',to_date('27-DEC-13','DD-MON-RR'),null,null);
Insert into COSTCNTR.CCN_DISCDMN (CRSTC_NAME,CRSTC_CODE,DISC_NAME,DISC_CODE,CREATED_DATE,USER_ID,UPDATED_DATE) values ('PFX_PRO_FINISHES','B0','DIVISION','CC60',to_date('27-DEC-13','DD-MON-RR'),null,null);
Insert into COSTCNTR.CCN_DISCDMN (CRSTC_NAME,CRSTC_CODE,DISC_NAME,DISC_CODE,CREATED_DATE,USER_ID,UPDATED_DATE) values ('PFX_PRO_FINISHES','B0','DIVISION','CC62',to_date('27-DEC-13','DD-MON-RR'),null,null);
Insert into COSTCNTR.CCN_DISCDMN (CRSTC_NAME,CRSTC_CODE,DISC_NAME,DISC_CODE,CREATED_DATE,USER_ID,UPDATED_DATE) values ('PFX_PRO_FINISHES','B0','DIVISION','CC80',to_date('27-DEC-13','DD-MON-RR'),null,null);
Insert into COSTCNTR.CCN_DISCDMN (CRSTC_NAME,CRSTC_CODE,DISC_NAME,DISC_CODE,CREATED_DATE,USER_ID,UPDATED_DATE) values ('PFX_REAL_ESTATE_CC','40','DIVISION','A133',to_date('27-DEC-13','DD-MON-RR'),null,null);
Insert into COSTCNTR.CCN_DISCDMN (CRSTC_NAME,CRSTC_CODE,DISC_NAME,DISC_CODE,CREATED_DATE,USER_ID,UPDATED_DATE) values ('PFX_JAMAICA','4Q','DIVISION','CL11',to_date('27-DEC-13','DD-MON-RR'),null,null);
Insert into COSTCNTR.CCN_DISCDMN (CRSTC_NAME,CRSTC_CODE,DISC_NAME,DISC_CODE,CREATED_DATE,USER_ID,UPDATED_DATE) values ('PFX_MANUFACTURING','43','DIVISION','C230',to_date('27-DEC-13','DD-MON-RR'),null,null);
Insert into COSTCNTR.CCN_DISCDMN (CRSTC_NAME,CRSTC_CODE,DISC_NAME,DISC_CODE,CREATED_DATE,USER_ID,UPDATED_DATE) values ('PFX_MANUFACTURING','43','DIVISION','C400',to_date('27-DEC-13','DD-MON-RR'),null,null);
Insert into COSTCNTR.CCN_DISCDMN (CRSTC_NAME,CRSTC_CODE,DISC_NAME,DISC_CODE,CREATED_DATE,USER_ID,UPDATED_DATE) values ('PFX_MANUFACTURING','43','DIVISION','C401',to_date('27-DEC-13','DD-MON-RR'),null,null);
Insert into COSTCNTR.CCN_DISCDMN (CRSTC_NAME,CRSTC_CODE,DISC_NAME,DISC_CODE,CREATED_DATE,USER_ID,UPDATED_DATE) values ('PFX_MANUFACTURING','43','DIVISION','C521',to_date('27-DEC-13','DD-MON-RR'),null,null);
Insert into COSTCNTR.CCN_DISCDMN (CRSTC_NAME,CRSTC_CODE,DISC_NAME,DISC_CODE,CREATED_DATE,USER_ID,UPDATED_DATE) values ('PFX_MANUFACTURING','43','DIVISION','CC60',to_date('27-DEC-13','DD-MON-RR'),null,null);
Insert into COSTCNTR.CCN_DISCDMN (CRSTC_NAME,CRSTC_CODE,DISC_NAME,DISC_CODE,CREATED_DATE,USER_ID,UPDATED_DATE) values ('PFX_MANUFACTURING','43','DIVISION','CC62',to_date('27-DEC-13','DD-MON-RR'),null,null);
Insert into COSTCNTR.CCN_DISCDMN (CRSTC_NAME,CRSTC_CODE,DISC_NAME,DISC_CODE,CREATED_DATE,USER_ID,UPDATED_DATE) values ('PFX_DIST_PSG','50','DIVISION','A100',to_date('27-DEC-13','DD-MON-RR'),null,null);
Insert into COSTCNTR.CCN_DISCDMN (CRSTC_NAME,CRSTC_CODE,DISC_NAME,DISC_CODE,CREATED_DATE,USER_ID,UPDATED_DATE) values ('PFX_DIST_PF/AUTO','53','DIVISION','C401',to_date('27-DEC-13','DD-MON-RR'),null,null);
Insert into COSTCNTR.CCN_DISCDMN (CRSTC_NAME,CRSTC_CODE,DISC_NAME,DISC_CODE,CREATED_DATE,USER_ID,UPDATED_DATE) values ('PFX_DIST_JAMAICA','5Q','DIVISION','CL11',to_date('27-DEC-13','DD-MON-RR'),null,null);
Insert into COSTCNTR.CCN_DISCDMN (CRSTC_NAME,CRSTC_CODE,DISC_NAME,DISC_CODE,CREATED_DATE,USER_ID,UPDATED_DATE) values ('PFX_TECH_PSG_USA','60','DIVISION','A056',to_date('27-DEC-13','DD-MON-RR'),null,null);
Insert into COSTCNTR.CCN_DISCDMN (CRSTC_NAME,CRSTC_CODE,DISC_NAME,DISC_CODE,CREATED_DATE,USER_ID,UPDATED_DATE) values ('PFX_TECH_PSG_USA','60','DIVISION','A051',to_date('27-DEC-13','DD-MON-RR'),null,null);
Insert into COSTCNTR.CCN_DISCDMN (CRSTC_NAME,CRSTC_CODE,DISC_NAME,DISC_CODE,CREATED_DATE,USER_ID,UPDATED_DATE) values ('PFX_TECH_PSG_USA','60','DIVISION','A053',to_date('27-DEC-13','DD-MON-RR'),null,null);
Insert into COSTCNTR.CCN_DISCDMN (CRSTC_NAME,CRSTC_CODE,DISC_NAME,DISC_CODE,CREATED_DATE,USER_ID,UPDATED_DATE) values ('PFX_TECH_PSG_CAN','62','DIVISION','A082',to_date('27-DEC-13','DD-MON-RR'),null,null);
Insert into COSTCNTR.CCN_DISCDMN (CRSTC_NAME,CRSTC_CODE,DISC_NAME,DISC_CODE,CREATED_DATE,USER_ID,UPDATED_DATE) values ('PFX_TECH_PF/AUTO','63','DIVISION','C230',to_date('27-DEC-13','DD-MON-RR'),null,null);
Insert into COSTCNTR.CCN_DISCDMN (CRSTC_NAME,CRSTC_CODE,DISC_NAME,DISC_CODE,CREATED_DATE,USER_ID,UPDATED_DATE) values ('PFX_TECH_PF/AUTO','63','DIVISION','C400',to_date('27-DEC-13','DD-MON-RR'),null,null);
Insert into COSTCNTR.CCN_DISCDMN (CRSTC_NAME,CRSTC_CODE,DISC_NAME,DISC_CODE,CREATED_DATE,USER_ID,UPDATED_DATE) values ('PFX_TECH_PF/AUTO','63','DIVISION','C401',to_date('27-DEC-13','DD-MON-RR'),null,null);
Insert into COSTCNTR.CCN_DISCDMN (CRSTC_NAME,CRSTC_CODE,DISC_NAME,DISC_CODE,CREATED_DATE,USER_ID,UPDATED_DATE) values ('PFX_TECH_PF/AUTO','63','DIVISION','C521',to_date('27-DEC-13','DD-MON-RR'),null,null);
Insert into COSTCNTR.CCN_DISCDMN (CRSTC_NAME,CRSTC_CODE,DISC_NAME,DISC_CODE,CREATED_DATE,USER_ID,UPDATED_DATE) values ('PFX_TECH_PF/AUTO','63','DIVISION','C522',to_date('27-DEC-13','DD-MON-RR'),null,null);
Insert into COSTCNTR.CCN_DISCDMN (CRSTC_NAME,CRSTC_CODE,DISC_NAME,DISC_CODE,CREATED_DATE,USER_ID,UPDATED_DATE) values ('PFX_TECH_PF/AUTO','63','DIVISION','CC60',to_date('27-DEC-13','DD-MON-RR'),null,null);
Insert into COSTCNTR.CCN_DISCDMN (CRSTC_NAME,CRSTC_CODE,DISC_NAME,DISC_CODE,CREATED_DATE,USER_ID,UPDATED_DATE) values ('PFX_TECH_PF/AUTO','63','DIVISION','CC62',to_date('27-DEC-13','DD-MON-RR'),null,null);
Insert into COSTCNTR.CCN_DISCDMN (CRSTC_NAME,CRSTC_CODE,DISC_NAME,DISC_CODE,CREATED_DATE,USER_ID,UPDATED_DATE) values ('PFX_TECH_JAMAICA','6Q	','DIVISION','CL11',to_date('27-DEC-13','DD-MON-RR'),null,null);
Insert into COSTCNTR.CCN_DISCDMN (CRSTC_NAME,CRSTC_CODE,DISC_NAME,DISC_CODE,CREATED_DATE,USER_ID,UPDATED_DATE) values ('PFX_SELLING_ST_PSG_USA','70','DIVISION','A100',to_date('27-DEC-13','DD-MON-RR'),null,null);
Insert into COSTCNTR.CCN_DISCDMN (CRSTC_NAME,CRSTC_CODE,DISC_NAME,DISC_CODE,CREATED_DATE,USER_ID,UPDATED_DATE) values ('PFX_SELLING_ST_PSG_USA','70','DIVISION','A051',to_date('27-DEC-13','DD-MON-RR'),null,null);
Insert into COSTCNTR.CCN_DISCDMN (CRSTC_NAME,CRSTC_CODE,DISC_NAME,DISC_CODE,CREATED_DATE,USER_ID,UPDATED_DATE) values ('PFX_SELLING_ST_PSG_USA','70','DIVISION','A052',to_date('27-DEC-13','DD-MON-RR'),null,null);
Insert into COSTCNTR.CCN_DISCDMN (CRSTC_NAME,CRSTC_CODE,DISC_NAME,DISC_CODE,CREATED_DATE,USER_ID,UPDATED_DATE) values ('PFX_SELLING_ST_PSG_USA','70','DIVISION','A053',to_date('27-DEC-13','DD-MON-RR'),null,null);
Insert into COSTCNTR.CCN_DISCDMN (CRSTC_NAME,CRSTC_CODE,DISC_NAME,DISC_CODE,CREATED_DATE,USER_ID,UPDATED_DATE) values ('PFX_SELLING_ST_PSG_USA','70','DIVISION','A054',to_date('27-DEC-13','DD-MON-RR'),null,null);
Insert into COSTCNTR.CCN_DISCDMN (CRSTC_NAME,CRSTC_CODE,DISC_NAME,DISC_CODE,CREATED_DATE,USER_ID,UPDATED_DATE) values ('PFX_SELLING_ST_PSG_USA','70','DIVISION','A056',to_date('27-DEC-13','DD-MON-RR'),null,null);
Insert into COSTCNTR.CCN_DISCDMN (CRSTC_NAME,CRSTC_CODE,DISC_NAME,DISC_CODE,CREATED_DATE,USER_ID,UPDATED_DATE) values ('PFX_REPS_PRTECTVE_MARINE','71','DIVISION','A101',to_date('27-DEC-13','DD-MON-RR'),null,null);
Insert into COSTCNTR.CCN_DISCDMN (CRSTC_NAME,CRSTC_CODE,DISC_NAME,DISC_CODE,CREATED_DATE,USER_ID,UPDATED_DATE) values ('PFX_REPS_PRTECTVE_MARINE','71','DIVISION','A225',to_date('27-DEC-13','DD-MON-RR'),null,null);
Insert into COSTCNTR.CCN_DISCDMN (CRSTC_NAME,CRSTC_CODE,DISC_NAME,DISC_CODE,CREATED_DATE,USER_ID,UPDATED_DATE) values ('PFX_REPS_PSG_USA','75','DIVISION','A100',to_date('27-DEC-13','DD-MON-RR'),null,null);
Insert into COSTCNTR.CCN_DISCDMN (CRSTC_NAME,CRSTC_CODE,DISC_NAME,DISC_CODE,CREATED_DATE,USER_ID,UPDATED_DATE) values ('PFX_REPS_PSG_USA','75','DIVISION','A051',to_date('27-DEC-13','DD-MON-RR'),null,null);
Insert into COSTCNTR.CCN_DISCDMN (CRSTC_NAME,CRSTC_CODE,DISC_NAME,DISC_CODE,CREATED_DATE,USER_ID,UPDATED_DATE) values ('PFX_REPS_PSG_USA','75','DIVISION','A052',to_date('27-DEC-13','DD-MON-RR'),null,null);
Insert into COSTCNTR.CCN_DISCDMN (CRSTC_NAME,CRSTC_CODE,DISC_NAME,DISC_CODE,CREATED_DATE,USER_ID,UPDATED_DATE) values ('PFX_REPS_PSG_USA','75','DIVISION','A053',to_date('27-DEC-13','DD-MON-RR'),null,null);
Insert into COSTCNTR.CCN_DISCDMN (CRSTC_NAME,CRSTC_CODE,DISC_NAME,DISC_CODE,CREATED_DATE,USER_ID,UPDATED_DATE) values ('PFX_REPS_PSG_USA','75','DIVISION','A054',to_date('27-DEC-13','DD-MON-RR'),null,null);
Insert into COSTCNTR.CCN_DISCDMN (CRSTC_NAME,CRSTC_CODE,DISC_NAME,DISC_CODE,CREATED_DATE,USER_ID,UPDATED_DATE) values ('PFX_REPS_PSG_USA','75','DIVISION','A056',to_date('27-DEC-13','DD-MON-RR'),null,null);
Insert into COSTCNTR.CCN_DISCDMN (CRSTC_NAME,CRSTC_CODE,DISC_NAME,DISC_CODE,CREATED_DATE,USER_ID,UPDATED_DATE) values ('PFX_SELLING_ST_R_PSG_CAN','76','DIVISION','A222',to_date('27-DEC-13','DD-MON-RR'),null,null);
Insert into COSTCNTR.CCN_DISCDMN (CRSTC_NAME,CRSTC_CODE,DISC_NAME,DISC_CODE,CREATED_DATE,USER_ID,UPDATED_DATE) values ('PFX_SELLING_ST_R_PSG_CAN','76','DIVISION','A081',to_date('27-DEC-13','DD-MON-RR'),null,null);
Insert into COSTCNTR.CCN_DISCDMN (CRSTC_NAME,CRSTC_CODE,DISC_NAME,DISC_CODE,CREATED_DATE,USER_ID,UPDATED_DATE) values ('PFX_SELLING_ST_R_PF_A_CAN','77','DIVISION','C220',to_date('27-DEC-13','DD-MON-RR'),null,null);
Insert into COSTCNTR.CCN_DISCDMN (CRSTC_NAME,CRSTC_CODE,DISC_NAME,DISC_CODE,CREATED_DATE,USER_ID,UPDATED_DATE) values ('PFX_SELLING_ST_R_PF_A_CAN','77','DIVISION','C230',to_date('27-DEC-13','DD-MON-RR'),null,null);
Insert into COSTCNTR.CCN_DISCDMN (CRSTC_NAME,CRSTC_CODE,DISC_NAME,DISC_CODE,CREATED_DATE,USER_ID,UPDATED_DATE) values ('PFX_SELLING_ST_R_PF_A_CAN','77','DIVISION','C521',to_date('27-DEC-13','DD-MON-RR'),null,null);
Insert into COSTCNTR.CCN_DISCDMN (CRSTC_NAME,CRSTC_CODE,DISC_NAME,DISC_CODE,CREATED_DATE,USER_ID,UPDATED_DATE) values ('PFX_SELLING_ST_R_PF_A_CAN','77','DIVISION','C522',to_date('27-DEC-13','DD-MON-RR'),null,null);
Insert into COSTCNTR.CCN_DISCDMN (CRSTC_NAME,CRSTC_CODE,DISC_NAME,DISC_CODE,CREATED_DATE,USER_ID,UPDATED_DATE) values ('PFX_AUTO_PF_USA_REPS','78','DIVISION','C400',to_date('27-DEC-13','DD-MON-RR'),null,null);
Insert into COSTCNTR.CCN_DISCDMN (CRSTC_NAME,CRSTC_CODE,DISC_NAME,DISC_CODE,CREATED_DATE,USER_ID,UPDATED_DATE) values ('PFX_AUTO_PF_USA_REPS','78','DIVISION','C111',to_date('27-DEC-13','DD-MON-RR'),null,null);
Insert into COSTCNTR.CCN_DISCDMN (CRSTC_NAME,CRSTC_CODE,DISC_NAME,DISC_CODE,CREATED_DATE,USER_ID,UPDATED_DATE) values ('PFX_AUTO_PF_USA_REPS','78','DIVISION','C112',to_date('27-DEC-13','DD-MON-RR'),null,null);
Insert into COSTCNTR.CCN_DISCDMN (CRSTC_NAME,CRSTC_CODE,DISC_NAME,DISC_CODE,CREATED_DATE,USER_ID,UPDATED_DATE) values ('PFX_AUTO_PF_USA_REPS','78','DIVISION','C101',to_date('27-DEC-13','DD-MON-RR'),null,null);
Insert into COSTCNTR.CCN_DISCDMN (CRSTC_NAME,CRSTC_CODE,DISC_NAME,DISC_CODE,CREATED_DATE,USER_ID,UPDATED_DATE) values ('PFX_AUTO_PF_USA_ST','79','DIVISION','C101',to_date('27-DEC-13','DD-MON-RR'),null,null);
Insert into COSTCNTR.CCN_DISCDMN (CRSTC_NAME,CRSTC_CODE,DISC_NAME,DISC_CODE,CREATED_DATE,USER_ID,UPDATED_DATE) values ('PFX_AUTO_PF_USA_ST','79','DIVISION','C112',to_date('27-DEC-13','DD-MON-RR'),null,null);
Insert into COSTCNTR.CCN_DISCDMN (CRSTC_NAME,CRSTC_CODE,DISC_NAME,DISC_CODE,CREATED_DATE,USER_ID,UPDATED_DATE) values ('PFX_AUTO_PF_USA_ST','79','DIVISION','C230',to_date('27-DEC-13','DD-MON-RR'),null,null);
Insert into COSTCNTR.CCN_DISCDMN (CRSTC_NAME,CRSTC_CODE,DISC_NAME,DISC_CODE,CREATED_DATE,USER_ID,UPDATED_DATE) values ('PFX_AUTO_PF_USA_ST','79','DIVISION','C400',to_date('27-DEC-13','DD-MON-RR'),null,null);
Insert into COSTCNTR.CCN_DISCDMN (CRSTC_NAME,CRSTC_CODE,DISC_NAME,DISC_CODE,CREATED_DATE,USER_ID,UPDATED_DATE) values ('Prefix_7P','7P','DIVISION','C112',to_date('27-DEC-13','DD-MON-RR'),null,null);
Insert into COSTCNTR.CCN_DISCDMN (CRSTC_NAME,CRSTC_CODE,DISC_NAME,DISC_CODE,CREATED_DATE,USER_ID,UPDATED_DATE) values ('Prefix_7P','7P','DIVISION','C230',to_date('27-DEC-13','DD-MON-RR'),null,null);
Insert into COSTCNTR.CCN_DISCDMN (CRSTC_NAME,CRSTC_CODE,DISC_NAME,DISC_CODE,CREATED_DATE,USER_ID,UPDATED_DATE) values ('Prefix_7P','7P','DIVISION','C400',to_date('27-DEC-13','DD-MON-RR'),null,null);
Insert into COSTCNTR.CCN_DISCDMN (CRSTC_NAME,CRSTC_CODE,DISC_NAME,DISC_CODE,CREATED_DATE,USER_ID,UPDATED_DATE) values ('Prefix_7P','7P','DIVISION','CC60',to_date('27-DEC-13','DD-MON-RR'),null,null);
Insert into COSTCNTR.CCN_DISCDMN (CRSTC_NAME,CRSTC_CODE,DISC_NAME,DISC_CODE,CREATED_DATE,USER_ID,UPDATED_DATE) values ('Prefix_7P','7P','DIVISION','CC62',to_date('27-DEC-13','DD-MON-RR'),null,null);
Insert into COSTCNTR.CCN_DISCDMN (CRSTC_NAME,CRSTC_CODE,DISC_NAME,DISC_CODE,CREATED_DATE,USER_ID,UPDATED_DATE) values ('Prefix_7P','7P','DIVISION','CM60',to_date('27-DEC-13','DD-MON-RR'),null,null);
Insert into COSTCNTR.CCN_DISCDMN (CRSTC_NAME,CRSTC_CODE,DISC_NAME,DISC_CODE,CREATED_DATE,USER_ID,UPDATED_DATE) values ('Prefix_7Q','7Q','DIVISION','CL10',to_date('27-DEC-13','DD-MON-RR'),null,null);
Insert into COSTCNTR.CCN_DISCDMN (CRSTC_NAME,CRSTC_CODE,DISC_NAME,DISC_CODE,CREATED_DATE,USER_ID,UPDATED_DATE) values ('PFX_ADMIN_JAMAICA','8Q	','DIVISION','CL10',to_date('27-DEC-13','DD-MON-RR'),null,null);
Insert into COSTCNTR.CCN_DISCDMN (CRSTC_NAME,CRSTC_CODE,DISC_NAME,DISC_CODE,CREATED_DATE,USER_ID,UPDATED_DATE) values ('PFX_ADMIN_PSG_USA','80','DIVISION','A100',to_date('27-DEC-13','DD-MON-RR'),null,null);
Insert into COSTCNTR.CCN_DISCDMN (CRSTC_NAME,CRSTC_CODE,DISC_NAME,DISC_CODE,CREATED_DATE,USER_ID,UPDATED_DATE) values ('PFX_ADMIN_PSG_USA','80','DIVISION','A051',to_date('27-DEC-13','DD-MON-RR'),null,null);
Insert into COSTCNTR.CCN_DISCDMN (CRSTC_NAME,CRSTC_CODE,DISC_NAME,DISC_CODE,CREATED_DATE,USER_ID,UPDATED_DATE) values ('PFX_ADMIN_PSG_USA','80','DIVISION','A052',to_date('27-DEC-13','DD-MON-RR'),null,null);
Insert into COSTCNTR.CCN_DISCDMN (CRSTC_NAME,CRSTC_CODE,DISC_NAME,DISC_CODE,CREATED_DATE,USER_ID,UPDATED_DATE) values ('PFX_ADMIN_PSG_USA','80','DIVISION','A053',to_date('27-DEC-13','DD-MON-RR'),null,null);
Insert into COSTCNTR.CCN_DISCDMN (CRSTC_NAME,CRSTC_CODE,DISC_NAME,DISC_CODE,CREATED_DATE,USER_ID,UPDATED_DATE) values ('PFX_ADMIN_PSG_USA','80','DIVISION','A054',to_date('27-DEC-13','DD-MON-RR'),null,null);
Insert into COSTCNTR.CCN_DISCDMN (CRSTC_NAME,CRSTC_CODE,DISC_NAME,DISC_CODE,CREATED_DATE,USER_ID,UPDATED_DATE) values ('PFX_ADMIN_PSG_USA','80','DIVISION','A056',to_date('27-DEC-13','DD-MON-RR'),null,null);
Insert into COSTCNTR.CCN_DISCDMN (CRSTC_NAME,CRSTC_CODE,DISC_NAME,DISC_CODE,CREATED_DATE,USER_ID,UPDATED_DATE) values ('PFX_ADMIN_PSG_USA','80','DIVISION','A190',to_date('27-DEC-13','DD-MON-RR'),null,null);
Insert into COSTCNTR.CCN_DISCDMN (CRSTC_NAME,CRSTC_CODE,DISC_NAME,DISC_CODE,CREATED_DATE,USER_ID,UPDATED_DATE) values ('PFX_ADMIN_PSG_USA','80','DIVISION','C480',to_date('27-DEC-13','DD-MON-RR'),null,null);
Insert into COSTCNTR.CCN_DISCDMN (CRSTC_NAME,CRSTC_CODE,DISC_NAME,DISC_CODE,CREATED_DATE,USER_ID,UPDATED_DATE) values ('PFX_ADMIN_P_M','81','DIVISION','A101',to_date('27-DEC-13','DD-MON-RR'),null,null);
Insert into COSTCNTR.CCN_DISCDMN (CRSTC_NAME,CRSTC_CODE,DISC_NAME,DISC_CODE,CREATED_DATE,USER_ID,UPDATED_DATE) values ('PFX_ADMIN_P_M','81','DIVISION','A225',to_date('27-DEC-13','DD-MON-RR'),null,null);
Insert into COSTCNTR.CCN_DISCDMN (CRSTC_NAME,CRSTC_CODE,DISC_NAME,DISC_CODE,CREATED_DATE,USER_ID,UPDATED_DATE) values ('PFX_ADMIN_PSG_CAN','82','DIVISION','A222',to_date('27-DEC-13','DD-MON-RR'),null,null);
Insert into COSTCNTR.CCN_DISCDMN (CRSTC_NAME,CRSTC_CODE,DISC_NAME,DISC_CODE,CREATED_DATE,USER_ID,UPDATED_DATE) values ('PFX_ADMIN_PSG_CAN','82','DIVISION','A081',to_date('27-DEC-13','DD-MON-RR'),null,null);
Insert into COSTCNTR.CCN_DISCDMN (CRSTC_NAME,CRSTC_CODE,DISC_NAME,DISC_CODE,CREATED_DATE,USER_ID,UPDATED_DATE) values ('PFX_ADMIN_PF_AUTO_US_CAN','83','DIVISION','C101',to_date('27-DEC-13','DD-MON-RR'),null,null);
Insert into COSTCNTR.CCN_DISCDMN (CRSTC_NAME,CRSTC_CODE,DISC_NAME,DISC_CODE,CREATED_DATE,USER_ID,UPDATED_DATE) values ('PFX_ADMIN_PF_AUTO_US_CAN','83','DIVISION','C112',to_date('27-DEC-13','DD-MON-RR'),null,null);
Insert into COSTCNTR.CCN_DISCDMN (CRSTC_NAME,CRSTC_CODE,DISC_NAME,DISC_CODE,CREATED_DATE,USER_ID,UPDATED_DATE) values ('PFX_ADMIN_PF_AUTO_US_CAN','83','DIVISION','C400',to_date('27-DEC-13','DD-MON-RR'),null,null);
Insert into COSTCNTR.CCN_DISCDMN (CRSTC_NAME,CRSTC_CODE,DISC_NAME,DISC_CODE,CREATED_DATE,USER_ID,UPDATED_DATE) values ('PFX_ADMIN_PF_AUTO_US_CAN','83','DIVISION','C401',to_date('27-DEC-13','DD-MON-RR'),null,null);
Insert into COSTCNTR.CCN_DISCDMN (CRSTC_NAME,CRSTC_CODE,DISC_NAME,DISC_CODE,CREATED_DATE,USER_ID,UPDATED_DATE) values ('PFX_ADMIN_PF_AUTO_US_CAN','83','DIVISION','C521',to_date('27-DEC-13','DD-MON-RR'),null,null);
Insert into COSTCNTR.CCN_DISCDMN (CRSTC_NAME,CRSTC_CODE,DISC_NAME,DISC_CODE,CREATED_DATE,USER_ID,UPDATED_DATE) values ('PFX_ADMIN_PF_AUTO_US_CAN','83','DIVISION','C522',to_date('27-DEC-13','DD-MON-RR'),null,null);
Insert into COSTCNTR.CCN_DISCDMN (CRSTC_NAME,CRSTC_CODE,DISC_NAME,DISC_CODE,CREATED_DATE,USER_ID,UPDATED_DATE) values ('PFX_ADMIN_PF_AUTO_US_CAN','83','DIVISION','CA60',to_date('27-DEC-13','DD-MON-RR'),null,null);
Insert into COSTCNTR.CCN_DISCDMN (CRSTC_NAME,CRSTC_CODE,DISC_NAME,DISC_CODE,CREATED_DATE,USER_ID,UPDATED_DATE) values ('PFX_ADMIN_PF_AUTO_US_CAN','83','DIVISION','CC60',to_date('27-DEC-13','DD-MON-RR'),null,null);
Insert into COSTCNTR.CCN_DISCDMN (CRSTC_NAME,CRSTC_CODE,DISC_NAME,DISC_CODE,CREATED_DATE,USER_ID,UPDATED_DATE) values ('PFX_ADMIN_PF_AUTO_US_CAN','83','DIVISION','CC62',to_date('27-DEC-13','DD-MON-RR'),null,null);
Insert into COSTCNTR.CCN_DISCDMN (CRSTC_NAME,CRSTC_CODE,DISC_NAME,DISC_CODE,CREATED_DATE,USER_ID,UPDATED_DATE) values ('PFX_ADMIN_PF_AUTO_US_CAN','83','DIVISION','CM60',to_date('27-DEC-13','DD-MON-RR'),null,null);
Insert into COSTCNTR.CCN_DISCDMN (CRSTC_NAME,CRSTC_CODE,DISC_NAME,DISC_CODE,CREATED_DATE,USER_ID,UPDATED_DATE) values ('PFX_SELLING_ST_PSG_USA','70','TYPE_CODE','42',to_date('27-DEC-13','DD-MON-RR'),null,null);
Insert into COSTCNTR.CCN_DISCDMN (CRSTC_NAME,CRSTC_CODE,DISC_NAME,DISC_CODE,CREATED_DATE,USER_ID,UPDATED_DATE) values ('PFX_SELLING_ST_PSG_USA','70','TYPE_CODE','52',to_date('27-DEC-13','DD-MON-RR'),null,null);
