Store, Last Draft Number, Last Order Date
701001,1749,7/25/2006
701002,1799,12/17/2015
701003,1499,7/26/2019
701004,1499,8/22/2010
701005,1849,12/3/2010
701006,1499,7/7/2004
701007,1749,8/26/2005
701008,1749,4/27/2004
701009,1599,4/14/2014
701010,1499,4/2/2004
701011,1749,7/26/2019
701012,1449,7/26/2019
701013,1999,9/12/2007
701014,2249,8/24/2010
701015,1699,4/24/2014
701016,1849,8/16/2010
701017,1849,11/9/2005
701018,1499,5/13/2002
701019,1749,5/23/2010
701020,1499,1/17/2001
701021,3149,4/25/2018
701023,1399,6/6/2005
701024,1699,11/20/2014
701025,1249,10/13/2006
701026,1649,1/6/2009
701027,1799,1/22/2010
701028,1749,5/27/2003
701029,1749,2/15/2001
701030,4049,2/4/2019
701031,1249,7/26/2019
701032,1699,2/7/2003
701033,1449,7/26/2019
701034,1999,1/9/2019
701035,1399,9/27/2005
701036,1349,6/18/2007
701037,2399,7/26/2019
701038,1599,10/24/2008
701039,1749,7/16/2018
701040,1749,10/22/2002
701041,2049,1/15/2008
701042,1549,8/29/2017
701044,1199,7/26/2019
701045,1449,6/16/2003
701046,1349,10/14/2005
701050,1499,1/8/2001
701051,2249,4/22/2019
701053,1599,10/14/2005
701054,1299,1/15/2003
701055,1799,8/22/2018
701056,1749,4/14/2004
701057,1599,3/21/2018
701058,1449,7/26/2019
701059,1249,7/26/2019
701060,1449,7/26/2019
701061,1249,8/6/2013
701062,1399,11/17/2003
701063,1299,1/9/2015
701065,1349,2/6/2006
701066,1549,1/30/2017
701067,1649,9/25/2017
701068,1449,8/24/2010
701069,1599,2/1/2005
701070,2249,6/9/2004
701071,1399,9/21/2000
701072,1149,7/26/2019
701073,1949,9/28/2004
701074,1499,7/3/2000
701075,1749,4/14/2004
701076,1749,9/20/2017
701077,1699,7/7/2008
701078,2799,11/22/2004
701079,2449,9/18/2009
701080,1599,12/10/2008
701081,1349,6/23/2008
701082,1799,6/18/2014
701083,1299,6/16/2005
701084,1999,11/7/2018
701085,1799,2/9/2010
701087,1299,3/30/2012
701088,1949,12/2/2004
701089,1199,7/26/2019
701090,1499,7/26/2019
701091,1449,12/5/2001
701092,1649,8/13/2014
701093,1599,5/16/2001
701094,1799,6/4/2012
701095,1549,8/18/2004
701096,1499,8/2/2006
701098,2449,9/27/2005
701099,1649,3/7/2005
701101,1649,7/9/2010
701102,1349,3/24/2006
701103,1699,2/21/2006
701104,1449,2/27/2001
701105,1499,9/16/2002
701106,2999,12/3/2018
701108,2249,4/27/2004
701109,2849,7/5/2005
701110,1299,5/18/2011
701112,1699,2/15/2007
701113,1299,3/7/2011
701114,2299,12/14/2017
701116,1499,2/17/2004
701117,1049,9/19/2013
701118,1749,7/26/2019
701119,1499,2/6/2007
701120,1399,8/9/2000
701121,4049,3/20/2019
701122,1399,7/26/2019
701123,1499,7/26/2019
701124,1499,10/7/2016
701125,1449,7/3/2000
701126,1649,10/31/2005
701127,1849,9/20/2012
701128,1749,10/18/2001
701129,1699,8/19/2003
701130,1449,7/26/2019
701131,1749,7/30/2010
701132,1399,10/18/2007
701133,1449,7/26/2019
701134,1449,11/7/2000
701135,2149,1/21/2011
701136,1549,7/18/2017
701137,1549,6/10/2011
701139,9749,4/29/2019
701140,1499,6/22/2000
701141,1649,1/10/2011
701143,1649,10/5/2005
701144,1499,8/9/2000
701145,1549,5/22/2008
701146,1549,8/21/2017
701147,1999,11/30/2000
701148,1499,6/13/2002
701149,2199,9/30/2004
701150,2049,5/31/2011
701151,9699,7/3/2019
701152,1499,6/1/2004
701153,1399,11/24/2003
701155,2299,6/5/2009
701156,1249,7/26/2019
701157,1399,8/3/2000
701158,1349,12/15/2006
701159,1449,10/26/2009
701161,1399,10/5/2005
701162,1699,2/28/2002
701163,2049,1/27/2009
701164,1999,8/17/2018
701165,1549,8/24/2016
701166,1299,3/3/2010
701167,1649,1/21/2010
701168,1449,11/12/2002
701170,2499,1/2/2018
701171,1349,7/12/2001
701172,1699,3/6/2006
701173,3249,5/22/2019
701174,1449,7/26/2019
701175,1649,5/3/2010
701176,1199,7/26/2019
701177,1299,8/21/2007
701178,1499,3/2/2001
701179,1549,3/17/2017
701180,1299,12/10/2002
701181,1299,11/4/2002
701182,1349,7/26/2019
701183,1299,9/27/2005
701184,1699,3/28/2005
701185,1599,2/23/2004
701186,1299,1/12/2016
701187,1249,7/26/2019
701188,1749,1/26/2004
701189,1499,8/17/2018
701190,1399,9/27/2002
701191,5449,10/13/2006
701192,1899,7/1/2008
701193,1649,7/15/2008
701194,1549,11/4/2004
701195,1599,3/7/2016
701197,2149,2/2/2007
701198,1499,10/13/2006
701199,1499,7/26/2019
701202,1599,11/4/2002
701205,1249,7/26/2019
701206,1699,5/13/2004
701207,1649,10/2/2008
701208,1899,1/10/2006
701209,1749,8/4/2005
701211,1749,8/6/2003
701213,2399,8/23/2017
701214,6949,6/3/2019
701215,1699,11/27/2017
701216,1849,10/13/2017
701217,1699,10/2/2009
701218,1849,12/31/2010
701219,1749,10/7/2003
701220,2049,4/1/2013
701221,9049,5/1/2019
701222,3399,6/14/2019
701223,8599,3/25/2019
701224,1599,12/5/2017
701225,3299,1/18/2019
701226,1999,11/22/2016
701227,1799,10/11/2018
701228,2099,10/6/2009
701230,1049,9/3/2014
701231,1299,3/20/2008
701232,1799,5/13/2004
701233,1549,10/17/2008
701234,1599,10/2/2008
701235,1749,4/22/2003
701236,1299,12/17/2018
701237,1749,12/11/2009
701238,1249,7/26/2019
701239,1699,10/1/2002
701240,1299,8/9/2011
701241,1349,5/13/2004
701242,1499,8/13/2018
701243,1249,7/26/2019
701244,1299,4/20/2006
701245,1949,4/1/2013
701246,2099,9/24/2018
701248,1499,3/31/2006
701249,7149,5/17/2019
701250,1299,12/12/2011
701251,6549,5/22/2019
701252,1799,3/23/2018
701253,1499,3/12/2013
701254,1799,7/27/2016
701255,1699,8/9/2006
701256,1299,10/22/2015
701257,1299,11/9/2012
701258,1699,3/19/2004
701260,9099,6/24/2019
701261,1449,11/26/2001
701262,1849,1/25/2007
701263,3449,9/15/2010
701264,1299,9/27/2005
701266,1899,10/13/2006
701267,1399,10/4/2017
701268,1549,2/12/2014
701269,1199,7/26/2019
701271,1099,2/22/2013
701272,1199,7/26/2019
701273,1249,7/26/2019
701274,1999,10/6/2008
701275,1299,8/20/2001
701276,1849,11/18/2010
701277,5999,7/8/2019
701278,1349,7/26/2019
701279,1249,7/26/2019
701280,1249,7/26/2019
701281,1499,7/26/2019
701282,7199,5/1/2019
701283,1099,7/26/2019
701284,1449,7/26/2019
701285,2699,12/17/2015
701287,1149,10/5/2000
701288,1749,6/28/2011
701290,1149,7/26/2019
701291,1499,4/8/2011
701293,1349,7/26/2019
701294,1399,9/15/2006
701295,1299,3/24/2014
701296,1299,4/4/2013
701297,1099,7/26/2019
701298,1299,4/8/2016
701299,1449,1/14/2011
701301,1649,8/6/2010
701303,3849,4/21/2017
701307,1699,6/6/2005
701309,1299,7/26/2019
701310,1749,1/10/2005
701311,1299,3/11/2005
701312,1449,3/10/2005
701314,1249,7/26/2019
701315,1099,8/31/2000
701316,1999,3/28/2016
701317,1749,2/6/2018
701318,1999,4/12/2005
701319,1699,2/27/2006
701320,2099,3/21/2016
701321,2099,9/5/2007
701322,9699,3/20/2019
701323,1699,8/29/2006
701324,1449,9/30/2004
701325,1449,8/4/2005
701326,1149,6/15/2000
701327,1899,5/29/2013
701328,1249,10/31/2000
701329,1299,11/23/2011
701331,1449,7/26/2019
701332,1349,6/3/2008
701334,1299,3/15/2013
701336,1849,7/24/2012
701337,1099,1/8/2001
701338,1399,2/18/2005
701339,1399,4/17/2009
701340,1849,6/25/2014
701341,1299,7/26/2019
701342,1299,10/23/2001
701343,1549,6/26/2019
701344,1499,3/28/2000
701345,1549,3/7/2011
701346,1299,11/25/2015
701347,1549,7/8/2008
701348,1249,7/26/2019
701350,1299,7/26/2019
701351,1649,4/13/2009
701354,1149,3/23/2001
701355,1249,12/6/2000
701356,1449,5/17/2004
701357,1349,2/13/2008
701358,1799,4/5/2013
701359,1399,4/29/2005
701360,1299,6/8/2007
701361,1049,4/17/2019
701362,1349,3/27/2015
701363,1199,6/28/2001
701364,1299,6/14/2004
701365,1299,3/14/2012
701366,1499,4/14/2004
701368,1099,2/15/2002
701373,1249,12/19/2002
701374,1199,9/30/2004
701375,1249,8/14/2008
701379,1099,5/20/2004
701380,1149,9/16/2004
701381,1149,7/15/2005
701382,1199,2/18/2005
701383,1099,12/5/2005
701384,1199,5/4/2005
701387,1049,5/19/2006
701388,1149,12/5/2006
701389,1099,3/12/2013
701390,7449,3/4/2019
701391,1199,11/16/2007
701392,1249,1/9/2008
701393,1149,12/8/2006
701394,1049,11/30/2007
701395,1349,9/19/2014
701396,5849,1/2/2019
701397,1049,10/10/2006
701404,1349,4/12/2005
701419,1149,9/12/2003
701422,1049,11/6/2006
701424,1249,9/8/2008
701427,1249,5/25/2011
701428,1049,9/23/2008
701429,1199,11/4/2008
701430,8449,6/21/2019
701435,1099,6/7/2004
701436,1199,11/25/2015
701437,1249,12/14/2004
701438,1049,11/10/2004
701439,1249,6/6/2005
701441,1049,6/6/2005
701442,1099,10/3/2006
701443,1099,7/15/2005
701444,1299,12/8/2008
701445,1049,4/6/2006
701446,1149,8/15/2005
701447,1249,7/14/2006
701448,1149,1/18/2006
701449,1049,11/27/2007
701450,5849,2/2/2018
701451,1199,2/1/2006
701454,1249,4/28/2006
701455,1449,11/15/2010
701458,1249,7/24/2006
701459,1249,9/1/2009
701460,1199,2/28/2008
701461,1199,12/18/2008
701462,1099,12/1/2009
701468,5499,5/24/2019
701469,1199,12/13/2010
701477,1849,4/26/2019
701485,1249,7/26/2019
701498,1499,7/26/2019
701500,1199,10/22/2002
701508,1049,7/26/2019
701509,1049,7/26/2019
701510,1049,7/26/2019
701511,1049,7/26/2019
701512,1099,7/11/2017
701513,1149,12/3/2018
701514,1099,4/12/2017
701515,1049,7/26/2019
701516,1049,7/26/2019
701517,1099,7/26/2019
701519,1049,7/26/2019
701520,1049,10/26/2016
701521,1049,7/26/2019
701522,1099,7/8/2019
701523,1049,7/26/2019
701524,1099,3/20/2019
701525,1099,7/26/2019
701527,1299,12/1/2014
701528,1749,1/31/2007
701529,1049,7/26/2019
701530,1049,7/26/2019
701531,1049,7/26/2019
701532,1399,7/26/2019
701533,1049,7/26/2019
701534,1049,7/26/2019
701535,1049,7/26/2019
701536,1949,9/4/2018
701537,1049,7/26/2019
701539,1149,3/26/2018
701541,1149,9/24/2018
701542,1049,7/26/2019
701543,1149,6/7/2017
701544,1149,12/10/2018
701545,1049,7/26/2019
701546,1049,7/26/2019
701548,1049,1/9/2019
701549,1049,7/26/2019
701550,1099,7/26/2019
701551,1149,2/19/2015
701552,1049,6/3/2019
701553,1049,7/26/2019
701554,1099,5/29/2018
701555,1049,7/26/2019
701556,1049,7/26/2019
701557,1049,7/26/2019
701559,1049,7/26/2019
701560,1049,7/26/2019
701561,1049,7/26/2019
701562,1099,8/4/2005
701563,1199,2/8/2006
701564,1049,7/26/2019
701565,1299,10/4/2011
701566,1099,12/5/2007
701567,1049,7/26/2019
701568,1249,10/20/2005
701569,1049,12/8/2008
701570,1049,7/26/2019
701571,1049,10/2/2018
701572,1049,7/26/2019
701573,1049,7/26/2019
701574,1049,7/26/2019
701575,1299,7/26/2019
701576,1049,7/26/2019
701577,1049,7/26/2019
701578,1049,3/20/2015
701579,1149,4/25/2018
701580,1049,7/26/2019
701581,1049,7/26/2019
701582,1199,4/5/2019
701583,1049,7/26/2019
701584,1299,3/5/2015
701586,1049,7/26/2019
701587,1049,7/26/2019
701588,1049,7/26/2019
701589,1049,7/26/2019
701590,1049,7/26/2019
701591,1099,3/22/2017
701592,1099,8/24/2015
701593,1049,7/26/2019
701594,1049,7/26/2019
701595,1049,7/26/2019
701596,1049,5/26/2015
701597,1049,7/26/2019
701598,1049,7/26/2019
701600,1049,7/26/2019
701602,1049,7/26/2019
701604,1049,7/26/2019
701605,1049,7/26/2019
701606,1049,10/26/2016
701607,1049,7/26/2019
701608,1049,2/9/2018
701609,1049,7/26/2019
701610,1149,9/13/2017
701612,1099,7/26/2019
701614,1049,7/26/2019
701615,1049,7/26/2019
701616,1049,7/26/2019
701617,1049,7/26/2019
701619,1049,7/26/2019
701622,1049,7/26/2019
701623,1049,7/26/2019
701624,1049,7/26/2019
701625,1049,7/26/2019
701626,1149,5/29/2018
701627,1499,10/13/2003
701628,1149,11/21/2003
701629,1449,12/10/2018
701630,1049,11/2/2015
701632,1049,7/26/2019
701633,1049,3/7/2016
701634,1199,5/3/2017
701635,1049,7/26/2019
701636,1049,7/26/2019
701637,1299,3/13/2006
701638,1049,7/26/2019
701639,1349,7/24/2006
701640,1049,7/26/2019
701641,1249,6/14/2019
701642,1049,7/10/2015
701644,1249,6/19/2019
701645,1149,10/21/2014
701646,1049,7/26/2019
701647,1099,11/23/2015
701648,1799,11/21/2018
701649,1699,7/26/2019
701650,1649,7/26/2019
701651,1049,7/26/2019
701652,1049,7/26/2019
701653,1049,7/26/2019
701654,1049,7/26/2019
701655,1049,7/26/2019
701656,1149,1/25/2019
701657,1049,7/26/2019
701658,1049,7/26/2019
701661,1049,7/26/2019
701662,1049,7/26/2019
701663,1049,2/7/2019
701664,1049,8/18/2016
701665,1049,7/26/2019
701666,1499,7/26/2019
701667,1049,7/26/2019
701668,1049,7/26/2019
701669,1049,7/26/2019
701670,1049,7/26/2019
701671,1049,7/26/2019
701672,1049,7/26/2019
701674,1049,7/26/2019
701675,1049,4/17/2015
701676,1049,7/26/2019
701677,1049,7/26/2019
701678,1349,11/16/2006
701679,1349,2/1/2006
701680,1199,10/12/2017
701681,1049,8/12/2015
701682,1149,5/23/2016
701684,1549,2/4/2019
701685,1049,6/7/2017
701686,1249,2/22/2019
701689,1449,4/17/2019
701690,1949,4/8/2019
701691,1949,6/12/2019
701692,2199,5/20/2019
701693,1249,8/30/2018
701694,1449,1/9/2019
701696,1199,11/2/2015
701697,1849,1/25/2019
701698,1249,7/26/2019
701699,1149,5/16/2015
701700,1749,4/1/2019
701701,1249,3/24/2017
701702,1149,9/6/2017
701706,1049,12/6/2013
701710,1099,2/12/2018
701712,1049,5/30/2014
701713,1049,9/26/2011
701715,1099,2/13/2019
701716,1049,6/9/2014
701717,1049,5/30/2014
701719,1099,9/24/2018
701720,1049,5/30/2014
701721,1049,12/8/2017
701722,2049,3/13/2019
701723,1249,7/28/2009
701724,1049,5/30/2014
701725,1049,12/6/2013
701726,1049,12/6/2013
701727,1049,12/6/2013
701728,1049,5/30/2014
701730,1099,9/13/2017
701732,1099,2/22/2019
701733,1049,11/27/2012
701734,1049,12/6/2013
701735,1049,2/12/2015
701737,1049,12/6/2013
701738,1049,12/6/2013
701740,1049,2/12/2015
701741,1049,12/8/2017
701742,1049,2/12/2015
701743,1149,8/28/2018
701744,1049,2/12/2015
701745,1049,12/8/2017
701748,1149,12/14/2018
701750,1049,5/30/2014
701754,1049,10/2/2012
701755,1049,3/19/2012
701756,1049,3/14/2012
701757,1099,7/21/2015
701758,1049,4/22/2015
701759,1499,2/7/2014
701760,1099,12/20/2013
701761,2599,10/23/2013
701762,1049,11/7/2013
701763,1049,1/22/2014
701764,1049,5/22/2019
701765,1049,11/25/2013
701766,3349,4/5/2019
701767,1049,5/5/2014
701768,1049,8/6/2014
701770,1149,9/11/2018
701771,1049,11/5/2015
701772,1049,6/7/2016
701773,1049,3/1/2016
701774,1049,1/29/2018
701775,1049,12/9/2015
701776,1899,1/11/2010
701778,1549,9/6/2017
701779,1049,11/5/2015
701780,1049,7/9/2015
701781,1049,4/8/2016
701782,1749,2/6/2008
701784,1049,11/9/2016
701785,1049,5/16/2016
701786,1449,7/26/2019
701787,1049,8/8/2016
701789,1049,7/25/2016
701790,1049,9/9/2016
701791,1049,10/21/2016
701793,1049,12/7/2016
701794,1049,9/25/2017
701795,1799,4/7/2015
701796,1049,7/11/2017
701797,1749,12/10/2002
701798,1649,7/26/2019
701799,1499,5/8/2017
701805,1899,3/12/2010
701806,1749,6/8/2010
701807,1049,7/11/2017
701808,1699,8/28/2007
701809,2049,3/20/2019
701810,1449,7/26/2019
701811,1199,4/2/2004
701812,1049,1/10/2018
701813,1049,11/2/2017
701815,1049,7/11/2017
701816,1049,6/11/2018
701817,1049,11/13/2017
701818,1099,9/26/2011
701819,1199,7/26/2019
701822,1049,9/25/2017
701823,1049,9/25/2017
701824,1049,11/30/2017
701825,1049,11/30/2017
701829,1049,1/10/2018
701830,1049,9/25/2017
701831,1049,10/17/2018
701832,1049,11/9/2017
701834,1049,4/29/2019
701835,1049,6/7/2017
701836,2449,5/6/2019
701837,1049,11/2/2017
701838,1049,12/10/2018
701840,1049,5/8/2017
701841,1049,12/11/2017
701842,1049,9/25/2017
701843,1999,10/26/2009
701844,1049,11/30/2016
701845,1049,2/8/2017
701846,1049,8/14/2017
701849,1049,12/7/2016
701850,1049,12/7/2016
701851,1049,7/26/2019
701852,1049,12/7/2016
701853,2049,5/21/2014
701855,1049,6/7/2017
701856,1049,2/8/2017
701858,1049,8/31/2015
701859,1049,9/9/2016
701861,1049,5/27/2016
701862,1049,2/3/2017
701863,1049,4/24/2014
701864,1049,5/27/2016
701865,1049,12/5/2014
701866,1049,7/21/2015
701867,1099,3/29/2017
701868,1049,9/9/2016
701870,1049,3/24/2015
701871,1049,9/9/2015
701872,1099,5/1/2019
701873,4099,12/16/2016
701874,1999,8/26/2008
701875,1049,9/9/2016
701876,1049,2/26/2016
701877,1749,2/7/2003
701878,1599,4/7/2015
701879,1549,8/15/2011
701880,1249,9/4/2003
701881,1399,4/26/2000
701882,1049,12/7/2016
701883,1049,9/21/2015
701884,1049,8/14/2017
701885,1099,4/2/2018
701886,1049,6/7/2016
701887,1049,11/5/2015
701888,1049,8/31/2015
701889,1049,12/5/2011
701890,1099,12/1/2009
701891,7799,5/15/2019
701892,2149,8/19/2015
701893,2349,10/30/2013
701894,1599,11/12/2018
701895,3549,5/9/2016
701896,1999,2/18/2019
701897,3249,8/21/2017
701898,1249,11/10/2008
701899,4649,10/29/2018
701900,1049,10/7/2015
701901,1949,1/24/2011
701902,1749,8/8/2007
701903,1449,9/9/2015
701904,1499,1/3/2006
701906,1249,7/22/2005
701907,1299,5/5/2015
701908,1149,4/17/2008
701909,1349,2/5/2004
701910,1299,1/17/2001
701911,2399,7/24/2017
701912,2249,8/21/2007
701913,1299,4/5/2010
701914,1649,4/17/2002
701915,1899,1/26/2018
701916,1499,12/18/2000
701917,1799,8/8/2014
701918,1399,1/3/2006
701919,1599,11/15/2010
701920,1499,7/26/2019
701921,1549,10/28/2013
701922,1049,2/7/2003
701924,1549,11/22/2016
701925,1599,3/6/2003
701926,1599,10/3/2006
701927,2099,1/19/2015
701928,1099,12/12/2007
701929,1849,9/20/2017
701930,1099,9/19/2013
701931,1099,8/16/2016
701932,1599,8/15/2018
701933,1199,2/20/2007
701934,1199,5/1/2008
701935,1049,6/2/2015
701936,1499,12/10/2002
701938,1449,12/31/2002
701940,1249,3/8/2018
701942,1849,10/3/2006
701943,1049,10/31/2014
701945,1049,2/12/2015
701946,1099,12/16/2016
701947,1049,11/27/2013
701948,1299,1/23/2013
701949,1549,6/23/2011
701950,1049,12/3/2012
701951,3699,3/21/2018
701952,1699,6/16/2009
701953,1899,3/20/2019
701954,2099,2/3/2017
701955,1199,7/26/2019
701956,1349,6/3/2006
701957,1899,2/23/2007
701958,1449,9/2/2014
701959,2849,10/11/2010
701960,1049,11/4/2013
701961,1299,2/6/2008
701962,3249,3/20/2008
701963,1549,9/24/2018
701964,1749,7/3/2007
701965,1049,5/11/2015
701966,1099,4/17/2019
701968,2799,3/6/2018
701969,1049,11/5/2015
701970,1799,3/20/2015
701971,1749,12/2/2002
701972,2049,11/16/2006
701973,1449,12/17/2001
701974,1899,9/1/2009
701975,1649,5/19/2006
701976,1099,7/26/2019
701977,1249,1/15/2004
701978,1749,2/6/2009
701979,1299,12/14/2018
701980,1049,4/27/2016
701981,1699,12/31/2007
701982,2099,6/7/2017
701983,1149,11/17/2008
701984,1049,12/16/2010
701985,1049,8/8/2013
701986,1049,10/31/2011
701987,1199,5/29/2019
701988,1049,6/14/2013
701989,1049,11/20/2014
701991,1049,12/9/2015
701992,1799,9/1/2006
701993,1049,10/7/2015
701994,1049,12/17/2014
701996,1049,5/21/2012
701998,1149,12/1/2009
701999,1049,10/1/2015
702000,1349,3/8/2019
702001,2849,4/12/2011
702002,1749,3/24/2006
702003,1449,10/29/2018
702004,1899,10/26/2005
702005,1449,8/24/2000
702006,2099,6/14/2016
702007,1549,1/10/2012
702008,2349,7/16/2014
702009,1899,4/17/2008
702010,1449,6/4/2007
702011,1599,8/5/2013
702012,1599,12/10/2007
702015,1599,1/4/2017
702016,1799,12/8/2011
702017,1499,5/11/2001
702018,1749,10/3/2007
702019,1499,3/11/2004
702020,1749,12/14/2005
702021,1499,8/2/2004
702022,1899,10/3/2006
702023,2249,3/15/2007
702024,1999,12/1/2017
702025,1449,4/29/2008
702026,1599,6/26/2001
702027,1999,9/29/2005
702028,2149,8/29/2017
702029,1999,8/28/2012
702030,1699,2/6/2008
702031,1899,4/25/2006
702032,1749,7/3/2002
702033,1999,4/12/2005
702034,3449,7/30/2018
702035,1999,2/4/2019
702036,2049,11/1/2013
702037,1599,11/6/2007
702038,1599,3/23/2006
702040,2149,7/24/2006
702041,1899,9/27/2005
702042,1899,5/10/2010
702043,1999,12/8/2005
702044,1499,9/7/2000
702045,4349,7/25/2014
702046,2349,4/7/2005
702047,1499,7/26/2019
702048,1899,5/5/2010
702049,1549,9/19/2018
702051,1949,6/6/2005
702052,2749,7/7/2008
702053,1699,3/31/2004
702054,2149,2/25/2009
702055,1599,11/16/2007
702056,1549,5/14/2014
702057,1449,1/16/2002
702058,1699,7/15/2005
702059,1699,1/31/2007
702060,1349,7/12/2004
702062,1899,7/26/2019
702063,1699,11/30/2006
702064,1449,10/18/2007
702065,1949,9/1/2006
702066,1849,2/9/2018
702067,1749,1/22/2004
702071,2049,11/4/2002
702072,1499,3/28/2003
702073,1149,7/26/2019
702074,1349,5/4/2007
702075,2749,3/31/2004
702076,1899,8/19/2009
702077,1649,7/8/2003
702078,1549,2/8/2013
702079,1449,10/1/2002
702080,1649,10/31/2008
702081,1649,6/28/2001
702082,1399,1/28/2002
702083,1499,3/26/2002
702084,5549,1/20/2017
702085,3749,4/8/2019
702086,1749,10/5/2001
702087,1499,4/24/2000
702088,1499,7/26/2019
702089,1499,2/28/2019
702090,1699,8/30/2013
702091,2049,12/7/2004
702092,1549,12/18/2015
702093,1749,2/25/2003
702094,1699,6/7/2001
702095,1549,8/9/2006
702096,1499,7/26/2019
702098,1799,8/17/2012
702099,2149,8/14/2006
702101,1999,4/27/2004
702102,1049,9/26/2014
702104,1499,1/2/2001
702105,1399,8/15/2005
702106,1699,4/29/2005
702107,1799,11/9/2017
702108,1499,10/15/2001
702109,1449,7/10/2018
702111,1549,2/15/2008
702112,8649,5/22/2019
702113,1449,11/1/2007
702114,1899,5/25/2015
702115,1599,4/20/2006
702116,1949,4/12/2017
702117,1649,10/10/2005
702118,1699,5/10/2010
702119,1699,5/25/2004
702120,1499,12/13/2000
702121,1549,8/6/2015
702122,1799,3/6/2018
702123,1949,4/18/2006
702124,1749,7/26/2019
702125,1499,4/4/2003
702126,1549,4/8/2011
702127,1849,3/3/2017
702128,1449,3/25/2009
702131,1899,11/4/2002
702132,3449,3/15/2011
702133,2549,4/24/2019
702134,1699,9/29/2004
702135,1599,4/30/2002
702136,3499,9/3/2008
702137,2099,4/5/2008
702138,1549,6/9/2011
702139,1449,10/17/2001
702140,1549,4/4/2013
702141,1549,8/2/2004
702142,1599,7/6/2010
702143,4549,3/20/2008
702145,2049,3/12/2004
702146,1549,3/27/2012
702148,1399,6/2/2003
702150,2399,1/9/2019
702151,1499,8/29/2017
702152,1549,11/30/2006
702153,1999,9/28/2010
702154,2249,11/1/2007
702156,2049,5/29/2013
702157,1549,4/14/2008
702158,1749,9/17/2008
702159,1549,3/25/2010
702160,1649,12/2/2002
702161,1649,10/19/2006
702162,1599,8/24/2005
702164,1549,3/14/2012
702165,3449,6/11/2018
702166,1599,8/2/2017
702167,2649,3/27/2006
702168,1299,12/28/2001
702169,1849,12/8/2010
702170,1849,10/18/2007
702171,1549,9/17/2012
702172,1949,11/14/2008
702173,1549,9/20/2017
702174,1449,7/26/2019
702175,2599,5/14/2010
702176,1649,4/17/2006
702177,1649,7/25/2006
702178,2299,3/15/2019
702180,1349,2/27/2001
702181,1399,10/30/2004
702182,1699,4/11/2005
702183,1349,7/20/2007
702184,1399,7/28/2006
702185,3849,6/5/2018
702186,1349,5/7/2007
702187,2499,9/28/2011
702188,2049,6/13/2016
702189,2099,7/27/2016
702190,1999,10/16/2003
702191,1899,8/29/2017
702192,1949,2/17/2010
702193,1649,1/15/2003
702194,1649,9/18/2009
702195,1299,7/26/2019
702196,1449,10/5/2000
702197,1299,2/1/2006
702198,1549,10/30/2012
702199,1799,4/2/2012
702200,1649,2/20/2014
702202,8349,5/24/2019
702203,1999,12/14/2005
702204,1399,2/27/2006
702205,1749,1/3/2003
702206,3099,2/1/2006
702207,1599,2/27/2001
702208,1599,1/21/2009
702209,1799,1/10/2011
702210,1699,7/31/2006
702212,1399,8/27/2003
702213,1699,4/27/2004
702214,1999,7/15/2004
702215,1749,7/21/2003
702216,1699,3/29/2017
702217,1599,6/14/2007
702218,1599,4/17/2002
702219,2249,8/14/2008
702220,2849,4/11/2014
702221,1449,7/26/2019
702222,1699,10/31/2000
702224,1399,1/22/2004
702225,1599,1/22/2004
702227,2949,4/22/2019
702228,1499,10/5/2001
702229,1399,10/5/2001
702230,2449,8/29/2006
702231,1699,7/11/2005
702232,7099,6/21/2019
702233,6449,7/3/2019
702234,2249,4/28/2014
702235,8599,3/13/2019
702236,3049,6/7/2019
702237,1999,3/8/2019
702238,1199,9/1/2011
702240,1599,7/30/2018
702243,1649,9/22/2004
702244,3599,4/1/2019
702245,1649,7/22/2005
702246,1849,5/10/2005
702247,3599,1/18/2019
702249,1899,6/6/2005
702250,1699,6/19/2006
702251,9449,3/25/2019
702253,8899,10/29/2018
702254,1149,7/26/2019
702255,1699,2/1/2005
702256,1649,7/23/2002
702257,2149,12/10/2007
702258,2099,6/17/2010
702259,1499,6/20/2002
702260,5049,5/15/2019
702261,9949,6/12/2019
702262,1599,5/16/2017
702263,8499,5/17/2019
702264,1749,11/3/2003
702266,4099,6/14/2019
702267,1749,5/20/2002
702268,1349,6/25/2007
702269,9049,1/18/2019
702270,4399,5/15/2019
702273,8049,2/7/2019
702274,4749,6/24/2019
702275,2099,2/7/2019
702276,1749,2/6/2004
702277,2149,12/10/2007
702278,1999,7/7/2010
702279,1649,8/29/2006
702281,2549,6/21/2016
702282,4649,1/4/2019
702283,1299,7/28/2010
702284,1199,9/18/2014
702285,1499,4/11/2002
702286,1349,9/4/2009
702287,1399,5/29/2008
702288,1299,2/19/2018
702290,1299,2/14/2003
702291,1199,10/29/2002
702292,1349,3/14/2005
702293,2499,2/14/2018
702294,1249,4/10/2019
702295,1499,9/4/2003
702296,2549,3/4/2019
702298,1449,11/2/2005
702299,1149,7/26/2019
702301,2599,1/10/2005
702305,1049,12/17/2014
702306,2099,4/2/2004
702308,1449,5/10/2005
702309,1699,6/8/2006
702311,1999,5/13/2002
702312,2199,11/19/2018
702313,1449,9/4/2009
702314,1349,4/4/2005
702315,1149,8/5/2003
702316,1999,1/15/2003
702317,1249,12/17/2018
702318,2899,4/25/2005
702319,1299,6/3/2006
702320,2999,12/3/2012
702321,1749,5/10/2002
702323,1999,5/20/2004
702324,2249,4/17/2009
702326,1199,7/26/2019
702327,1999,10/15/2004
702328,1799,3/27/2006
702329,1799,11/22/2016
702330,1899,5/27/2003
702331,2149,11/12/2007
702332,1599,2/11/2016
702333,1849,10/2/2009
702334,1849,12/10/2002
702335,6449,3/15/2011
702336,2049,10/17/2018
702337,1899,8/29/2008
702338,1649,6/4/2007
702339,1699,10/11/2007
702340,1499,3/29/2001
702341,1449,7/12/2004
702342,1449,5/7/2007
702343,1449,8/8/2007
702344,1349,12/16/2003
702345,1549,1/5/2011
702347,1749,4/22/2019
702348,1649,3/7/2005
702349,1549,6/30/2015
702350,1349,6/29/2004
702351,1449,4/27/2004
702352,2449,10/2/2018
702353,1949,2/21/2005
702354,2599,1/5/2011
702357,1299,2/9/2010
702358,1999,5/18/2007
702359,1749,9/17/2008
702360,1649,4/12/2010
702362,2949,9/19/2007
702363,1649,8/13/2002
702364,1799,9/4/2018
702365,7999,5/13/2004
702366,2299,3/31/2015
702367,2299,2/8/2011
702368,3449,10/3/2006
702369,2749,11/24/2010
702370,2499,11/18/2002
702371,2699,5/2/2005
702372,2549,12/5/2005
702373,1249,5/25/2001
702374,2249,6/2/2003
702375,6649,8/22/2018
702376,1499,1/21/2005
702377,1599,3/31/2006
702378,1149,7/26/2019
702379,2649,11/6/2007
702380,4999,1/14/2019
702381,2149,6/28/2011
702382,1199,7/26/2019
702383,2499,4/17/2009
702384,1449,7/26/2019
702385,1749,10/13/2006
702387,1899,2/28/2007
702389,1449,7/3/2002
702390,1749,7/26/2019
702391,2249,2/17/2010
702392,1949,4/27/2011
702393,4849,5/6/2010
702394,1149,4/3/2017
702395,1449,10/28/2003
702396,1749,1/6/2003
702397,1499,10/24/2008
702398,1699,1/24/2018
702399,1099,1/6/2003
702401,1699,8/24/2004
702402,1499,6/16/2006
702403,1299,10/26/2009
702404,1099,7/21/2000
702405,8999,6/10/2019
702406,1349,6/23/2010
702407,1499,9/30/2004
702408,1299,8/19/2013
702409,1299,3/1/2013
702410,1199,6/14/2005
702411,2949,5/24/2019
702412,1249,7/26/2019
702413,1249,10/10/2013
702414,1499,7/26/2019
702415,1249,8/19/2015
702416,1549,3/19/2014
702417,2049,6/7/2019
702418,1799,10/13/2017
702419,1799,5/23/2011
702420,1149,5/31/2000
702421,2099,4/17/2015
702422,2799,11/19/2018
702423,5849,2/27/2019
702424,1299,5/6/2019
702425,1799,2/19/2015
702426,2699,8/19/2011
702427,1249,7/17/2001
702428,1249,11/7/2000
702429,1649,8/2/2006
702430,2299,12/14/2017
702431,1199,8/6/2001
702432,2599,6/25/2008
702433,1199,9/14/2001
702434,1749,1/17/2014
702435,6299,2/13/2019
702436,1299,2/6/2007
702437,1099,11/13/2001
702438,1249,7/8/2015
702439,1199,11/13/2001
702440,1599,3/7/2005
702441,3499,7/8/2019
702442,1399,1/11/2002
702443,1249,1/16/2002
702444,1499,8/2/2004
702445,1299,8/8/2008
702446,1449,5/10/2010
702447,1149,7/10/2002
702448,1099,7/3/2002
702449,1399,5/3/2006
702450,1199,7/10/2002
702451,1199,7/17/2002
702452,1349,10/11/2007
702453,1499,12/30/2004
702455,1099,9/24/2002
702456,8199,3/4/2019
702457,1499,8/2/2006
702458,1149,3/6/2003
702459,5449,5/24/2019
702460,1149,4/4/2003
702461,1349,5/8/2019
702462,1199,8/23/2017
702463,1249,3/31/2014
702464,1499,8/6/2002
702465,1099,5/13/2003
702466,1249,6/6/2003
702467,1749,2/3/2003
702471,1149,7/8/2003
702472,1099,7/8/2003
702473,1249,11/6/2003
702474,1799,7/25/2006
702475,1099,2/6/2004
702477,1449,11/9/2005
702478,1249,3/3/2004
702479,1449,3/29/2000
702481,1399,9/9/2008
702483,2149,9/14/2007
702489,1549,7/15/2003
702490,1349,1/10/2011
702491,1349,5/29/2015
702492,1299,6/6/2008
702493,1199,10/4/2004
702494,1449,1/9/2008
702495,1449,6/30/2009
702496,1299,2/28/2011
702497,1249,2/10/2005
702498,1149,12/14/2004
702499,2549,11/16/2006
702500,1249,11/3/2009
702501,1599,4/2/2004
702502,1249,6/7/2004
702503,1149,9/27/2005
702504,1349,5/18/2007
702505,1949,9/10/2007
702506,1149,12/14/2004
702507,3249,11/17/2017
702508,1199,3/18/2005
702509,1149,7/7/2005
702510,3349,4/22/2019
702511,1199,10/14/2005
702514,3299,10/25/2018
702517,1849,7/14/2010
702518,1499,12/31/2007
702519,3449,1/14/2010
702520,1099,11/17/2005
702521,1199,6/6/2005
702522,5999,1/14/2009
702523,1099,10/14/2005
702524,2199,9/8/2008
702525,1049,3/6/2006
702527,1149,8/4/2005
702528,1099,12/5/2005
702529,1199,8/29/2006
702530,1949,7/30/2008
702531,3849,1/29/2018
702532,1199,2/8/2006
702533,1249,9/27/2005
702534,1549,4/14/2008
702535,1099,3/15/2006
702536,1099,4/20/2006
702537,2499,1/4/2019
702538,1549,9/30/2013
702539,1149,2/1/2006
702540,1099,1/3/2007
702541,1749,3/5/2009
702542,1099,4/6/2006
702543,1249,8/14/2007
702544,1149,8/9/2006
702545,1049,4/6/2006
702546,1049,10/14/2005
702547,1099,7/24/2006
702548,1049,11/30/2006
702549,1049,1/17/2013
702550,4799,2/27/2019
702551,1149,3/6/2006
702552,3949,11/26/2018
702553,1499,7/26/2019
702554,1099,12/14/2005
702555,1449,9/12/2001
702556,1199,2/20/2014
702557,1599,3/19/2004
702558,1599,10/27/2008
702559,1049,5/4/2007
702560,1249,12/14/2005
702561,1149,11/30/2006
702562,1099,3/20/2008
702563,1099,3/15/2007
702564,1099,10/5/2005
702565,1049,3/7/2013
702566,7999,7/3/2019
702567,1299,8/24/2000
702569,1049,8/13/2013
702570,1399,9/1/2016
702571,1149,11/30/2006
702572,1799,6/5/2018
702573,1149,6/3/2006
702574,1099,4/6/2006
702575,3249,1/17/2014
702576,1099,4/3/2007
702577,1199,1/15/2004
702578,1099,9/12/2007
702579,1699,7/23/2002
702580,1049,10/3/2006
702581,1099,10/29/2007
702582,2649,4/20/2006
702583,1299,12/4/2008
702584,1199,7/16/2007
702585,1149,11/30/2006
702586,1049,6/19/2008
702587,4199,7/16/2007
702589,1049,6/21/2010
702590,1699,7/19/2000
702591,1249,12/8/2006
702592,1049,11/30/2006
702593,1499,8/21/2001
702594,1299,5/14/2008
702595,1049,10/3/2006
702596,3699,1/6/2017
702597,3249,6/17/2019
702598,1149,1/22/2007
702599,1199,2/28/2008
702600,1149,8/28/2007
702601,1199,11/20/2009
702602,1049,7/26/2010
702603,1049,7/30/2010
702604,1149,8/6/2015
702605,1099,9/9/2010
702606,1449,7/26/2019
702607,3049,3/4/2019
702608,1049,2/2/2012
702609,1049,3/26/2013
702610,1049,1/4/2013
702611,1049,4/5/2013
702612,1049,10/24/2013
702613,1049,10/24/2013
702614,1049,5/30/2013
702615,1049,10/24/2013
702616,1049,3/12/2014
702617,1149,7/30/2010
702618,1049,11/25/2013
702619,1049,11/18/2013
702620,1049,1/29/2018
702621,1049,12/10/2012
702622,1049,8/8/2013
702623,4649,8/13/2018
702624,1449,1/2/2001
702625,1499,7/26/2019
702626,1149,2/23/2007
702627,1099,11/30/2006
702628,1099,5/4/2007
702629,1099,12/4/2008
702630,1249,9/26/2007
702631,1749,10/20/2005
702632,1849,1/15/2003
702633,1599,6/26/2001
702634,1749,2/19/2002
702635,1199,5/29/2007
702636,1299,1/13/2017
702637,7799,6/21/2019
702638,1049,11/16/2007
702639,1149,10/11/2007
702640,1049,3/9/2007
702641,1199,9/12/2007
702642,1499,6/28/2001
702643,1249,1/31/2007
702644,1049,9/5/2008
702645,1099,10/11/2007
702646,1549,4/25/2014
702647,1149,1/22/2007
702648,1099,6/28/2007
702650,1249,1/3/2007
702651,1049,11/30/2007
702652,1049,11/16/2007
702653,4899,1/2/2019
702654,1049,9/26/2011
702655,1499,8/24/2000
702656,1099,9/5/2008
702657,1199,5/15/2009
702658,1349,3/15/2019
702662,1049,2/19/2009
702664,1049,2/19/2009
702665,1049,2/19/2009
702668,1049,2/19/2009
702670,1049,10/24/2013
702673,1149,2/19/2009
702674,1149,6/3/2006
702677,1199,6/3/2006
702678,1249,2/19/2009
702681,1049,2/19/2009
702682,1249,6/3/2006
702684,1149,1/3/2006
702685,1049,1/31/2011
702686,1499,3/13/2002
702687,1299,7/22/2013
702688,1049,7/18/2012
702689,1249,12/31/2007
702690,1549,8/24/2015
702691,1049,2/23/2007
702692,1099,6/7/2017
702693,1049,11/23/2011
702694,1649,11/30/2006
702695,1849,5/14/2010
702696,1049,7/30/2012
702697,1049,12/1/2014
702698,1249,7/20/2007
702699,1049,8/9/2013
702700,1049,8/21/2008
702703,1399,2/1/2005
702704,1249,7/26/2019
702705,1449,1/24/2003
702706,1299,7/26/2019
702711,1349,10/21/2003
702712,1599,6/3/2006
702719,1299,7/26/2019
702722,1499,11/30/2006
702725,1599,1/21/2009
702726,1849,4/13/2009
702728,1099,8/15/2005
702729,1199,11/30/2006
702730,1099,7/17/2009
702731,1749,3/15/2007
702733,1199,6/6/2003
702734,1499,11/2/2018
702735,1149,12/4/2003
702736,1149,6/7/2004
702737,1499,7/26/2019
702738,1049,5/29/2007
702739,1249,1/16/2008
702740,1199,1/16/2008
702741,2199,5/19/2006
702742,1149,6/6/2003
702743,1099,1/15/2004
702744,1099,8/28/2007
702745,1199,5/16/2008
702746,1049,8/5/2008
702747,1049,10/16/2009
702748,1049,12/30/2009
702749,1199,10/15/2010
702750,1249,2/28/2008
702765,1349,11/30/2000
702766,1699,9/12/2005
702767,1449,2/28/2019
702769,1849,1/23/2009
702770,1599,7/25/2006
702771,1149,11/6/2003
702772,1199,3/8/2010
702773,1599,7/28/2006
702778,1249,3/22/2010
702779,1249,12/31/2010
702782,1049,6/7/2017
702783,1049,12/1/2014
702784,1049,8/29/2008
702785,1999,12/16/2005
702786,1099,11/23/2015
702787,1199,12/16/2013
702788,7599,6/12/2019
702789,1249,12/1/2009
702790,1199,5/21/2010
702791,1049,4/13/2016
702792,1049,6/30/2014
702793,1049,12/17/2014
702794,2149,11/3/2009
702795,1049,7/29/2013
702796,1049,4/9/2014
702797,1049,4/24/2012
702798,1149,4/8/2011
702800,1049,7/21/2014
702801,1049,7/21/2015
702802,1049,11/17/2014
702803,1049,3/20/2015
702804,1049,7/9/2015
702805,1049,9/11/2014
702806,1049,11/9/2016
702807,1049,5/27/2016
702808,1049,5/23/2016
702809,1049,12/9/2015
702810,1049,4/24/2015
702811,1049,12/7/2016
702812,1049,3/15/2016
702813,1049,7/11/2017
702814,1049,7/26/2019
702815,1049,2/5/2018
702816,1049,11/22/2016
702818,1049,1/16/2017
702819,1049,11/22/2016
702820,1049,12/7/2016
702821,1049,6/7/2017
702822,1849,1/2/2019
702823,1049,11/30/2016
702825,1049,7/10/2018
702826,1049,11/22/2016
702827,1049,10/7/2016
702828,1049,11/22/2016
702829,1049,5/8/2017
702830,1049,9/14/2016
702831,1049,10/7/2016
702833,1049,5/16/2017
702834,1049,10/23/2017
702837,1049,4/13/2016
702840,1299,7/26/2019
702842,1499,1/2/2019
702844,1349,6/11/2009
702845,7199,5/24/2019
702859,1449,3/5/2010
702870,1249,7/26/2019
702872,1149,7/26/2019
702875,1149,3/6/2007
702879,1249,3/2/2009
702889,1049,9/17/2012
702890,1049,11/18/2013
702900,1199,1/9/2019
702901,1099,7/17/2002
702902,1199,8/13/2002
702903,1199,5/28/2008
702904,1049,7/8/2011
702905,1249,5/13/2011
702906,1099,8/6/2013
702907,1249,6/7/2007
702908,1049,11/14/2008
702909,1049,7/21/2014
702910,1249,7/26/2019
702911,1899,6/11/2012
702912,1099,10/29/2007
702913,1499,9/24/2018
702914,1049,3/14/2014
702915,1199,6/2/2008
702916,2899,9/29/2017
702917,1149,6/4/2007
702918,3299,10/12/2009
702919,1249,4/18/2011
702920,1049,9/5/2013
702921,1049,10/2/2012
702922,1049,9/11/2014
702923,1049,12/1/2014
702924,1049,7/26/2019
702925,1049,12/8/2014
702926,2449,6/10/2019
702927,1049,7/29/2013
702928,1499,12/7/2016
702929,1049,10/24/2013
702930,1049,3/1/2016
702931,1049,12/17/2014
702932,1049,11/30/2017
702933,1499,4/18/2006
702934,1049,3/1/2016
702935,1049,8/15/2014
702936,1049,8/31/2015
702937,1049,11/30/2016
702938,1049,9/25/2015
702939,1049,8/19/2015
702940,1049,10/22/2014
702941,1049,1/22/2015
702942,1049,4/14/2015
702943,1049,2/26/2018
702945,1099,3/3/2004
702946,1449,4/2/2003
702947,1699,6/26/2001
702948,1549,2/15/2007
702949,1199,2/6/2004
702950,1049,8/19/2015
702951,3249,6/29/2004
702952,1049,5/12/2015
702953,1049,5/19/2015
702954,1049,7/9/2015
702956,3599,4/16/2010
702957,1049,6/12/2015
702958,1049,3/20/2015
702959,1049,3/21/2016
702960,1049,7/26/2019
702961,1299,8/27/2018
702962,2049,7/11/2017
702963,1049,7/26/2019
702964,1049,7/26/2019
702965,1049,7/26/2019
702966,1049,7/26/2019
702968,1049,7/26/2019
702969,1049,7/26/2019
702970,1449,4/16/2018
702971,1149,6/19/2019
702972,1649,8/4/2005
702973,1899,6/23/2008
702974,1049,7/26/2019
702976,1299,11/15/2018
702978,1049,7/26/2019
702979,1549,10/14/2015
702980,1049,7/26/2019
702981,1049,7/26/2019
702982,1049,1/18/2016
702983,1049,7/26/2019
702984,2849,7/1/2010
702985,1249,10/15/2018
702986,1549,4/22/2003
702987,1199,3/3/2004
702988,1049,7/26/2019
702989,1499,6/14/2019
702990,1049,7/26/2019
702991,1049,7/26/2019
702992,1149,5/24/2019
702993,3449,1/4/2017
702994,1749,1/4/2002
702995,1049,7/6/2015
702997,1049,7/26/2019
702999,1049,7/14/2014
703000,1049,9/5/2013
703003,1499,1/27/2003
703004,1399,7/26/2019
703005,1699,9/6/2001
703006,3849,3/25/2019
703007,1949,11/12/2007
703008,2049,6/17/2011
703009,1449,2/15/2001
703010,1849,11/30/2017
703011,1099,1/3/2007
703012,1849,5/5/2010
703013,1749,2/24/2011
703014,2749,10/1/2002
703016,3849,2/23/2018
703017,1999,12/8/2008
703018,1849,10/21/2003
703019,1499,7/26/2019
703020,1099,7/26/2019
703021,1349,1/9/2004
703022,1499,1/6/2003
703023,1499,6/27/2000
703024,2099,3/24/2017
703025,1399,7/26/2019
703026,1799,5/13/2003
703027,2149,10/18/2013
703028,1699,5/13/2004
703029,1449,6/5/2002
703030,1349,8/6/2010
703031,1499,7/26/2019
703032,1849,10/8/2018
703033,2049,10/10/2013
703034,1699,3/6/2003
703035,1649,9/5/2007
703036,1499,7/26/2019
703037,1999,5/30/2006
703038,1299,9/26/2011
703039,2099,9/29/2009
703040,1749,2/1/2008
703041,1499,1/14/2009
703042,1649,2/9/2010
703043,1449,2/2/2015
703044,1949,9/25/2008
703045,1849,3/19/2014
703047,1699,7/2/2003
703048,1549,2/7/2014
703049,1599,12/17/2014
703050,1899,7/17/2009
703051,1799,12/20/2010
703052,1399,10/31/2000
703054,4249,5/16/2014
703055,1749,9/19/2007
703056,1449,10/5/2000
703057,2749,5/17/2011
703058,1749,2/18/2004
703059,2149,6/29/2004
703060,1649,8/2/2004
703061,1499,8/28/2001
703062,1699,5/27/2009
703063,1849,4/6/2010
703064,2049,1/23/2019
703065,1649,11/14/2008
703066,2349,5/25/2011
703067,1599,1/5/2011
703068,1449,7/5/2001
703069,1599,4/17/2009
703070,2699,12/31/2007
703072,2049,10/7/2016
703074,1899,4/4/2006
703075,1399,12/6/2000
703076,1449,7/26/2019
703077,1549,7/26/2010
703078,1399,12/4/2003
703079,1499,6/13/2003
703080,2299,10/7/2016
703081,1899,4/17/2014
703082,1049,7/24/2017
703088,1549,9/20/2017
703089,1749,3/12/2002
703090,1499,12/10/2012
703092,1499,11/6/2001
703093,2999,5/22/2015
703096,1749,8/21/2017
703097,2049,1/26/2012
703100,1999,11/12/2002
703103,1549,9/17/2012
703106,1549,12/6/2012
703107,2749,4/27/2004
703108,1599,12/11/2009
703110,3799,8/27/2018
703111,2499,9/5/2007
703113,3449,9/29/2009
703114,2449,8/29/2007
703115,1999,1/26/2010
703116,1999,6/19/2019
703117,2199,12/12/2007
703119,1849,7/26/2019
703120,1449,3/14/2005
703121,1049,11/17/2014
703122,1799,7/11/2017
703123,1799,8/22/2012
703124,1999,4/10/2019
703125,1549,5/25/2011
703126,1499,10/25/2001
703127,1849,11/30/2016
703128,1599,6/16/2008
703129,1549,4/4/2012
703130,1599,10/3/2006
703131,1899,3/13/2019
703132,1849,12/3/2012
703133,1999,2/25/2009
703134,3099,8/31/2010
703135,1499,10/15/2001
703136,1999,12/30/2004
703137,1449,7/26/2019
703138,1799,4/13/2012
703139,1949,6/26/2006
703140,1349,12/14/2004
703142,2349,8/28/2007
703143,1299,4/14/2011
703144,1349,12/5/2007
703145,1149,7/26/2019
703146,1499,5/4/2000
703147,2349,10/21/2008
703148,1699,12/30/2004
703149,2099,7/7/2015
703150,1799,5/4/2007
703151,1549,8/25/2014
703152,1999,4/28/2006
703153,2749,11/30/2016
703154,1849,4/2/2018
703156,1349,12/17/2001
703157,1499,6/26/2001
703158,2199,11/17/2008
703159,1549,8/2/2004
703160,1749,10/30/2004
703161,1299,7/9/2013
703162,2049,4/21/2016
703163,1999,1/9/2013
703164,3999,9/4/2018
703165,1799,1/10/2005
703166,1949,7/9/2012
703167,2199,6/20/2006
703168,1949,3/28/2005
703169,1299,4/22/2003
703170,1299,5/27/2009
703171,4749,11/12/2018
703172,1599,5/16/2008
703173,1949,11/17/2003
703174,4849,2/18/2019
703175,3499,11/22/2016
703176,2749,5/8/2017
703177,1549,7/13/2016
703178,3299,6/7/2017
703179,1699,2/15/2002
703180,1599,10/3/2007
703181,1949,11/10/2004
703182,1699,7/26/2019
703183,2149,12/23/2009
703184,1749,5/27/2003
703185,1449,12/18/2000
703186,1499,6/4/2014
703187,1999,1/18/2019
703188,1599,3/12/2004
703189,1249,10/23/2017
703190,2199,5/13/2003
703193,1749,3/20/2017
703194,1449,10/11/2001
703195,1999,10/3/2007
703196,1649,6/13/2002
703197,2099,10/18/2010
703199,1699,7/31/2013
703200,2799,6/21/2019
703201,1049,10/3/2006
703202,2099,11/1/2016
703203,2199,1/18/2019
703204,1349,6/20/2006
703205,1649,10/16/2009
703206,2149,1/14/2019
703207,9449,10/22/2018
703208,9499,5/29/2019
703209,1399,8/10/2001
703210,1299,7/15/2008
703211,1349,9/26/2013
703212,1299,12/17/2015
703213,1549,8/24/2015
703214,5099,7/23/2018
703215,1449,10/17/2018
703216,1949,2/1/2008
703217,1149,7/26/2019
703218,1599,10/21/2016
703219,1449,4/12/2005
703220,1449,5/4/2007
703221,2499,3/20/2008
703222,1649,7/9/2013
703223,1849,2/18/2005
703224,1299,1/23/2019
703225,1649,6/27/2016
703226,1199,4/17/2008
703227,1249,6/27/2000
703228,1299,12/1/2014
703229,1349,10/15/2002
703230,1199,6/27/2000
703231,1349,11/11/2015
703232,1649,6/26/2007
703233,1549,4/7/2015
703234,1949,3/28/2007
703235,1849,8/31/2010
703236,2099,4/14/2011
703237,2799,7/23/2015
703238,1349,8/15/2005
703239,1999,2/18/2019
703240,1749,12/31/2002
703241,1749,5/27/2003
703242,1849,2/26/2016
703243,1449,1/30/2009
703244,1099,4/17/2002
703245,1299,7/10/2015
703246,1349,8/21/2008
703247,1299,9/1/2011
703249,1249,9/16/2002
703250,1199,12/19/2002
703251,1299,5/10/2013
703252,1149,9/4/2003
703253,1549,8/9/2010
703254,8349,4/29/2019
703255,1199,5/13/2003
703256,1249,4/2/2004
703257,1499,3/6/2006
703258,1249,6/7/2004
703259,1249,8/2/2004
703260,1149,6/7/2004
703261,1249,2/18/2013
703262,1099,8/18/2004
703263,7649,4/12/2019
703264,1149,10/4/2004
703265,1249,1/3/2006
703266,1049,10/14/2005
703267,1199,4/11/2005
703268,1899,6/7/2004
703269,1149,3/7/2005
703270,1099,10/14/2005
703271,1449,2/3/2010
703272,1199,4/20/2006
703273,1249,8/17/2006
703274,1449,8/14/2009
703275,1999,9/13/2017
703276,1249,11/4/2004
703277,1099,2/10/2005
703278,1249,8/24/2005
703279,1199,12/5/2006
703280,1149,11/4/2004
703281,6349,5/24/2019
703282,1099,1/18/2006
703283,1299,8/12/2015
703285,1499,8/12/2010
703286,1049,11/11/2015
703287,1149,12/15/2006
703288,1099,9/26/2007
703289,1149,8/8/2007
703290,1199,3/5/2007
703291,1099,11/1/2006
703292,1849,10/3/2007
703293,1049,10/24/2011
703294,1349,3/22/2010
703295,1449,7/26/2010
703296,1199,10/3/2006
703297,1199,11/1/2007
703298,2299,10/10/2008
703299,1249,5/28/2008
703300,1049,10/29/2014
703303,1049,10/10/2013
703305,1199,10/29/2007
703306,1049,6/10/2019
703307,1049,6/1/2015
703313,1249,5/8/2008
703317,1099,8/14/2008
703321,1199,2/3/2010
703325,1049,1/12/2016
703327,1049,12/19/2017
703328,1049,3/31/2015
703331,1049,10/29/2014
703332,1049,11/27/2017
703336,1149,8/28/2008
703337,1049,1/10/2018
703339,1049,12/12/2017
703343,1049,10/29/2014
703344,1049,10/10/2013
703352,1249,11/10/2009
703355,1099,7/26/2010
703356,1049,7/15/2016
703365,1049,6/14/2011
703370,1049,10/2/2012
703371,1049,8/2/2016
703372,1049,12/13/2010
703375,1099,2/1/2016
703377,1049,3/24/2017
703378,1049,3/31/2016
703379,1049,2/20/2017
703380,2149,9/5/2013
703382,1049,11/2/2015
703387,1049,1/19/2015
703388,1049,11/9/2010
703392,1049,4/5/2012
703396,1049,12/13/2011
703397,1049,12/5/2011
703398,1049,10/11/2012
703399,1049,11/25/2013
703400,1099,2/26/2013
703402,1099,10/3/2006
703403,1249,6/27/2008
703404,1499,2/14/2011
703405,1249,10/3/2006
703406,7349,5/1/2019
703407,1149,7/27/2009
703408,1049,7/30/2012
703409,1049,8/14/2007
703410,1049,12/21/2012
703411,1099,7/30/2014
703412,1049,10/22/2012
703413,1149,9/12/2007
703414,1099,3/8/2017
703415,1049,11/7/2013
703416,1099,10/21/2016
703417,1049,11/12/2012
703418,1049,7/24/2013
703419,1049,12/20/2013
703420,1049,8/8/2013
703421,1049,10/17/2014
703423,1049,11/18/2013
703424,1049,2/26/2014
703425,1099,11/20/2013
703426,1199,4/23/2009
703427,1049,5/5/2014
703428,1049,9/3/2014
703429,2499,8/26/2011
703430,1049,2/5/2013
703431,1049,9/11/2014
703434,1049,11/4/2013
703435,1049,12/1/2014
703436,1049,9/19/2014
703437,1049,10/27/2014
703438,1049,5/11/2015
703439,2799,2/7/2019
703440,1049,7/28/2014
703441,1849,3/12/2018
703442,1049,4/14/2015
703443,1049,8/17/2015
703445,1049,12/12/2014
703446,1049,10/24/2012
703449,1049,10/22/2015
703450,1049,3/26/2013
703451,1049,10/16/2015
703452,1049,9/19/2014
703454,1049,11/18/2013
703455,1049,2/18/2013
703456,2749,6/29/2018
703457,1049,10/21/2016
703458,1049,11/5/2015
703459,1099,11/21/2018
703461,1099,2/23/2018
703462,1049,9/11/2014
703463,1049,7/14/2014
703464,1049,11/17/2014
703466,1049,2/24/2015
703467,1049,10/3/2014
703468,1049,11/20/2014
703470,1049,9/30/2016
703471,1049,9/21/2015
703472,1049,11/23/2015
703473,1049,10/7/2016
703476,1049,10/26/2015
703477,1049,11/11/2015
703478,1049,11/17/2014
703479,1049,9/30/2016
703480,1049,3/20/2015
703481,1049,5/27/2016
703482,1049,1/4/2017
703483,1049,7/11/2017
703484,1049,12/6/2017
703485,1049,7/11/2017
703487,1049,7/11/2017
703488,1049,1/24/2018
703489,1049,10/25/2018
703490,1049,3/17/2017
703492,1949,12/14/2018
703497,2699,11/20/2009
703498,1049,11/9/2016
703499,1049,8/14/2017
703500,3799,6/28/2019
703501,1499,9/27/2005
703504,1049,11/19/2018
703506,1549,5/24/2012
703507,1649,12/31/2007
703508,1599,5/9/2016
703509,1899,1/9/2019
703510,1549,7/23/2014
703511,1099,12/20/2001
703512,1299,4/30/2014
703513,1149,12/20/2001
703514,1199,12/20/2001
703516,1499,12/28/2006
703518,1499,11/6/2003
703519,1449,3/31/2006
703520,1349,7/6/2007
703522,1299,5/21/2010
703525,1849,7/11/2014
703526,1549,3/15/2019
703527,1749,6/20/2008
703528,1349,12/4/2003
703532,1199,4/17/2014
703533,1299,1/30/2004
703534,1199,12/31/2007
703536,1249,9/1/2009
703537,1099,9/15/2009
703538,1049,11/16/2011
703539,2049,10/11/2007
703540,1099,9/28/2017
703542,1049,7/26/2019
703546,1049,7/26/2019
703549,1799,9/17/2018
703551,1949,11/17/2009
703552,1149,10/22/2014
703553,1149,10/22/2014
703555,1049,1/18/2019
703556,1049,10/22/2014
703557,1149,10/22/2014
703558,1049,7/26/2019
703559,1149,10/22/2014
703562,1049,8/17/2015
703563,1099,10/26/2015
703565,1149,10/22/2014
703569,1049,1/25/2016
703571,1049,3/6/2017
703572,1049,2/15/2017
703573,1049,6/7/2017
703574,1099,5/17/2019
703580,4299,4/29/2019
703585,1049,2/3/2017
703586,1049,6/7/2017
703587,1049,9/28/2017
703588,1049,10/7/2016
703589,1049,9/25/2017
703599,1049,10/17/2014
703602,1049,7/28/2014
703603,1049,11/4/2014
703604,1049,1/17/2013
703605,1049,5/17/2011
703607,1049,3/27/2015
703609,1049,11/23/2011
703610,1049,3/26/2013
703611,1049,5/19/2017
703612,1049,3/22/2007
703615,1049,8/23/2018
703616,1149,4/23/2009
703617,1049,10/10/2013
703619,1049,10/29/2014
703621,1049,10/29/2014
703628,1049,11/8/2013
703629,1049,10/10/2013
703630,1049,11/16/2015
703635,1049,9/3/2015
703638,1049,8/23/2018
703639,1049,10/2/2012
703640,1099,2/18/2016
703641,1049,9/15/2014
703642,1049,10/2/2012
703643,1049,8/29/2016
703647,1849,8/21/2007
703648,1049,10/2/2012
703649,1049,6/28/2018
703653,2399,8/15/2005
703658,1249,1/3/2008
703659,1999,12/2/2002
703660,1049,11/4/2014
703665,2249,10/11/2007
703669,2599,1/2/2013
703670,1049,2/5/2013
703672,1049,10/29/2014
703673,1049,11/4/2014
703674,2199,11/18/2016
703675,1049,10/29/2014
703676,1049,10/29/2014
703679,1049,8/15/2014
703682,1149,7/25/2016
703688,1049,11/4/2014
703689,1099,12/9/2009
703690,1049,7/15/2016
703691,1549,12/10/2007
703692,1049,7/15/2016
703695,1049,6/7/2016
703696,1049,10/24/2013
703697,1049,11/25/2013
703699,1049,1/19/2018
703700,1049,7/15/2016
703701,1699,9/27/2005
703702,1849,10/31/2002
703704,1249,7/26/2019
703705,1499,9/13/2001
703706,1799,10/12/2011
703707,1349,3/6/2002
703709,1449,7/26/2019
703711,1399,3/23/2000
703713,1349,7/26/2019
703720,1249,10/21/2003
703721,9749,6/17/2019
703723,1049,11/9/2016
703725,1049,7/2/2012
703748,1049,10/12/2017
703759,1049,6/28/2019
703765,1049,3/1/2016
703768,1049,7/15/2016
703772,1249,4/30/2009
703773,1049,3/4/2016
703774,1749,2/14/2003
703783,2249,7/30/2008
703784,1049,3/21/2018
703788,1049,3/21/2016
703790,1049,4/14/2014
703792,1399,9/12/2005
703805,1049,1/5/2018
703806,1049,4/2/2018
703807,6599,10/23/2014
703808,1049,7/26/2019
703811,1849,11/13/2013
703813,1099,5/29/2008
703816,1949,6/9/2004
703820,1049,8/20/2018
703822,2449,10/23/2017
703825,2949,6/26/2018
703826,2549,9/15/2014
703827,1549,8/22/2012
703833,2149,7/12/2004
703835,1899,11/3/2009
703838,1049,5/12/2016
703840,1499,8/8/2007
703845,1899,6/3/2006
703846,1599,6/22/2004
703848,2499,11/15/2010
703852,1499,2/26/2008
703860,1699,4/4/2003
703863,1049,3/31/2016
703870,1049,2/7/2013
703871,1049,2/7/2013
703877,1249,3/28/2008
703878,1049,7/21/2015
703879,1049,6/17/2013
703880,1049,2/26/2014
703883,1049,9/20/2016
703886,1849,12/22/2014
703888,1349,8/8/2007
703893,1299,2/26/2008
703895,1649,6/1/2011
703903,1049,5/14/2013
703906,2549,11/15/2017
703907,1099,5/26/2016
703909,1049,9/30/2016
703910,1049,5/14/2013
703917,1899,2/20/2008
703918,1199,7/30/2009
703921,1699,4/30/2002
703922,1049,2/5/2013
703923,3149,8/23/2016
703927,1049,5/14/2013
703928,1299,9/16/2015
703932,2899,2/13/2019
703934,2899,4/17/2018
703936,1949,8/31/2010
703937,1449,6/26/2001
703939,2349,8/5/2008
703940,1049,9/30/2016
703942,1049,11/11/2016
703945,1599,2/14/2006
703946,2449,6/19/2019
703948,1049,3/10/2015
703949,1049,6/26/2015
703966,1049,7/9/2015
703971,1999,9/13/2013
703972,1149,12/6/2010
703973,1099,3/3/2015
703976,1149,9/19/2018
703979,1099,12/6/2010
703980,1249,11/12/2018
703981,1049,12/17/2012
703982,1049,11/7/2013
703983,1099,1/4/2017
703984,1049,9/5/2013
703985,2399,5/11/2009
703986,1249,9/27/2018
703990,1049,12/10/2012
703991,1899,7/14/2010
703992,1049,10/24/2013
703993,1049,3/12/2015
703994,1049,11/7/2013
703995,1049,9/5/2013
703996,1049,11/4/2013
704300,1149,9/23/2016
704301,1499,8/5/2008
704304,1899,3/15/2016
704305,2549,11/16/2006
704306,1399,7/26/2019
704307,1749,8/8/2008
704308,1699,7/10/2018
704309,1899,10/31/2002
704312,1749,1/25/2001
704313,1749,7/8/2002
704314,1699,12/28/2001
704315,2599,11/2/2018
704316,1749,7/26/2019
704319,2399,9/6/2017
704324,1949,1/13/2005
704325,2549,8/2/2016
704327,1849,11/17/2005
704328,1949,2/6/2004
704329,1999,12/19/2014
704330,1049,11/11/2015
704332,2249,8/24/2005
704335,1999,12/16/2003
704338,1999,2/23/2010
704340,2099,11/1/2016
704342,3849,7/11/2017
704344,1849,5/20/2002
704345,1499,2/5/2002
704346,2249,4/21/2017
704348,1999,3/22/2010
704349,1049,6/23/2014
704351,2449,5/13/2003
704352,2249,12/28/2006
704359,2299,3/28/2008
704360,1549,1/10/2006
704361,3299,2/12/2013
704362,1699,3/5/2007
704367,2449,6/27/2016
704368,1749,8/3/2000
704372,3149,6/7/2007
704374,4599,5/4/2018
704375,1699,2/6/2004
704376,2849,1/30/2015
704377,2349,5/17/2019
704378,2249,4/1/2019
704379,2699,1/15/2004
704381,2249,8/23/2001
704382,4299,7/9/2014
704384,2149,5/4/2004
704385,1999,12/16/2003
704389,2499,10/3/2006
704390,1799,11/27/2007
704392,2349,9/25/2014
704393,2499,5/28/2008
704396,1049,7/9/2015
704398,1749,10/5/2001
704399,1899,2/1/2006
705000,2799,12/9/2015
705002,1849,7/29/2013
705003,1599,9/7/2004
705004,1649,3/7/2013
705005,1299,8/21/2002
705006,1499,7/26/2019
705007,1349,6/18/2001
705008,1799,8/6/2013
705009,2049,5/20/2019
705010,1549,3/7/2005
705011,1499,8/21/2002
705012,1999,12/22/2009
705013,3249,12/20/2018
705014,1199,10/15/2002
705015,1349,3/26/2013
705017,1499,12/19/2002
705019,1299,6/5/2009
705020,1249,7/26/2019
705021,1549,1/14/2009
705023,1449,10/7/2003
705025,2399,4/5/2008
705026,1499,7/26/2019
705027,1399,3/28/2007
705028,1549,8/29/2017
705029,1249,7/30/2013
705030,2399,3/31/2011
705031,1449,7/26/2019
705032,1099,8/13/2002
705034,1449,10/15/2002
705035,1449,12/6/2000
705036,1349,4/18/2008
705037,1599,1/9/2004
705038,1199,5/22/2008
705039,1099,4/22/2019
705040,1899,1/5/2009
705043,2249,9/8/2000
705045,1949,4/3/2000
705046,1549,4/18/2016
705047,1599,7/18/2018
705048,1749,6/29/2004
705049,2049,10/3/2014
705051,1249,7/26/2019
705052,1549,1/23/2013
705054,1349,12/30/2004
705058,1499,12/22/2009
705059,1399,8/12/2010
705060,1449,7/26/2019
705061,1499,10/21/2016
705062,1999,4/25/2011
705063,1599,6/27/2008
705064,1499,4/24/2001
705066,1299,8/28/2012
705067,1199,7/26/2019
705068,2099,7/6/2011
705069,1349,2/3/2003
705070,1399,6/6/2003
705071,1249,9/27/2018
705072,2099,6/18/2014
705074,1799,10/3/2007
705075,1049,6/7/2017
705076,1399,7/26/2019
705077,1199,7/26/2019
705078,1449,3/28/2003
705079,1199,7/26/2019
705080,1399,4/14/2004
705081,1399,12/14/2004
705083,1649,11/17/2017
705086,1399,7/26/2019
705087,1549,12/30/2004
705088,1199,11/21/2003
705089,1599,11/16/2006
705090,1299,3/27/2012
705092,1499,7/26/2019
705093,1449,7/30/2002
705094,1899,5/14/2010
705097,1249,12/14/2009
705098,1499,7/26/2019
705099,1449,4/26/2000
705101,2799,2/24/2014
705102,1299,4/11/2002
705104,1799,10/14/2011
705105,1449,4/5/2001
705106,1399,3/20/2019
705107,1299,8/22/2001
705110,1499,10/3/2002
705111,1549,8/30/2012
705112,1499,6/10/2019
705114,1599,12/15/2006
705118,1349,7/22/2002
705119,1349,7/22/2005
705120,1499,7/26/2019
705121,1499,7/26/2019
705122,1299,7/15/2005
705123,1499,1/4/2002
705125,1249,7/26/2019
705126,1399,7/26/2019
705127,4949,7/30/2008
705129,1399,7/26/2019
705130,1349,3/5/2004
705133,1899,12/13/2000
705134,2399,7/25/2003
705136,1349,1/3/2006
705137,1649,2/27/2008
705138,1599,7/28/2014
705139,1499,7/26/2019
705141,1499,7/26/2019
705142,1599,8/24/2004
705143,1799,7/17/2014
705145,1399,8/13/2002
705146,1499,7/26/2019
705147,1449,7/26/2019
705148,1499,7/26/2019
705149,1349,7/26/2019
705150,1249,4/24/2001
705151,1499,4/24/2000
705153,1549,4/4/2013
705154,2049,10/17/2018
705156,1049,11/14/2013
705157,1849,7/26/2019
705158,1449,7/26/2019
705159,1199,9/4/2003
705161,1799,9/28/2017
705162,1399,2/21/2006
705163,2449,2/7/2001
705165,1149,7/26/2019
705167,1249,7/26/2019
705169,1749,7/26/2019
705170,1599,4/24/2009
705171,1249,6/22/2004
705172,1349,6/25/2004
705175,1699,1/29/2002
705176,1349,10/2/2003
705177,2049,12/27/2011
705178,1399,7/26/2019
705180,1449,7/19/2001
705181,1249,7/26/2019
705182,1499,7/26/2019
705183,1949,2/24/2011
705184,1349,1/10/2006
705185,1499,7/26/2019
705186,1749,9/6/2002
705187,1599,12/14/2018
705188,1399,8/28/2002
705190,1399,7/26/2019
705191,9099,6/7/2019
705192,1349,9/27/2005
705194,1449,11/7/2000
705197,1649,11/20/2001
705198,2749,9/9/2016
705199,1299,2/4/2011
705202,1399,11/9/2005
705203,1549,8/17/2012
705204,1449,2/28/2007
705206,2299,7/11/2013
705207,1549,1/3/2006
705208,1399,11/7/2000
705209,1499,7/3/2000
705212,3249,6/12/2019
705216,1399,5/18/2007
705217,2049,8/8/2007
705218,1399,8/21/2002
705219,1449,7/26/2019
705220,1499,8/20/2001
705222,3499,7/13/2016
705223,1499,3/2/2009
705224,1549,12/21/2017
705225,1999,1/26/2006
705226,1499,6/4/2004
705227,1699,10/30/2004
705228,1149,7/26/2019
705230,1399,7/26/2019
705231,1449,7/26/2019
705233,1249,5/5/2014
705234,2199,11/14/2008
705235,1499,7/26/2019
705236,1799,4/7/2014
705237,1349,10/10/2008
705238,1549,5/21/2015
705239,7749,4/22/2019
705240,1249,7/26/2019
705241,4999,6/21/2019
705242,9149,3/4/2019
705243,7399,1/4/2019
705245,1499,4/24/2001
705247,1499,7/26/2019
705248,5249,4/12/2019
705249,1849,7/25/2006
705250,2749,11/30/2016
705251,1749,4/17/2002
705252,3849,2/22/2019
705253,1649,2/21/2001
705254,1049,11/17/2014
705255,2549,6/11/2012
705257,1649,4/27/2004
705258,1049,9/9/2015
705259,1499,2/3/2003
705260,1599,11/6/2007
705261,4199,11/28/2018
705262,1499,7/14/2000
705263,2199,3/4/2019
705264,2549,6/28/2019
705265,1299,1/22/2004
705266,1249,7/26/2019
705268,8049,5/10/2019
705269,8949,5/17/2019
705270,1449,5/11/2006
705271,1199,1/14/2019
705272,8149,5/29/2019
705273,1149,7/26/2019
705274,1499,4/11/2018
705275,1499,8/21/2009
705276,1849,8/25/2003
705277,3699,5/1/2019
705278,1499,8/21/2002
705279,1199,7/26/2019
705280,1199,7/26/2019
705282,1049,7/26/2019
705283,9549,2/18/2019
705284,9399,3/15/2019
705285,1499,11/13/2009
705286,1399,1/25/2016
705287,1249,3/31/2000
705288,1249,8/22/2000
705289,4799,2/4/2019
705290,1799,1/25/2016
705292,1449,2/1/2006
705293,1249,10/10/2000
705294,1299,1/5/2007
705295,1249,7/17/2001
705296,1399,3/12/2002
705297,5599,1/14/2019
705298,1399,7/14/2004
705299,1999,3/31/2011
705300,1199,7/14/2000
705304,1399,5/14/2008
705306,1349,8/12/2009
705307,1149,7/14/2000
705308,1249,7/14/2000
705309,1149,11/7/2000
705310,1149,3/29/2001
705311,1099,12/6/2000
705312,1249,12/18/2000
705313,1599,7/1/2010
705314,1249,5/11/2001
705315,1149,6/28/2001
705316,1249,6/28/2001
705317,1399,4/19/2011
705318,1249,2/15/2002
705319,1149,2/15/2002
705320,1499,3/3/2005
705321,1149,5/30/2002
705322,1949,5/7/2009
705323,1249,6/6/2003
705324,1149,7/10/2002
705325,9899,2/4/2019
705326,1349,5/30/2006
705327,8749,4/12/2019
705328,1299,1/4/2013
705329,1149,6/7/2004
705330,1049,6/7/2004
705331,1099,6/7/2004
705332,1149,10/15/2004
705333,1199,9/30/2004
705334,1199,11/19/2004
705335,1149,2/10/2005
705336,8799,7/8/2019
705337,1199,1/25/2019
705338,4949,6/28/2019
705339,1049,10/5/2005
705340,1149,8/30/2005
705341,1249,6/20/2005
705342,7299,5/24/2019
705344,1099,5/4/2005
705346,1099,2/21/2006
705347,1049,2/21/2006
705348,1149,11/30/2006
705349,1099,8/29/2007
705350,1799,2/23/2009
705351,1449,12/6/2000
705352,1399,7/26/2019
705353,1749,11/14/2005
705354,1399,8/18/2004
705355,1499,12/9/2003
705356,1599,11/18/2016
705357,1299,7/2/2003
705358,1499,7/16/2001
705359,1649,3/2/2018
705360,1349,6/29/2005
705361,1499,8/9/2006
705362,1499,10/4/2004
705363,1099,2/1/2006
705364,1299,9/12/2013
705365,1049,11/16/2009
705366,1199,12/14/2005
705367,1149,7/25/2006
705368,1249,11/30/2006
705369,1199,8/3/2010
705370,1149,8/15/2005
705371,1299,12/6/2017
705372,1049,8/14/2007
705373,1099,11/16/2006
705374,1249,2/21/2006
705375,1099,1/22/2007
705376,1199,11/30/2006
705377,1099,10/14/2005
705378,1349,4/9/2007
705379,1099,8/29/2007
705380,1099,11/17/2005
705381,1249,12/15/2006
705382,1199,10/3/2006
705383,1149,5/10/2010
705384,1249,4/3/2007
705386,1149,12/5/2005
705388,1399,7/6/2018
705389,1249,3/24/2006
705390,1349,12/14/2018
705391,1049,11/16/2006
705392,1149,4/13/2007
705393,1049,6/14/2007
705394,1249,6/3/2006
705395,1299,9/22/2014
705396,1099,7/10/2008
705397,1099,12/15/2006
705398,1199,4/22/2008
705399,1199,8/17/2007
705400,4799,6/25/2018
705401,1699,10/10/2013
705402,2099,5/4/2009
705403,2549,2/7/2019
705404,2049,4/5/2018
705405,1349,5/10/2010
705406,1099,7/6/2007
705407,1099,12/12/2007
705408,3249,1/8/2009
705410,1099,11/28/2018
705411,1249,7/26/2019
705412,1349,8/18/2004
705413,1049,10/14/2015
705414,1299,10/9/2014
705415,1099,2/20/2008
705416,1749,1/12/2005
705417,2249,8/24/2004
705418,1399,7/3/2002
705419,1449,7/26/2019
705420,1199,9/26/2007
705421,1299,2/14/2011
705422,4999,5/1/2019
705423,1199,1/30/2008
705424,1249,10/6/2008
705425,1299,1/31/2003
705426,1099,11/30/2007
705427,1599,1/24/2014
705428,1249,9/19/2007
705429,1299,8/28/2001
705431,1299,4/22/2019
705432,1549,1/9/2013
705433,1449,7/26/2019
705434,1499,7/26/2019
705435,2999,7/23/2018
705436,1199,12/5/2007
705437,1499,7/26/2019
705438,1499,2/26/2002
705439,4799,6/7/2019
705440,2099,3/30/2010
705442,1049,10/6/2008
705443,1549,7/11/2017
705444,1549,5/6/2019
705445,1899,7/13/2005
705446,1899,10/3/2014
705448,1049,5/16/2017
705449,2499,5/6/2010
705450,1249,12/4/2008
705451,1199,11/24/2008
705452,1399,1/22/2003
705453,2349,1/5/2009
705454,1199,3/2/2009
705455,2499,2/4/2011
705456,1399,9/14/2000
705457,1049,8/14/2008
705459,1099,12/1/2009
705460,1499,3/31/2011
705461,1049,12/15/2008
705462,1649,2/1/2005
705463,3899,4/10/2019
705464,3099,8/20/2018
705465,2249,7/25/2014
705466,1749,2/15/2001
705467,1849,3/24/2015
705468,2149,8/21/2007
705469,1449,7/26/2019
705470,3049,12/17/2018
705471,1149,10/27/2008
705472,1249,9/29/2009
705473,1049,12/14/2009
705474,1699,6/26/2001
705475,4349,2/18/2019
705476,1499,5/4/2000
705477,1499,9/7/2011
705478,1499,7/26/2019
705479,1149,3/31/2011
705480,1249,9/9/2010
705481,1049,10/11/2010
705482,1249,10/18/2010
705483,1049,11/30/2010
705484,1099,8/27/2014
705485,1099,5/12/2017
705487,1649,5/18/2005
705488,1949,1/7/2009
705489,1049,7/2/2012
705490,1049,8/23/2011
705491,1749,2/17/2004
705492,1049,11/2/2010
705493,1049,12/8/2008
705494,1749,8/28/2007
705495,7299,4/26/2019
705497,1049,8/3/2010
705499,1749,3/12/2002
705511,1949,1/10/2006
705559,4549,5/1/2015
705573,1399,7/26/2002
705604,1399,6/24/2009
705606,1599,11/21/2003
705607,4349,8/7/2014
705608,1799,7/26/2010
705611,1899,3/12/2013
705612,1499,6/28/2007
705616,1149,6/7/2019
705630,1399,9/24/2003
705638,1249,7/26/2019
705641,1749,6/20/2005
705645,3699,11/14/2008
705648,1399,2/9/2018
705650,1799,3/12/2010
705653,1299,9/29/2008
705654,1699,12/15/2004
705655,1849,6/8/2018
705657,2399,6/8/2018
705661,1349,7/17/2001
705662,1499,7/26/2019
705663,2599,3/27/2018
705664,1399,10/11/2001
705667,1299,2/15/2007
705668,1849,8/25/2003
705670,1499,7/26/2019
705671,1899,9/14/2007
705672,1149,9/4/2003
705674,1249,7/26/2019
705675,1449,7/26/2019
705680,1399,7/7/2000
705681,1899,5/7/2002
705682,1499,7/2/2003
705684,1299,3/22/2013
705685,2099,8/17/2018
705696,1549,1/19/2018
705697,1499,12/8/2000
705699,1299,1/21/2009
705730,1549,5/27/2003
705731,2049,5/4/2007
705732,5349,4/1/2019
705735,1449,3/15/2001
705736,2799,10/7/2016
705737,1799,7/16/2010
705741,2249,4/15/2019
705742,1549,6/3/2008
705748,1249,7/26/2019
705750,1399,7/23/2002
705768,1549,3/29/2001
705779,4849,6/1/2011
705781,3849,10/29/2007
705788,1299,10/23/2001
705797,1499,7/26/2019
705799,1399,7/26/2019
705837,1499,10/21/2003
705851,1499,7/26/2019
705854,1649,1/3/2006
705856,1599,7/2/2013
705864,1799,3/27/2015
705865,1749,10/15/2002
705869,1299,6/4/2008
705871,1299,6/29/2004
705876,1649,10/15/2004
705878,1099,4/4/2003
705881,1049,2/26/2014
705888,1399,2/20/2007
705890,1749,2/10/2005
705891,1699,1/11/2002
705897,1799,2/18/2005
705907,1349,7/26/2019
705919,2099,6/11/2007
705922,1049,10/11/2012
705931,1299,4/30/2002
705938,1999,4/6/2010
705942,1149,11/6/2003
705944,1249,7/26/2019
705949,1399,11/12/2002
705950,1649,10/3/2006
705953,1249,12/18/2015
705954,1049,9/12/2013
705963,1299,4/13/2012
705967,2549,11/28/2014
705981,1349,3/25/2010
707000,1449,3/16/2018
707001,1299,5/16/2014
707002,2449,10/21/2008
707003,1449,1/18/2006
707005,1749,8/25/2003
707006,1749,12/28/2006
707008,2249,10/24/2008
707009,2149,6/8/2007
707010,1649,8/8/2007
707011,1099,11/1/2016
707012,2249,4/8/2011
707013,3349,11/7/2018
707014,1549,5/14/2013
707016,1699,8/29/2013
707017,1749,5/19/2003
707018,1649,8/12/2014
707019,2099,4/8/2010
707020,1499,7/26/2019
707021,2499,2/12/2009
707022,1699,11/8/2017
707023,4699,8/13/2018
707024,3149,10/4/2017
707025,1499,3/9/2001
707026,1949,3/18/2003
707027,1699,10/11/2010
707028,2949,6/28/2010
707030,7799,9/13/2017
707031,1499,7/26/2019
707032,1199,11/13/2017
707033,1949,5/4/2007
707035,1749,12/31/2008
707036,1349,1/2/2010
707037,1599,9/4/2018
707038,1349,4/6/2006
707039,1499,7/26/2019
707041,1849,12/11/2014
707042,1449,7/26/2019
707044,1999,11/3/2010
707045,2099,7/10/2015
707046,3699,5/17/2019
707047,1799,7/28/2014
707048,1649,4/21/2009
707049,8249,8/31/2015
707050,1899,3/27/2006
707051,1599,5/11/2006
707052,9049,6/7/2017
707053,1799,6/29/2018
707054,1799,8/23/2016
707056,1399,1/15/2004
707057,1949,3/24/2006
707058,2749,4/9/2018
707059,2499,9/3/2008
707060,1649,4/11/2008
707062,1999,12/30/2009
707063,1699,12/1/2017
707064,1449,5/6/2010
707065,2149,1/10/2005
707066,1499,5/25/2001
707067,1549,9/19/2018
707068,1649,9/3/2010
707069,1999,2/19/2002
707070,2949,5/24/2019
707071,1849,3/10/2015
707072,1599,6/26/2007
707073,2499,3/30/2010
707074,2199,4/18/2006
707075,1599,7/26/2019
707076,1649,12/20/2018
707078,1749,2/21/2006
707079,2099,5/10/2017
707080,1899,1/6/2017
707081,1849,1/11/2017
707082,1449,9/7/2000
707083,1349,6/24/2010
707084,3149,1/25/2019
707085,1549,8/20/2018
707086,1699,6/5/2007
707087,4949,6/26/2019
707088,1849,4/7/2011
707089,1999,12/14/2004
707090,1899,4/12/2018
707091,2649,2/27/2017
707092,1199,7/26/2019
707093,1949,6/19/2019
707094,1949,7/26/2019
707095,2449,5/27/2009
707096,1799,7/12/2004
707097,1999,1/3/2006
707098,1549,6/27/2016
707099,1799,6/14/2019
707101,1749,11/27/2007
707102,1649,7/26/2019
707103,3499,4/24/2018
707104,1449,7/26/2019
707105,1949,10/31/2008
707106,1749,4/22/2003
707107,2999,5/24/2018
707108,1699,11/1/2006
707109,2099,12/3/2018
707110,1499,3/29/2000
707111,6549,4/5/2019
707112,4999,2/6/2017
707113,1599,4/18/2006
707114,1899,10/24/2008
707115,2149,9/3/2015
707116,3599,7/18/2017
707117,1749,9/26/2001
707118,1699,6/28/2001
707119,1649,6/6/2005
707120,1549,1/3/2007
707121,2249,12/16/2010
707122,2349,2/19/2018
707124,1449,6/18/2018
707125,2499,1/21/2010
707126,1849,3/18/2009
707127,1899,2/4/2011
707128,1799,3/7/2011
707129,2699,8/30/2018
707130,1849,4/5/2018
707131,2849,4/20/2005
707132,1499,7/26/2019
707134,2499,10/31/2002
707135,1749,6/20/2018
707136,1899,1/7/2005
707137,1849,10/3/2006
707138,2499,6/19/2008
707139,1599,1/12/2007
707140,1049,9/21/2015
707142,1899,4/24/2009
707143,2199,5/4/2007
707147,3849,10/11/2018
707148,1749,11/9/2010
707149,1699,6/7/2017
707150,1899,1/30/2004
707151,1399,8/25/2003
707152,2049,10/11/2012
707153,3299,7/14/2015
707154,1749,5/30/2002
707155,2249,8/15/2006
707156,1999,10/10/2005
707157,1599,11/20/2008
707158,1499,7/26/2019
707159,1399,11/30/2000
707161,1649,1/21/2005
707163,1499,12/10/2002
707164,2649,3/24/2008
707165,2699,2/7/2019
707166,1499,1/4/2005
707167,1949,7/3/2019
707168,1849,9/25/2015
707169,2199,1/21/2008
707170,1549,7/18/2017
707171,1549,3/25/2019
707172,1749,8/6/2003
707173,1299,8/1/2011
707174,1899,8/15/2018
707175,1999,10/29/2001
707177,7849,7/12/2004
707178,1649,11/12/2007
707179,2899,6/7/2019
707180,1749,2/11/2016
707181,1699,10/26/2015
707182,3299,3/13/2019
707183,1699,4/10/2003
707184,1899,7/16/2007
707185,3099,4/10/2019
707186,1749,11/30/2006
707187,1899,4/27/2006
707188,1399,3/22/2002
707189,1749,8/3/2016
707190,2099,5/25/2011
707191,1599,12/10/2008
707192,2349,10/12/2018
707193,1799,8/28/2014
707194,4449,5/19/2016
707195,2349,8/6/2014
707196,4849,5/1/2019
707197,1599,10/16/2009
707198,1799,4/22/2015
707199,1699,10/2/2008
707200,1749,5/1/2008
707201,2599,2/25/2010
707202,1649,2/22/2019
707203,4149,9/25/2018
707204,1649,4/27/2004
707205,2249,1/21/2010
707206,1699,11/17/2009
707207,1549,10/3/2007
707208,1749,10/29/2001
707209,1449,4/11/2002
707210,3549,2/27/2019
707211,2299,9/7/2018
707212,5399,4/11/2018
707213,1649,9/11/2018
707214,2249,6/10/2009
707215,1849,6/24/2015
707216,3999,10/4/2018
707217,1549,10/4/2013
707218,1849,10/17/2018
707219,1999,11/30/2016
707220,1799,2/4/2019
707221,1949,12/30/2004
707222,1349,3/6/2003
707223,1949,7/25/2006
707224,2099,4/24/2019
707225,2149,7/14/2010
707226,2699,6/9/2009
707227,1999,3/4/2019
707229,1849,7/25/2006
707230,1049,9/19/2014
707232,2149,8/24/2010
707233,1599,5/27/2009
707234,1449,7/26/2019
707236,1499,3/18/2005
707237,2699,3/3/2010
707238,2299,1/5/2010
707239,2149,1/3/2006
707240,1449,7/14/2006
707241,2949,5/6/2015
707242,1899,10/11/2007
707243,1849,5/12/2016
707244,1449,7/26/2019
707245,1399,8/20/2001
707246,2199,2/24/2003
707248,2899,11/30/2007
707249,1549,10/29/2007
707250,1399,2/8/2006
707251,1749,1/9/2004
707252,1699,2/1/2006
707253,1549,6/22/2012
707254,1549,3/15/2012
707255,2849,10/2/2014
707256,1749,8/5/2003
707258,1949,3/25/2009
707259,4599,6/14/2013
707260,3349,5/9/2016
707261,2299,9/9/2015
707262,3199,7/25/2007
707263,1649,9/14/2001
707264,3449,1/25/2016
707265,4749,4/24/2019
707266,1699,4/14/2004
707267,2099,3/22/2011
707268,1649,10/15/2004
707269,2299,6/5/2009
707270,1499,4/22/2003
707271,1499,7/30/2001
707272,1999,3/7/2005
707273,1799,5/8/2019
707274,1949,3/17/2003
707275,1599,3/24/2017
707276,1399,9/24/2002
707277,1699,2/13/2019
707278,2249,8/21/2007
707279,1399,7/26/2019
707280,1499,9/9/2009
707281,1499,9/22/2011
707282,1549,4/23/2013
707283,1999,6/19/2015
707284,1749,11/18/2002
707285,1999,10/17/2018
707286,1749,6/15/2001
707287,1799,1/5/2015
707288,2049,4/25/2016
707289,1599,5/13/2004
707290,1999,1/16/2002
707291,1499,11/6/2013
707292,1449,2/14/2003
707293,1549,2/20/2014
707294,2549,6/7/2017
707295,1599,9/5/2007
707296,1499,7/26/2019
707297,2349,6/8/2015
707298,1549,6/24/2014
707299,2349,11/12/2018
707300,1049,10/3/2014
707301,1099,10/21/2016
707302,1249,12/7/2009
707303,2449,3/19/2004
707304,1349,11/11/2016
707305,4249,5/20/2019
707306,1849,10/7/2016
707307,3149,10/29/2018
707308,4349,2/24/2015
707310,1149,10/26/2009
707311,1099,7/7/2010
707312,3599,11/5/2012
707313,2199,4/22/2019
707315,2899,11/24/2010
707316,1999,5/11/2011
707317,1849,11/30/2007
707318,1649,1/21/2005
707319,2399,11/30/2006
707320,1749,5/27/2003
707321,1499,12/2/2015
707322,1499,4/26/2002
707323,1849,11/21/2003
707324,1649,4/11/2002
707325,1499,8/13/2018
707326,4599,5/1/2019
707327,1899,9/27/2005
707328,1499,7/26/2019
707329,1549,2/10/2017
707330,1449,7/26/2019
707332,1699,12/13/2000
707333,6049,12/4/2015
707335,1849,5/20/2004
707341,2249,5/27/2009
707342,1699,4/24/2001
707343,1999,10/10/2006
707344,1749,5/25/2001
707345,1649,1/23/2013
707346,2899,2/24/2003
707347,1699,7/25/2003
707348,1749,7/25/2006
707350,1749,10/7/2003
707351,1949,1/9/2006
707352,1399,6/27/2003
707354,2599,9/29/2009
707355,3249,7/1/2019
707356,1599,1/14/2009
707357,1499,2/15/2007
707360,1449,9/14/2005
707361,3899,5/6/2019
707362,1649,11/10/2009
707363,1699,12/28/2006
707365,1449,2/26/2015
707366,1449,9/20/2017
707367,2099,11/23/2015
707368,1699,10/3/2007
707369,1699,5/7/2009
707370,1599,8/6/2010
707371,1399,10/13/2003
707372,1499,10/15/2004
707373,1649,12/2/2002
707374,1749,11/27/2007
707375,1399,9/16/2004
707376,1799,11/1/2006
707377,8449,6/12/2019
707378,7749,6/19/2019
707379,1499,8/21/2002
707380,1499,12/12/2007
707381,1299,1/9/2008
707382,1999,3/5/2007
707383,2249,8/29/2014
707384,1349,8/12/2009
707385,4899,5/6/2019
707386,8599,5/8/2019
707387,1449,1/9/2004
707388,1449,9/27/2005
707389,1249,7/26/2019
707390,1399,6/2/2010
707391,2049,3/8/2018
707392,1399,12/5/2006
707393,1549,7/25/2018
707394,1949,1/26/2010
707395,3849,2/26/2008
707396,1499,7/13/2005
707397,1499,2/5/2003
707398,1299,7/25/2006
707399,1499,10/11/2007
707400,1399,2/15/2007
707401,3849,7/25/2016
707402,2049,1/28/2002
707403,1549,6/18/2018
707404,3199,9/13/2017
707405,1799,11/30/2006
707406,4249,6/14/2007
707407,3399,2/22/2019
707408,3199,12/4/2008
707409,2199,9/25/2008
707410,2199,3/25/2009
707411,2449,4/13/2009
707412,1499,9/3/2008
707413,2049,7/30/2008
707414,1349,12/14/2005
707415,1149,7/26/2019
707416,1449,10/4/2004
707417,1549,9/1/2006
707418,1449,5/25/2001
707419,2899,3/31/2017
707420,3299,3/22/2013
707421,3349,2/4/2019
707422,1549,8/23/2017
707423,2549,3/15/2019
707424,1899,6/14/2011
707425,3299,6/21/2016
707426,1849,4/12/2005
707427,3499,8/15/2013
707428,2499,6/21/2019
707429,4749,7/3/2019
707430,1299,8/8/2016
707431,1549,5/16/2014
707432,1349,11/9/2010
707433,2049,4/11/2018
707434,1249,7/26/2019
707435,1699,7/23/2001
707436,2449,6/12/2018
707437,2299,5/9/2016
707438,2399,11/30/2016
707439,1499,7/6/2016
707440,1199,7/26/2019
707441,1899,11/16/2011
707442,1149,7/26/2019
707443,1849,10/5/2000
707445,1849,8/21/2008
707446,1399,6/3/2006
707447,1299,1/30/2013
707448,2249,2/25/2005
707449,2149,12/1/2017
707450,1299,6/7/2017
707451,2199,6/5/2018
707453,1449,3/22/2002
707454,1449,7/30/2008
707455,7299,6/18/2018
707456,4649,7/30/2018
707457,1349,9/16/2015
707458,1799,7/25/2018
707459,1849,4/7/2017
707460,1499,2/1/2008
707461,4149,1/4/2013
707462,4049,4/1/2019
707463,1349,4/8/2005
707465,7599,10/2/2018
707466,1849,10/13/2014
707467,1299,2/9/2018
707468,1449,12/28/2006
707469,1049,9/14/2001
707470,1499,8/24/2010
707472,1399,6/11/2007
707473,3849,1/22/2018
707474,1149,3/23/2001
707475,1449,7/9/2001
707476,1249,9/14/2001
707477,1349,10/11/2018
707483,1299,1/23/2019
707484,1249,4/18/2013
707485,1049,12/7/2009
707486,1499,11/23/2015
707488,6249,4/26/2019
707489,1899,11/7/2018
707490,1149,8/5/2003
707491,1449,11/12/2018
707492,1399,7/20/2004
707493,1599,4/12/2010
707494,2049,11/19/2012
707495,1599,8/3/2018
707496,1199,6/6/2003
707497,1049,10/7/2015
707498,1199,2/6/2004
707499,1149,5/4/2004
707501,1399,8/25/2009
707502,1649,10/25/2017
707504,1199,6/3/2006
707505,1199,8/24/2004
707506,1249,10/5/2005
707507,1299,7/10/2014
707508,1249,4/19/2005
707509,1199,10/5/2005
707510,2149,2/27/2019
707511,1099,9/12/2005
707512,1349,3/13/2019
707513,1149,10/26/2005
707514,1249,7/7/2005
707515,1099,6/29/2005
707516,1399,2/3/2010
707517,1249,4/10/2019
707518,1099,10/26/2005
707519,1049,10/26/2005
707520,1149,8/4/2005
707521,1399,8/24/2009
707522,1199,2/8/2006
707523,1199,10/14/2005
707524,1199,10/26/2005
707525,1499,11/18/2016
707526,1149,6/7/2017
707527,1249,10/2/2006
707528,1349,8/13/2018
707529,1249,10/3/2006
707530,1049,8/8/2007
707531,1149,6/3/2006
707532,1099,9/1/2006
707533,1299,5/8/2018
707534,1249,3/15/2006
707535,1549,3/26/2018
707536,1999,3/25/2019
707537,1599,11/28/2018
707538,1199,6/11/2007
707539,1249,11/21/2018
707540,2049,8/12/2010
707542,1149,8/9/2006
707543,1249,11/30/2006
707544,1749,8/6/2002
707546,1499,1/28/2010
707547,1249,12/5/2006
707548,1049,3/28/2007
707549,1249,9/8/2008
707551,1349,11/19/2018
707552,1349,2/17/2015
707553,1199,8/17/2007
707554,3149,4/10/2019
707555,1499,11/21/2018
707556,1699,10/18/2007
707557,1249,11/4/2002
707558,1099,7/16/2007
707559,1049,2/6/2008
707560,1199,11/2/2006
707561,1699,3/22/2002
707562,1349,12/31/2010
707563,1099,10/18/2007
707564,1199,9/8/2008
707565,1149,3/6/2008
707566,1249,7/30/2008
707567,1249,12/5/2006
707568,1249,11/16/2007
707569,8499,5/8/2019
707570,1349,8/29/2017
707571,1049,11/22/2016
707572,1049,12/17/2014
707573,1049,6/7/2007
707574,1049,8/3/2016
707575,1049,10/3/2014
707576,1049,9/12/2013
707577,1049,4/14/2015
707578,1199,7/27/2017
707579,1049,8/19/2015
707580,1499,10/10/2000
707581,1099,3/29/2017
707582,1049,4/24/2015
707583,1049,7/27/2015
707584,1099,4/20/2018
707585,1299,3/21/2018
707586,1499,5/29/2019
707587,1099,3/2/2009
707588,7149,1/14/2019
707589,1699,11/16/2006
707590,1049,11/17/2008
707591,1099,7/10/2007
707592,1099,9/29/2008
707593,1249,3/3/2017
707594,5499,6/24/2019
707595,1249,12/4/2008
707597,1049,2/9/2016
707598,1149,5/4/2009
707599,1049,6/2/2008
707607,1049,11/2/2010
707608,1049,11/11/2015
707609,1249,6/6/2011
707661,1499,6/7/2017
707662,1749,12/31/2002
707675,1449,10/5/2000
707680,1099,2/28/2011
707681,1999,9/12/2003
707689,3249,6/17/2013
707697,3599,5/6/2019
707700,2049,10/13/2017
707701,1549,10/4/2012
707702,3099,10/31/2014
707703,2699,9/29/2009
707704,3949,1/2/2019
707706,1899,10/17/2018
707707,2449,6/19/2019
707708,2699,2/21/2006
707709,1349,3/6/2014
707710,2449,10/2/2009
707712,5049,1/14/2019
707713,1699,7/24/2006
707714,1649,9/20/2017
707715,2449,5/6/2008
707716,2499,2/23/2010
707717,4399,8/8/2007
707718,2499,1/30/2014
707719,1849,7/22/2005
707720,2749,10/11/2010
707721,1899,3/24/2011
707722,1499,1/21/2005
707723,2599,6/7/2016
707724,1599,3/12/2010
707725,1249,10/7/2003
707726,2049,12/2/2015
707727,2299,3/4/2019
707728,1149,6/14/2010
707729,1799,11/11/2015
707730,1249,5/4/2004
707731,1499,4/13/2000
707732,1749,9/25/2008
707733,1949,7/25/2006
707734,1149,6/7/2004
707735,1099,12/5/2005
707736,1149,3/6/2006
707737,2549,5/25/2011
707738,1249,9/12/2007
707739,1049,11/12/2007
707740,1149,4/19/2007
707742,2099,12/19/2017
707745,1399,11/25/2003
707750,3099,12/22/2009
707751,2749,6/7/2019
707753,2299,4/28/2014
707754,1299,1/25/2019
707763,1199,7/9/2012
707764,1099,10/2/2009
707767,2599,8/29/2017
707803,4149,6/19/2019
707811,3099,8/9/2017
707900,1049,5/23/2016
707901,2399,1/10/2005
707904,1499,7/26/2019
707912,1599,10/26/2005
707927,1449,4/4/2013
707954,1699,9/17/2008
707970,2999,11/5/2010
707974,1299,4/6/2006
707983,1399,7/26/2019
707989,1899,8/16/2018
707990,1799,4/12/2011
708000,1949,6/30/2004
708001,3149,11/19/2018
708002,1499,7/26/2019
708003,1499,10/22/2015
708004,2399,8/3/2018
708005,1899,7/5/2005
708006,1049,10/25/2018
708007,2049,8/18/2016
708008,1799,12/8/2011
708010,1499,1/4/2017
708011,1499,6/18/2001
708012,2199,10/14/2008
708014,2299,10/11/2018
708015,1749,12/14/2005
708016,2149,10/11/2007
708017,1999,6/29/2004
708018,2199,2/15/2016
708020,1449,7/7/2004
708021,2099,3/29/2017
708024,1249,10/18/2013
708026,2199,7/5/2005
708028,1849,5/4/2004
708029,1799,10/12/2017
708030,1149,3/25/2019
708032,1699,1/21/2008
708035,5349,1/6/2003
708036,1699,3/22/2002
708038,2849,5/25/2018
708039,1599,6/25/2008
708041,1499,10/20/2005
708042,1599,2/15/2002
708043,1399,6/29/2004
708044,1699,8/15/2005
708045,1649,8/5/2008
708047,1649,9/10/2010
708048,5999,1/2/2019
708049,2099,12/14/2018
708051,1899,12/8/2010
708052,3149,6/2/2008
708053,1699,11/26/2001
708054,2049,5/31/2019
708055,1449,3/14/2003
708056,1949,8/30/2005
708057,1699,3/5/2010
708058,2299,6/24/2019
708059,1599,7/1/2019
708061,2149,8/29/2006
708063,1049,5/23/2014
708064,1549,2/13/2019
708066,1749,7/26/2019
708067,1799,7/21/2011
708069,1649,4/22/2003
708070,1549,6/2/2015
708071,1649,5/16/2008
708073,2099,4/12/2011
708074,1949,10/19/2006
708075,1649,5/13/2003
708076,1499,6/24/2003
708077,1499,1/25/2001
708079,1699,8/2/2004
708080,2299,1/30/2014
708081,1349,12/24/2014
708082,1749,8/15/2005
708084,2749,3/14/2005
708085,1749,6/26/2001
708086,1549,7/31/2006
708087,2849,1/14/2011
708088,1749,2/10/2005
708089,1549,4/7/2015
708090,2299,10/26/2015
708091,2099,12/10/2002
708092,4199,5/10/2019
708093,1449,11/3/2010
708094,2499,10/11/2018
708095,1299,7/29/2011
708096,1649,11/30/2016
708097,1549,3/7/2012
708098,1949,11/6/2007
708099,1499,11/20/2001
708101,1649,8/13/2018
708102,1499,4/27/2001
708103,1449,10/11/2001
708106,1049,12/16/2016
708109,2499,5/10/2006
708111,2149,11/18/2002
708112,1799,6/2/2009
708113,1449,6/9/2005
708114,1499,7/26/2019
708115,1449,11/1/2006
708117,1449,8/18/2005
708118,1699,11/18/2002
708119,1999,12/31/2002
708120,2399,8/25/2009
708121,1499,4/17/2002
708122,1599,12/30/2003
708126,1799,4/17/2008
708131,1399,12/28/2001
708132,1449,8/8/2001
708135,1949,8/2/2004
708136,1699,4/4/2003
708137,1899,4/21/2015
708138,1349,6/13/2002
708139,2249,5/4/2007
708140,1849,6/25/2014
708141,2299,10/14/2015
708143,1599,2/27/2006
708146,1649,3/15/2011
708147,1349,7/24/2006
708148,1349,3/9/2001
708149,1699,6/29/2005
708150,1649,8/29/2018
708152,1399,10/3/2007
708153,1849,8/14/2009
708154,1449,10/16/2003
708155,1949,7/30/2001
708156,1899,10/3/2007
708157,2699,2/1/2017
708158,2149,3/25/2008
708159,1449,4/24/2001
708160,1499,7/26/2019
708161,1799,11/27/2007
708163,1949,2/26/2008
708164,1499,6/28/2001
708165,1849,8/29/2018
708166,1449,12/11/2001
708168,1599,6/4/2007
708169,1799,8/10/2004
708170,1649,7/6/2007
708171,1599,11/24/2010
708172,1899,10/29/2018
708173,5149,6/7/2019
708174,1699,2/28/2008
708175,1049,11/2/2015
708176,4999,4/5/2019
708177,1399,4/4/2003
708179,1449,1/18/2006
708180,1999,9/28/2010
708181,1549,5/6/2015
708182,1949,5/2/2003
708183,1499,7/8/2019
708184,1749,3/28/2016
708187,1049,11/3/2006
708188,1099,6/20/2006
708189,1049,10/26/2009
708190,1049,5/11/2015
708191,1049,4/28/2015
708192,1249,11/13/2013
708193,1149,10/3/2006
708194,1099,11/12/2007
708195,1149,8/17/2015
708196,1249,7/8/2010
708197,1349,9/29/2009
708198,1249,11/2/2010
708199,1049,5/21/2015
708200,4249,5/22/2019
708202,1449,9/19/2018
708204,1949,12/4/2008
708205,1799,5/30/2014
708207,1049,4/9/2014
708210,1699,7/25/2006
708218,1049,9/21/2015
708223,8599,3/16/2018
708224,1449,5/21/2004
708225,1649,11/30/2006
708226,5299,4/26/2019
708227,1949,10/14/2005
708228,1349,10/14/2009
708229,1699,10/3/2006
708230,1349,11/17/2009
708231,1299,7/1/2014
708232,1149,7/26/2019
708234,1499,11/13/2003
708235,1249,7/26/2019
708236,1399,10/3/2007
708238,1349,11/6/2003
708239,1249,7/26/2019
708240,1249,7/26/2019
708241,4899,4/1/2019
708242,1399,10/15/2004
708243,1499,11/17/2003
708244,1399,5/22/2008
708245,1249,7/17/2001
708246,1449,10/10/2006
708247,1449,12/4/2008
708248,1249,5/11/2001
708249,1199,1/17/2001
708250,6449,11/2/2018
708251,1149,9/14/2001
708252,1599,8/29/2014
708253,1199,9/14/2001
708255,1099,8/23/2001
708256,1249,1/4/2017
708257,1249,1/16/2002
708258,3099,7/25/2018
708259,7499,6/24/2019
708260,1249,10/22/2002
708261,2399,3/25/2019
708262,1249,12/19/2002
708263,1199,4/2/2004
708264,1299,8/19/2009
708265,1099,2/26/2008
708266,1049,3/22/2010
708267,5249,6/10/2019
708268,1099,7/7/2005
708269,1099,5/4/2004
708270,1249,10/4/2004
708271,1299,6/26/2015
708272,1399,10/14/2009
708273,1199,1/12/2007
708274,1099,11/17/2005
708275,1199,5/20/2004
708276,1249,10/30/2004
708277,1199,1/21/2005
708278,1799,6/7/2017
708279,1199,2/10/2005
708280,1199,6/3/2004
708281,1199,5/10/2005
708284,1199,5/25/2007
708285,1049,8/30/2005
708286,1099,8/30/2005
708287,1199,10/14/2005
708288,1199,3/6/2006
708289,1249,6/3/2006
708290,1249,10/20/2005
708291,1199,5/3/2006
708292,1099,11/16/2006
708293,1299,10/10/2013
708294,1149,2/6/2007
708295,1249,11/30/2006
708296,1299,2/7/2013
708297,1049,8/17/2015
708298,1149,11/2/2006
708299,1199,11/6/2006
708416,1699,9/14/2001
708420,3099,10/8/2018
708444,1899,5/4/2004
708453,1949,9/29/2004
708455,2699,5/16/2008
708457,2399,5/17/2011
708458,4099,9/1/2009
708460,2149,6/11/2012
708461,1999,10/25/2018
708470,3099,12/26/2017
708471,1699,2/23/2004
708472,1449,3/26/2002
708473,1449,11/20/2001
708474,1499,12/9/2003
708475,1649,12/2/2004
708476,1749,1/2/2001
708477,1549,1/25/2016
708480,1499,12/4/2003
708481,1449,3/5/2013
708482,1749,12/19/2002
708499,2399,9/18/2007
708500,1049,10/22/2015
708504,1799,5/10/2019
708505,1049,2/11/2016
708506,1499,1/19/2018
708507,1099,8/30/2013
708508,1499,8/6/2002
708509,1049,9/26/2012
708510,1099,1/30/2017
708511,1199,1/6/2003
708512,1499,7/26/2019
708514,1199,4/19/2007
708515,1299,7/17/2015
708516,1449,5/1/2002
708517,2299,11/19/2018
708518,1049,6/19/2015
708519,1049,8/3/2016
708520,1049,3/10/2016
708521,1249,9/19/2007
708522,2099,5/4/2007
708523,1299,8/19/2011
708525,2149,10/10/2008
708527,1199,5/29/2007
708528,1049,1/24/2008
708529,1249,7/14/2010
708530,1099,4/10/2007
708531,1149,10/18/2007
708532,1549,7/18/2013
708533,1099,11/27/2007
708534,1149,3/22/2007
708535,1099,11/30/2007
708536,1649,8/6/2003
708537,8349,6/24/2019
708538,7949,4/1/2019
708539,1199,9/26/2007
708540,1049,11/30/2007
708541,1199,1/3/2008
708543,1049,6/2/2008
708544,1099,9/19/2007
708545,1349,11/7/2008
708546,1299,7/18/2012
708547,1149,6/5/2007
708548,1149,4/24/2008
708549,5149,4/5/2019
708551,1149,12/15/2008
708553,1099,10/6/2008
708554,1299,1/18/2019
708555,1899,12/22/2009
708556,1099,3/2/2009
708557,1199,3/7/2008
708558,1249,4/24/2008
708559,1099,11/4/2008
708560,1049,7/26/2019
708561,1149,11/21/2008
708562,1249,10/11/2010
708563,1149,12/31/2010
708564,1049,4/12/2011
708565,1049,4/24/2008
708566,1049,12/5/2011
708567,1149,2/2/2018
708568,1349,3/8/2017
708569,1149,11/3/2009
708570,4499,6/3/2019
708571,1249,12/12/2007
708573,7799,7/3/2019
708574,1099,6/28/2011
708575,1049,8/9/2011
708576,2999,1/2/2019
708577,1099,8/21/2017
708578,1099,2/22/2019
708579,1049,7/19/2012
708580,1099,9/14/2016
708581,1049,8/22/2012
708582,1049,4/26/2013
708583,1049,11/5/2012
708584,1049,9/26/2013
708585,1049,10/24/2013
708586,1049,3/7/2013
708587,1049,5/23/2014
708588,1049,9/26/2014
708589,1049,10/22/2014
708590,1049,4/24/2012
708591,1049,4/13/2016
708592,1049,9/14/2016
708593,1099,6/17/2019
708594,1049,9/11/2014
708595,1099,4/17/2019
708596,2049,9/17/2018
708597,1049,10/22/2012
708598,1449,2/27/2019
708599,1049,12/12/2011
708600,1049,9/26/2011
708602,1149,11/30/2007
708603,2449,7/6/2015
708605,4799,8/5/2008
708606,1099,8/5/2003
708607,1199,11/6/2003
708608,1049,12/4/2008
708609,1599,6/7/2019
708610,1099,11/16/2007
708611,2149,6/2/2008
708613,1149,6/25/2008
708615,1799,1/31/2011
708616,1599,2/25/2005
708617,2199,4/20/2006
708618,1249,10/20/2008
708619,1249,9/13/2017
708620,1049,6/23/2008
708621,1099,2/16/2009
708622,4249,2/27/2019
708623,1049,6/8/2010
708624,1199,12/31/2010
708625,1099,2/18/2016
708626,1149,11/10/2008
708627,1199,10/12/2009
708628,1249,9/15/2009
708629,1199,12/1/2009
708630,1249,4/18/2011
708631,1049,10/31/2011
708632,1099,4/7/2015
708633,1049,10/24/2011
708634,1099,12/3/2018
708635,1049,1/16/2012
708637,1049,12/12/2011
708638,1149,4/21/2016
708639,1049,7/14/2011
708640,1099,5/10/2011
708641,1049,8/22/2013
708642,1049,9/19/2011
708643,1049,7/14/2011
708644,1049,3/7/2013
708645,1949,10/21/2008
708646,1249,3/2/2001
708648,1049,11/7/2011
708649,1849,8/13/2018
708650,1099,12/29/2016
708652,1049,2/2/2012
708653,1099,9/20/2017
708654,1099,6/3/2014
708655,1049,6/22/2012
708656,1099,2/15/2017
708657,1249,9/12/2005
708658,1049,5/2/2013
708659,1099,11/9/2016
708660,1049,6/14/2016
708661,1049,2/17/2014
708662,1049,3/7/2013
708663,2849,2/4/2019
708664,1049,6/14/2013
708665,1049,11/5/2012
708666,1049,11/7/2013
708667,1049,10/24/2013
708668,1049,9/26/2012
708669,1049,7/13/2016
708670,1099,5/19/2017
708671,1099,7/11/2017
708672,1349,12/14/2018
708673,1049,2/5/2014
708674,1049,5/28/2014
708675,1099,7/25/2016
708676,1049,6/24/2013
708677,1799,6/26/2019
708678,1099,4/19/2017
708679,1049,9/11/2014
708680,1099,11/11/2015
708682,1049,5/28/2013
708683,1049,9/26/2013
708684,1149,6/3/2019
708685,1049,5/23/2014
708686,1049,11/18/2013
708687,1049,11/18/2013
708688,1049,9/19/2014
708689,1049,1/5/2015
708691,1049,10/2/2012
708692,1049,4/28/2015
708693,1099,2/3/2016
708694,1049,11/4/2013
708695,1049,8/22/2014
708696,1049,3/20/2015
708697,1049,4/23/2013
708698,1049,2/18/2013
708699,1049,5/19/2013
708900,1049,6/30/2015
708929,1499,10/18/2017
708949,1049,11/5/2015
708950,1049,11/17/2014
708951,1049,11/17/2014
708952,1049,10/27/2014
708954,1049,9/9/2015
708955,1049,4/25/2016
708956,1049,6/27/2016
708957,1049,7/25/2016
708959,1049,3/10/2016
708960,1049,11/11/2015
708961,1349,12/5/2001
708962,1049,4/8/2016
708963,1049,7/25/2016
708964,1049,5/23/2016
708965,1049,8/18/2016
708966,1449,2/27/2019
708967,1049,3/1/2016
708968,1049,1/5/2016
708969,1099,11/2/2017
708970,1049,7/21/2014
708971,1049,12/12/2014
708972,1049,5/17/2019
708973,1049,11/17/2014
708974,1049,2/3/2015
708975,1049,2/19/2015
708976,1049,1/13/2015
708978,4399,5/29/2019
708979,1049,12/1/2014
708987,1499,7/26/2019
721043,1049,12/10/2018
721052,1049,9/25/2017
721064,1049,12/10/2018
721086,1049,7/13/2017
721107,1049,7/11/2017
721201,1049,3/7/2018
721204,1049,11/27/2017
721259,1049,6/19/2019
721270,1049,5/29/2018
721292,1049,5/29/2018
721330,1049,4/1/2019
721333,1049,11/15/2018
721398,1149,5/24/2019
721540,1049,6/20/2018
721814,1049,7/10/2018
721839,1049,8/13/2018
721937,1049,12/10/2018
722013,1049,4/5/2018
722039,1049,3/7/2018
722061,1049,10/6/2017
722129,1049,6/1/2018
722155,1049,6/1/2018
722302,1049,6/17/2019
722304,1049,6/20/2018
722307,1049,7/30/2018
722701,1049,5/31/2019
722718,1049,4/17/2018
723002,1049,7/10/2018
723083,1049,2/12/2018
723084,1049,7/10/2018
723098,1049,5/8/2018
723118,1049,12/10/2018
723155,1049,2/26/2018
723198,1049,7/30/2018
723248,1049,12/10/2018
723535,1049,11/7/2018
723844,1049,10/4/2017
723876,1049,7/3/2019
723958,1049,7/26/2019
724333,1049,9/28/2017
724369,1049,11/13/2017
725018,1049,1/11/2018
725042,1049,7/23/2018
725044,1049,4/26/2019
725057,1049,8/29/2018
725085,1049,6/11/2018
725095,1049,3/27/2019
725189,1049,6/26/2018
725193,1049,12/10/2018
725211,1049,3/13/2019
725345,1049,6/3/2019
725624,1049,11/26/2018
725626,1049,12/17/2018
725686,1049,3/13/2019
725823,1049,12/3/2018
727015,1049,1/15/2018
727043,1049,6/11/2018
727176,1049,11/30/2017
727247,1049,10/29/2018
727314,1049,6/24/2019
727336,1049,6/17/2019
727452,1049,11/26/2018
727611,1049,6/26/2019
727613,1049,11/30/2017
727614,1049,8/17/2018
727615,1049,2/4/2019
727616,1049,4/25/2018
727618,1399,3/20/2019
727620,1049,12/17/2018
727636,1049,11/12/2018
727692,1049,4/8/2019
727705,1049,2/27/2019
727711,1049,3/8/2018
727825,1049,9/4/2018
728013,1099,8/3/2018
728031,1049,4/5/2018
728037,1049,12/5/2017
728078,1049,11/27/2017
728110,1099,1/18/2019
728116,1049,5/29/2018
728124,1049,11/19/2018
728208,1049,11/17/2017
728213,1049,12/3/2018
728214,1049,9/17/2018
728215,1049,10/8/2018
728222,1049,10/2/2018
728751,1049,12/17/2018
761453,1049,12/6/2017
761456,1049,11/2/2017
761491,1049,6/7/2017
761833,1049,9/25/2017
763493,1049,6/7/2017
763495,1049,4/12/2017
763496,1049,11/9/2016
763575,1049,11/22/2016
763576,1049,10/21/2016
763577,1049,3/31/2017
763579,1049,11/1/2016
763581,1049,11/22/2016
763582,1049,10/21/2016
763583,1049,11/22/2016
763584,1049,9/25/2017
763590,1049,5/27/2016
763591,1049,8/16/2016
763592,1049,9/25/2017
763593,1049,8/2/2016
763594,1099,4/24/2018
763595,1049,7/6/2016
763596,1049,7/6/2016
763597,1049,8/2/2016
763598,1049,8/14/2017
767667,1049,8/29/2018
767668,1049,6/20/2018
767669,1049,6/26/2018
767673,1049,9/18/2018
767690,1049,5/29/2018
767691,1049,7/13/2018
768129,1049,10/6/2017
768211,1049,11/26/2018
768212,1049,12/10/2018
768219,1049,12/3/2018
768220,1049,11/12/2018
768221,1049,12/3/2018
768233,1049,2/13/2019
768333,1049,8/15/2018
768387,1049,5/6/2019
768502,1049,3/16/2018
768503,1049,11/17/2017
768524,1049,11/12/2018
768612,1049,12/5/2017
768614,1049,10/6/2017
768681,1099,10/15/2018
768702,1949,9/13/2017
768704,1499,3/16/2018
768705,1899,2/16/2012
768706,1649,3/4/2019
768707,1649,11/2/2015
768708,1599,7/1/2019
768709,2049,11/17/2017
768712,3249,9/3/2015
768713,1949,3/4/2019
768714,1849,5/10/2013
768715,2249,4/21/2016
768717,1449,5/24/2010
768720,1399,5/22/2015
768721,1399,10/20/2011
768723,1799,10/25/2018
768724,1349,8/28/2012
768725,1599,7/11/2017
768726,1399,9/28/2011
768727,1699,11/9/2016
768728,2149,11/17/2014
768729,1599,4/14/2011
768732,1699,2/9/2018
768734,1249,12/8/2011
768735,1299,7/9/2013
768736,1349,3/20/2015
768738,1449,10/26/2015
768740,1549,8/26/2015
768742,1249,9/17/2012
768743,1299,6/7/2017
768744,1399,8/16/2016
768745,1249,1/26/2012
768746,1199,5/14/2012
768747,1249,3/26/2018
768748,1399,5/14/2014
768749,1299,5/26/2014
768750,1349,1/20/2015
768753,1199,3/31/2016
768754,1249,1/25/2016
768755,1299,7/9/2012
768756,1149,12/28/2011
768759,1299,7/11/2017
768761,1199,9/23/2016
768762,1149,4/24/2018
768763,1199,11/15/2018
768764,1149,1/2/2019
768765,1149,1/26/2012
768766,1199,10/1/2014
768767,1149,9/16/2011
768768,1099,8/27/2008
768769,1199,6/14/2016
768770,1199,2/27/2019
768771,1199,1/17/2013
768772,1099,5/22/2012
768773,2049,8/14/2014
768774,1149,12/8/2011
768775,1249,6/7/2017
768776,1149,9/30/2016
768777,1099,7/11/2013
768778,1099,7/26/2011
768779,1099,9/25/2017
768780,1149,12/18/2015
768781,1099,4/4/2012
768782,1199,4/29/2019
768784,1049,10/25/2010
768785,1099,2/15/2016
768786,1099,9/1/2016
768790,1099,8/16/2013
768791,1149,7/27/2017
768792,1199,5/22/2015
768793,1099,2/20/2014
768794,1049,8/23/2011
768795,1049,10/24/2011
768796,1099,2/23/2018
768797,1049,10/4/2011
768804,1049,11/23/2011
768806,1049,11/7/2011
768807,1249,8/23/2016
768808,1149,12/1/2017
768809,1099,4/17/2014
768810,1049,6/11/2012
768811,1049,5/21/2012
768812,1049,10/5/2018
768813,1099,4/11/2013
768815,1099,3/3/2015
768816,1049,11/15/2012
768817,1099,2/4/2019
768818,1049,2/7/2013
768819,1049,11/15/2012
768820,1049,11/26/2012
768821,1049,11/26/2012
768822,1099,1/18/2019
768823,1099,4/21/2015
768824,1049,5/14/2013
768825,1049,10/24/2013
768826,1049,6/14/2013
768827,1149,5/9/2016
768828,1099,10/7/2016
768829,1049,11/4/2013
768830,1049,6/20/2014
768831,1099,1/5/2015
768832,1049,11/25/2013
768835,1049,12/12/2014
768836,1049,3/20/2015
768837,1049,1/6/2015
768838,1049,4/24/2015
768839,1049,12/12/2014
768840,1099,3/3/2015
768841,1099,8/28/2018
768843,1099,7/13/2018
768844,1049,11/2/2015
768845,1099,11/30/2016
768846,1049,5/16/2016
768849,1049,7/27/2015
768850,1049,3/28/2016
768851,1049,1/5/2016
768852,1049,3/24/2017
768855,1049,3/20/2015
768856,1049,5/15/2015
768857,1049,4/24/2015
768858,1049,3/20/2015
768859,1049,4/10/2017
768861,1049,12/9/2015
768862,1049,11/16/2015
768863,1049,6/12/2015
768864,1049,4/14/2015
768865,1049,9/21/2015
768866,1049,1/13/2017
768867,1049,10/7/2015
768868,1049,8/31/2015
768869,1049,10/7/2015
768870,1049,9/11/2015
768871,1099,8/20/2018
768872,1049,10/23/2017
768873,1049,2/1/2016
768874,1049,9/17/2015
768875,1049,3/31/2016
768876,1049,12/17/2014
768877,1049,10/7/2015
768878,1049,4/14/2015
768879,1099,6/3/2016
768880,1049,7/9/2015
768881,1049,3/1/2016
768882,1049,12/17/2014
768883,1049,12/17/2014
768886,1299,4/22/2019
768887,1049,4/14/2015
768888,1049,9/21/2015
768889,1049,3/31/2017
768890,1049,3/15/2016
768892,1049,4/8/2016
768893,1049,8/12/2015
768894,1049,12/17/2014
768896,1049,10/6/2017
768897,1049,4/12/2017
768903,1049,9/9/2016
768904,1099,3/13/2019
768905,1049,5/8/2017
768906,1049,12/17/2014
768907,1049,12/17/2014
768909,1049,4/14/2015
768910,1049,7/13/2016
768914,1049,3/12/2018
768916,1049,6/12/2015
768917,1049,11/11/2015
768918,1049,5/23/2016
768919,1049,3/31/2016
768920,1049,2/3/2015
768921,1049,8/12/2015
768922,1099,2/4/2019
768923,1049,3/21/2016
768924,1049,2/18/2016
768925,1049,4/14/2015
768930,1049,4/28/2015
768931,1049,6/12/2015
768935,1099,11/2/2017
768936,1199,8/30/2018
768937,1099,6/3/2019
768938,1049,11/2/2015
768940,1099,3/15/2018
768941,1049,10/22/2015
768942,1049,11/25/2015
768943,1049,3/15/2016
768944,1049,4/13/2016
768945,1049,2/22/2016
768946,1049,3/31/2016
768947,1049,5/27/2016
768948,1049,4/12/2016
768953,1049,5/9/2016
768977,1049,4/16/2018
771494,1049,9/30/2016
778703,1949,3/12/2018
778716,1999,8/27/2008
778718,1399,8/27/2008
778737,1299,8/27/2008
778739,1099,8/27/2008
779022,1049,9/3/2015
791286,1249,7/26/2019
791402,1249,11/19/2004
791403,1149,5/20/2002
791405,1199,8/13/2002
791409,1249,6/14/2002
791410,1199,2/8/2006
791411,1149,11/21/2003
791413,1199,5/30/2002
791415,1199,12/12/2013
791416,1099,11/21/2003
791417,1499,5/14/2014
791420,1149,3/3/2005
791421,1149,5/10/2005
791423,1249,11/7/2018
791425,1049,12/12/2007
791426,1149,1/30/2008
791431,1049,4/25/2011
791433,1099,5/5/2017
791434,1249,10/31/2002
791495,1049,9/1/2016
791497,1799,6/25/2007
792223,2849,7/3/2002
792241,2049,8/2/2004
792242,1799,3/9/2007
792252,1999,9/14/2000
792271,1949,4/24/2001
792386,1499,8/28/2001
792715,1349,2/20/2017
794302,1899,7/2/2003
794303,1849,6/9/2004
794311,2149,8/9/2006
794317,1749,7/27/2015
794318,1949,7/26/2019
794320,1649,4/14/2004
794323,2049,6/3/2004
794331,1999,11/27/2007
794336,1449,4/27/2001
794337,1499,12/20/2012
794343,2549,7/25/2006
794347,2449,3/18/2003
794350,2499,1/16/2002
794355,2249,9/14/2001
794356,1449,7/26/2019
794357,3049,5/25/2007
794358,2449,1/19/2018
794364,1149,1/3/2007
794365,3599,4/17/2008
794366,2199,8/24/2000
794371,4049,7/11/2013
794373,2449,6/20/2002
794380,2149,5/6/2010
794383,2199,2/15/2007
794386,2049,1/18/2016
794387,1849,2/27/2006
794394,1649,12/10/2007
794397,2749,8/6/2002
795232,1849,4/19/2005
795267,1699,5/13/2004
797040,2399,3/18/2005
797309,1899,7/19/2012
797353,2749,1/11/2002
797364,1799,10/16/2014
797464,1299,11/20/2001
797500,1849,1/31/2007
798456,1899,11/17/2005
799101,2049,7/26/2019
799102,2049,7/26/2019
799106,2049,7/26/2019
799108,1049,7/26/2019
799109,2049,7/26/2019
799111,2049,7/26/2019
799113,2049,7/26/2019
799115,2049,7/26/2019
799116,2049,7/26/2019
799117,2049,7/26/2019
799118,2049,7/26/2019
799121,2049,7/26/2019
799122,2049,7/26/2019
799123,2049,7/26/2019
799124,2049,7/26/2019
799125,2049,7/26/2019
799128,2049,7/26/2019
799129,2049,7/26/2019
799135,2049,7/26/2019
799136,2049,7/26/2019
799138,2049,7/26/2019
799140,2049,7/26/2019
799145,2049,7/26/2019
799150,2049,7/26/2019
799152,2049,10/3/2007
799154,1049,10/27/2014
799159,2049,7/26/2019
799160,2049,7/26/2019
799161,2049,12/12/2007
799162,2049,11/16/2007
799180,2049,7/26/2019
799201,2049,7/26/2019
799204,2049,7/26/2019
799205,2049,7/26/2019
799207,2049,7/26/2019
799208,2049,11/15/2017
799209,2049,7/26/2019
799212,2049,7/26/2019
799213,2049,7/26/2019
799214,2049,7/26/2019
799221,2049,7/26/2019
799225,2049,7/26/2019
799226,2049,2/20/2008
799228,2049,7/26/2019
799229,2049,7/26/2019
799230,2049,7/26/2019
799232,2049,7/26/2019
799234,2049,7/26/2019
799235,2049,7/26/2019
799237,2049,7/26/2019
799239,2049,10/3/2006
799240,2049,6/11/2007
799241,2049,10/10/2006
799245,2049,7/26/2019
799248,2049,7/26/2019
799249,2049,11/1/2006
799251,2049,6/18/2007
799255,2049,7/26/2019
799256,2049,7/26/2019
799270,2049,7/26/2019
799274,2049,9/5/2008
799275,2049,7/26/2019
799277,2049,7/26/2019
799299,2049,8/21/2008
799301,2049,7/26/2019
799302,2049,7/26/2019
799303,2049,7/26/2019
799305,2049,7/26/2019
799306,2099,1/20/2017
799307,2049,7/26/2019
799308,2049,7/26/2019
799312,2049,7/26/2019
799314,2049,7/26/2019
799315,2049,7/26/2019
799316,2049,7/26/2019
799317,2049,6/25/2007
799318,2049,7/26/2019
799320,2049,7/26/2019
799328,2049,7/26/2019
799329,2049,7/26/2019
799330,2049,7/26/2019
799335,2049,7/26/2019
799338,2049,7/26/2019
799344,2099,1/12/2007
799345,2049,2/28/2007
799347,2049,3/21/2007
799349,2049,7/26/2019
799351,2049,7/26/2019
799353,2049,7/26/2019
799401,2049,8/23/2007
799403,2049,7/26/2019
799410,2049,6/16/2008
799701,2049,8/8/2007
799702,2049,11/6/2006
799705,2049,7/26/2019
799706,2049,12/16/2016
799707,2049,7/26/2019
799708,2049,7/26/2019
799711,2099,10/5/2012
799713,2049,7/26/2019
799714,2049,7/26/2019
799717,2049,7/26/2019
799718,2049,7/26/2019
799720,2049,7/26/2019
799721,2049,7/26/2019
799722,2049,7/26/2019
799723,2049,7/26/2019
799725,2049,7/26/2019
799726,2049,7/26/2019
799729,2049,7/26/2019
799731,2049,7/26/2019
799734,2049,7/26/2019
799735,2049,7/26/2019
799738,2049,7/26/2019
799741,2049,7/26/2019
799743,2199,3/5/2010
799744,2049,10/3/2007
799748,2049,7/26/2019
799749,2149,1/11/2010
799751,2099,10/3/2006
799752,2049,8/14/2008
799755,2049,7/31/2015
799801,2049,7/26/2019
799802,2049,7/26/2019
799805,2049,7/26/2019
799806,2049,7/26/2019
799810,2049,7/26/2019
799811,2049,7/26/2019
799813,2049,7/26/2019
799815,2049,7/26/2019
799817,2049,7/26/2019
799818,2049,1/25/2016
799820,2049,7/26/2019
799821,2049,7/26/2019
799827,2049,7/26/2019
799828,2049,8/5/2013
799829,2049,7/26/2019
799831,2049,7/26/2019
799833,2049,7/26/2019
799835,2049,7/26/2019
799839,2049,7/26/2019
799840,2049,11/30/2006
799841,2049,5/15/2007
799844,1049,4/12/2016
799846,2049,7/26/2019
799847,2049,7/26/2019
799850,2049,7/26/2019