1001,01/01/1989,
1002,01/01/1989,
1003,01/01/1989,
1004,01/01/1989,
1005,01/01/1989,
1006,01/01/1989,
1007,01/01/1989,
1008,01/01/1989,
1009,01/01/1989,
1010,01/01/1989,
1011,01/01/1989,
1012,01/01/1989,
1013,01/01/1989,
1014,01/01/1989,
1015,01/01/1989,
1016,01/01/1989,
1017,01/01/1989,
1018,01/01/1989,
1019,01/01/1989,
1020,01/01/1989,
1021,01/01/1989,
1023,01/01/1989,
1024,01/01/1989,
1025,01/01/1989,
1026,01/01/1989,
1027,01/01/1989,
1028,01/01/1989,
1029,01/01/1989,
1030,01/01/1989,
1031,01/01/1989,
1032,01/01/1989,
1033,01/01/1989,
1034,01/01/1989,
1035,01/01/1989,
1036,01/01/1989,
1037,01/01/1989,
1038,01/01/1989,
1039,01/01/1989,
1040,01/01/1989,
1041,01/01/1989,
1042,01/01/1989,
1044,01/01/1989,
1045,01/01/1989,
1046,01/01/1989,
1050,01/01/1989,
1051,01/01/1989,
1052,08/03/2017,
1053,01/01/1989,
1054,01/01/1989,
1055,01/01/1989,
1056,01/01/1989,
1057,01/01/1989,
1058,01/01/1989,
1059,01/01/1989,
1060,01/01/1989,
1061,01/01/1989,
1062,01/01/1989,
1063,01/01/1989,
1065,01/01/1989,
1066,01/01/1989,
1067,01/01/1989,
1068,01/01/1989,
1069,01/01/1989,
1070,01/01/1989,
1071,01/01/1989,
1072,01/01/1989,
1073,01/01/1989,
1074,01/01/1989,
1075,01/01/1989,
1076,01/01/1989,
1077,01/01/1989,
1078,01/01/1989,
1079,01/01/1989,
1080,01/01/1989,
1081,01/01/1989,
1082,01/01/1989,
1083,01/01/1989,
1084,01/01/1989,
1085,01/01/1989,
1086,06/29/2017,
1087,01/01/1989,
1088,01/01/1989,
1089,01/01/1989,
1090,01/01/1989,
1091,01/01/1989,
1092,01/01/1989,
1093,07/01/2004,
1094,01/01/1989,
1095,01/01/1989,
1096,01/01/1989,
1098,01/01/1989,
1099,01/01/1989,
1101,02/01/1989,
1102,01/01/1989,
1103,01/01/1989,
1104,01/01/1989,
1105,01/01/1989,
1106,09/01/2013,
1107,05/30/2017,
1108,01/01/1989,
1109,01/01/1989,
1110,01/01/1989,
1112,01/01/1989,
1113,01/01/1989,
1114,01/01/1989,
1116,01/01/1989,
1117,04/01/2013,
1118,01/01/1989,
1119,01/01/1989,
1120,01/01/1989,
1121,01/01/1989,
1122,01/01/1989,
1123,01/01/1989,
1124,01/01/1989,
1125,01/01/1989,
1126,03/01/1997,
1127,01/01/1989,
1128,01/01/1989,
1129,01/01/1989,
1130,01/01/1989,
1131,01/01/1989,
1132,01/01/1989,
1133,01/01/1989,
1134,01/01/1989,
1135,04/01/1997,
1136,01/01/1989,
1137,01/01/1989,
1138,10/01/1997,08/31/2009
1139,03/01/1997,
1140,01/01/1989,
1141,01/01/1989,
1143,01/01/1989,
1144,01/01/1989,
1145,01/01/1989,
1146,07/01/1997,
1147,01/01/1989,
1148,01/01/1989,
1149,01/01/1989,
1150,01/01/1989,
1151,08/01/1997,
1152,01/01/1989,
1153,01/01/1989,
1154,01/01/1989,04/30/1996
1155,01/01/1989,
1156,07/01/1989,
1157,01/01/1989,
1158,01/01/1989,
1159,01/01/1989,
1161,01/01/1989,
1162,01/01/1989,
1163,03/01/1989,
1164,04/01/1989,
1165,01/01/1989,
1166,01/01/1989,
1167,01/01/1989,
1168,01/01/1989,
1169,04/01/1990,07/31/2009
1170,01/01/1989,
1171,01/01/1989,
1172,03/01/1990,
1173,01/01/1989,
1174,01/01/1989,
1175,01/01/1989,
1176,08/01/1990,
1177,01/01/1989,
1178,01/01/1989,
1179,08/01/1990,
1180,01/01/1991,
1181,01/01/1989,
1182,01/01/1989,
1183,12/01/1990,
1184,01/01/1989,
1185,01/01/1989,
1186,01/01/1991,
1187,01/01/1991,
1188,01/01/1989,
1189,01/01/1989,
1190,01/01/1991,
1191,01/01/1989,
1192,05/01/1991,
1193,04/01/1991,
1194,07/01/1991,
1195,01/01/1989,
1196,01/01/1989,02/28/2002
1197,08/01/1991,
1198,02/01/1992,
1199,01/01/1989,
1201,01/31/2018,
1202,01/01/1989,
1204,10/09/2017,
1205,09/01/1997,
1206,01/01/1989,
1207,01/01/1989,
1208,01/01/1989,
1209,01/01/1989,
1210,02/01/1993,03/31/1995
1211,01/01/1989,
1212,01/01/1989,
1213,01/01/1989,
1214,12/01/1993,
1215,03/01/1994,
1216,01/01/1989,
1217,01/01/1989,
1218,01/01/1989,
1219,03/01/1994,
1220,08/01/1994,
1221,05/01/1994,
1222,05/01/1994,
1223,06/01/1994,
1224,07/01/1994,
1225,01/01/1989,
1226,01/01/1989,
1227,03/01/1995,
1228,01/01/1989,
1230,08/01/2014,
1231,03/01/1995,
1232,01/01/1989,
1233,01/01/1989,
1234,02/01/1995,
1235,01/01/1989,
1236,01/01/1989,
1237,01/01/1989,
1238,03/01/1995,
1239,03/01/1995,
1240,08/01/1995,
1241,10/01/1995,
1242,01/01/1989,
1243,10/01/1995,
1244,11/01/1995,
1245,01/01/1996,
1246,10/01/1996,
1248,09/01/1997,
1249,09/01/1997,
1250,09/01/1997,
1251,10/01/1997,
1252,01/01/1989,
1253,10/01/1997,
1254,01/01/1989,
1255,01/01/1989,
1256,06/01/1998,
1257,05/01/1998,
1258,01/01/1989,
1260,02/01/1998,
1261,07/01/1998,
1262,01/01/1989,
1263,01/01/1989,
1264,07/01/1998,
1266,01/01/1989,
1267,10/01/1998,
1268,01/01/1989,
1269,10/01/1998,
1271,11/01/1998,
1272,05/01/1999,
1273,05/01/1999,
1274,01/01/1989,
1275,01/01/1989,
1276,01/01/1989,
1277,03/01/1999,
1278,01/01/1989,
1279,10/01/1999,
1280,05/01/1999,
1281,01/01/1989,
1282,07/01/1999,
1283,01/01/1989,
1284,01/01/1989,
1285,01/01/1989,
1286,09/01/1999,
1287,01/01/2000,
1288,08/01/1999,
1290,08/01/1999,
1291,10/01/2000,
1293,01/01/1989,
1294,01/01/1989,
1295,01/01/1989,
1296,07/01/1999,
1297,10/01/1999,
1298,10/01/1999,
1299,09/01/2000,
1301,01/01/1989,
1303,01/01/1989,
1307,01/01/1989,
1309,01/01/1989,
1310,01/01/1989,
1311,10/01/1999,
1312,01/01/1989,
1314,01/01/2000,
1315,05/01/2000,
1316,01/01/1989,
1317,01/01/1989,
1318,01/01/1989,
1319,01/01/1989,
1320,01/01/1989,
1321,01/01/1989,
1322,05/01/2000,
1323,04/01/2000,
1324,08/01/2000,
1325,08/01/2000,
1326,06/01/2000,
1327,07/01/2000,
1328,11/01/2000,
1329,11/01/2000,
1331,01/01/1989,
1332,11/01/2000,
1334,12/01/2000,
1335,01/01/1989,05/31/1996
1336,06/01/2001,
1337,01/01/2001,
1338,10/01/2001,
1339,12/01/2000,
1340,06/01/1996,
1341,06/01/1996,
1342,06/01/1996,
1343,06/01/1996,
1344,06/01/1996,
1345,06/01/1996,
1346,06/01/1996,
1347,06/01/1996,
1348,06/01/1996,
1349,06/01/1996,07/31/1999
1350,06/01/1996,
1351,06/01/1996,
1353,10/01/2000,02/28/2009
1354,03/01/2001,
1355,12/01/2000,
1356,04/01/2001,
1357,07/01/2001,
1358,01/01/1989,
1359,01/01/1989,
1360,01/01/1989,
1361,08/01/2001,
1362,04/01/2001,
1363,06/01/2001,
1364,12/01/2001,
1365,10/01/2001,
1366,10/01/2001,
1368,01/01/2002,
1373,01/01/2003,
1374,09/01/2004,
1375,10/01/2004,
1376,09/01/2002,04/30/2004
1379,05/01/2004,
1380,09/01/2004,
1381,07/01/2005,
1382,02/01/2005,
1383,12/01/2005,
1384,04/01/2005,
1386,10/23/2017,
1387,05/01/2006,
1388,11/01/2006,
1389,08/01/2007,
1390,04/01/2006,
1391,10/01/2007,
1392,12/01/2007,
1393,11/01/2006,
1394,10/01/2007,
1395,06/01/2007,
1396,07/01/2008,
1397,09/01/2006,
1401,01/01/2002,02/28/2009
1402,01/01/2002,
1403,01/01/2002,
1404,03/01/2002,
1405,01/01/2002,
1406,01/01/2002,01/31/2011
1407,01/01/2002,03/31/2011
1408,01/01/2002,08/31/2010
1409,01/01/2002,
1410,01/01/2002,
1411,01/01/2002,
1412,01/01/2002,01/31/2004
1413,01/01/2002,
1415,01/01/2002,
1416,01/01/2002,
1417,01/01/2002,
1418,01/01/2002,12/31/2009
1419,09/01/2003,
1420,02/01/2005,
1421,05/01/2005,
1422,10/01/2006,
1423,12/01/2006,
1424,03/01/2008,
1425,09/01/2007,
1426,11/01/2007,
1427,11/01/2006,
1428,07/01/2008,
1429,10/01/2008,
1430,09/01/2006,
1431,01/01/2011,
1433,08/01/2011,
1434,10/01/2002,
1435,07/01/2004,
1436,04/01/2004,
1437,12/01/2004,
1438,11/01/2004,
1439,05/01/2005,
1441,05/01/2005,
1442,08/01/2006,
1443,07/01/2005,
1444,12/01/2005,
1445,04/01/2006,
1446,08/01/2005,
1447,06/01/2006,
1448,01/01/2006,
1449,11/01/2007,
1450,10/01/2008,
1451,01/01/2006,
1453,10/23/2017,
1454,04/01/2006,
1455,02/01/2008,
1456,06/29/2017,
1458,06/01/2006,
1459,07/01/2009,
1460,01/01/2008,
1461,11/01/2008,
1462,11/01/2009,
1468,11/01/2007,
1469,09/01/2010,
1477,01/01/1989,
1485,01/01/1989,
1487,10/01/2013,
1489,03/01/2015,
1491,04/24/2017,
1492,11/14/2016,
1493,08/31/2016,
1494,08/31/2016,
1495,08/22/2016,
1497,10/01/1997,
1498,01/01/1989,
1500,01/01/2003,
1507,02/27/2018,
1508,10/01/2013,
1509,10/01/2013,
1510,10/01/2013,
1511,10/01/2013,
1512,10/01/2013,
1513,10/01/2013,
1514,10/01/2013,
1515,10/01/2013,
1516,10/01/2013,
1517,10/01/2013,
1518,10/01/2013,04/21/2017
1519,10/01/2013,
1520,10/01/2013,
1521,10/01/2013,
1522,10/01/2013,
1523,10/01/2013,
1524,10/01/2013,
1525,10/01/2013,
1526,10/01/2013,01/08/2016
1527,01/01/1989,
1528,01/01/1989,
1529,10/01/2013,
1530,10/01/2013,
1531,10/01/2013,
1532,01/01/1989,
1533,10/01/2013,
1534,10/01/2013,
1535,10/01/2013,
1536,10/01/2013,
1537,10/01/2013,
1538,10/01/2013,01/08/2016
1539,10/01/2013,
1541,10/01/2013,
1542,10/01/2013,
1543,10/01/2013,
1544,10/01/2013,
1545,10/01/2013,
1546,10/01/2013,
1548,10/01/2013,
1549,10/01/2013,
1550,10/01/2013,
1551,10/01/2013,
1552,10/01/2013,
1553,10/01/2013,
1554,10/01/2013,
1555,10/01/2013,
1556,10/01/2013,
1557,10/01/2013,
1558,10/01/2013,01/31/2015
1559,10/01/2013,
1560,10/01/2013,
1561,10/01/2013,
1562,08/01/2005,
1563,02/01/2006,
1564,10/01/2013,
1565,01/01/1989,
1566,11/01/2007,
1567,10/01/2013,
1568,10/01/2005,
1569,11/01/2008,
1570,10/01/2013,
1571,10/01/2013,
1572,10/01/2013,
1573,10/01/2013,
1574,10/01/2013,
1575,01/01/1989,
1576,10/01/2013,
1577,10/01/2013,
1578,10/01/2013,
1579,10/01/2013,
1580,10/01/2013,
1581,10/01/2013,
1582,10/01/2013,
1583,10/01/2013,
1584,01/01/1989,
1586,10/01/2013,
1587,10/01/2013,
1588,10/01/2013,
1589,10/01/2013,
1590,10/01/2013,
1591,10/01/2013,
1592,10/01/2013,
1593,10/01/2013,
1594,10/01/2013,
1595,10/01/2013,
1596,10/01/2013,
1597,10/01/2013,
1598,10/01/2013,
1600,10/01/2013,
1601,10/01/2013,01/31/2015
1602,10/01/2013,
1603,10/01/2013,01/05/2017
1604,10/01/2013,
1605,10/01/2013,
1606,10/01/2013,
1607,10/01/2013,
1608,10/01/2013,
1609,10/01/2013,
1610,10/01/2013,
1611,10/01/2013,01/31/2015
1612,10/01/2013,
1613,10/01/2013,06/29/2016
1614,10/01/2013,
1615,10/01/2013,
1616,10/01/2013,
1617,10/01/2013,
1618,10/01/2013,01/08/2016
1619,10/01/2013,
1622,10/01/2013,
1623,10/01/2013,
1624,10/01/2013,
1625,10/01/2013,
1626,10/01/2013,
1627,01/01/1989,
1628,11/01/2003,
1629,10/01/2013,
1630,10/01/2013,
1631,10/01/2013,01/31/2015
1632,10/01/2013,
1633,10/01/2013,
1634,10/01/2013,
1635,10/01/2013,
1636,10/01/2013,
1637,01/01/1989,
1638,10/01/2013,
1639,01/01/1989,
1640,10/01/2013,
1641,10/01/2013,
1642,10/01/2013,
1643,10/01/2013,01/31/2015
1644,10/01/2013,
1645,10/01/2013,
1646,10/01/2013,
1647,10/01/2013,
1648,10/01/2013,
1649,10/01/2013,
1650,01/01/1989,
1651,10/01/2013,
1652,10/01/2013,
1653,10/01/2013,
1654,10/01/2013,
1655,10/01/2013,
1656,10/01/2013,
1657,10/01/2013,
1658,10/01/2013,
1659,10/01/2013,12/18/2015
1660,10/01/2013,10/30/2015
1661,10/01/2013,
1662,10/01/2013,
1663,10/01/2013,
1664,10/01/2013,
1665,10/01/2013,
1666,01/01/1989,
1667,10/01/2013,
1668,10/01/2013,
1669,10/01/2013,
1670,10/01/2013,
1671,10/01/2013,
1672,10/01/2013,
1673,10/01/2013,
1674,10/01/2013,
1675,10/01/2013,
1676,10/01/2013,
1677,10/01/2013,
1678,01/01/1989,
1679,01/01/2002,
1680,10/01/2013,
1681,10/01/2013,
1682,10/01/2013,
1683,10/01/2013,01/31/2015
1684,10/01/2013,
1685,10/01/2013,
1686,10/01/2013,
1687,10/01/2013,01/31/2015
1688,10/01/2013,01/31/2015
1689,10/01/2013,
1690,10/01/2013,
1691,10/01/2013,
1692,10/01/2013,
1693,10/01/2013,
1694,10/01/2013,
1695,10/01/2013,01/31/2015
1696,10/01/2013,
1697,10/01/2013,
1698,01/01/1989,
1699,10/01/2013,
1700,10/01/2013,
1701,10/01/2013,
1702,10/01/2013,
1703,10/01/2013,10/31/2014
1704,10/01/2013,10/31/2014
1705,10/01/2013,08/31/2014
1706,11/01/2007,
1710,11/01/2007,
1711,11/01/2007,01/31/2010
1712,11/01/2007,
1713,07/01/2011,
1714,11/01/2007,05/31/2010
1715,11/01/2007,
1716,11/01/2007,
1717,11/01/2007,
1718,11/01/2007,
1719,11/01/2007,
1720,11/01/2007,
1721,11/01/2007,
1722,11/01/2007,
1723,11/01/2007,
1724,11/01/2007,
1725,11/01/2007,
1726,11/01/2007,
1727,11/01/2007,
1728,11/01/2007,
1729,11/01/2007,11/30/2010
1730,11/01/2007,
1731,11/01/2007,12/31/2009
1732,11/01/2007,
1733,11/01/2007,
1734,11/01/2007,
1735,11/01/2007,
1737,11/01/2007,
1738,11/01/2007,
1739,11/01/2007,
1740,11/01/2007,
1741,11/01/2007,
1742,11/01/2007,
1743,11/01/2007,
1744,11/01/2007,
1745,11/01/2007,
1746,11/01/2007,10/31/2011
1747,11/01/2007,12/31/2009
1748,11/01/2007,
1749,11/01/2007,
1750,11/01/2007,
1751,11/01/2007,12/31/2009
1752,12/01/2007,09/30/2009
1753,12/01/2007,07/31/2009
1754,06/01/2012,
1755,01/01/2012,
1756,02/01/2012,
1757,04/01/2013,
1758,02/01/2015,
1759,01/01/1989,
1760,09/01/2013,
1761,01/01/1989,
1762,09/01/2013,
1763,11/01/2013,
1764,12/01/2012,
1765,07/01/2013,
1766,10/01/2013,
1767,01/01/2014,
1768,05/01/2014,
1770,01/01/2015,
1771,04/01/2015,
1772,05/05/2016,
1773,01/27/2016,
1774,11/12/2015,
1775,11/12/2015,
1776,01/01/1989,
1778,01/01/1989,
1779,07/01/2015,
1780,05/01/2015,
1781,03/07/2016,
1782,01/01/1989,
1784,08/31/2016,
1785,04/05/2016,
1786,01/01/1989,
1787,07/11/2016,
1789,06/06/2016,
1790,08/08/2016,
1791,08/31/2016,
1792,07/12/2017,
1793,11/14/2016,
1794,08/28/2017,
1795,01/01/1989,
1796,05/30/2017,
1797,01/01/1989,
1798,01/01/1989,
1799,01/01/1989,
1800,01/01/2014,
1805,01/01/1989,
1806,01/01/1989,
1807,04/24/2017,
1808,01/01/1989,
1809,01/01/1989,
1810,01/01/1989,
1811,10/01/2004,
1812,11/16/2017,
1813,09/18/2017,
1815,05/30/2017,
1817,08/03/2017,
1818,01/01/1989,
1819,01/01/1989,
1822,08/03/2017,
1823,08/03/2017,
1824,10/23/2017,
1825,10/23/2017,
1826,04/24/2017,
1828,01/01/1989,05/31/2002
1829,11/07/2017,
1830,08/28/2017,
1832,10/09/2017,
1833,08/03/2017,
1835,04/24/2017,
1836,10/17/2016,
1837,10/09/2017,
1839,08/28/2017,
1840,04/10/2017,
1841,08/03/2017,
1842,06/29/2017,
1843,01/01/1989,
1844,11/14/2016,
1845,01/16/2017,
1846,06/29/2017,
1847,11/28/2017,
1848,04/24/2017,
1849,11/14/2016,
1850,11/28/2016,
1851,10/17/2016,
1852,11/28/2016,
1853,01/01/1989,
1854,11/16/2017,
1855,05/30/2017,
1856,01/16/2017,
1858,05/01/2015,
1859,08/22/2016,
1861,05/23/2016,
1862,01/16/2017,
1863,02/01/2014,
1864,05/05/2016,
1865,11/01/2014,
1866,05/01/2015,
1867,01/27/2016,
1868,08/08/2016,
1870,11/01/2014,
1871,05/01/2015,
1872,05/01/2015,
1873,01/01/1989,
1874,01/01/1989,
1875,08/22/2016,
1876,02/15/2016,
1877,01/01/1989,
1878,01/01/1989,
1879,01/01/1989,
1880,09/01/2003,
1881,01/01/1989,
1882,11/14/2016,
1883,07/01/2015,
1884,08/03/2017,
1885,10/01/2015,
1886,06/06/2016,
1887,07/01/2015,
1888,06/01/2015,
1889,10/01/2011,
1890,07/01/2009,
1891,11/01/2007,
1892,01/01/1989,
1893,01/01/1989,
1894,01/01/1989,
1895,01/01/1989,
1896,01/01/1989,
1897,03/01/2004,
1898,03/01/2008,
1899,01/01/1989,
1900,09/01/1990,
1901,01/01/1989,
1902,01/01/1989,
1903,01/01/1989,
1904,10/01/1996,
1905,10/09/2017,
1906,07/01/2005,
1907,09/01/2009,
1908,02/01/2008,
1909,01/01/1989,
1910,01/01/1989,
1911,01/01/1989,
1912,01/01/1989,
1913,01/01/1989,
1914,01/01/1989,
1915,01/01/1989,
1916,01/01/1989,
1917,01/01/1989,
1918,01/01/1989,
1919,01/01/1989,
1920,01/01/1989,
1921,01/01/1989,
1922,06/01/2003,
1924,01/01/1989,
1925,01/01/1989,
1926,01/01/1989,
1927,01/01/1989,
1928,11/01/2007,
1929,01/01/1989,
1930,08/01/2011,
1931,06/01/2014,
1932,01/01/1989,
1933,01/01/2007,
1934,03/01/2008,
1935,01/01/2015,
1936,01/01/1989,
1938,01/01/1989,
1940,11/01/2007,
1941,01/01/1989,04/30/2013
1942,01/01/1989,
1943,08/01/2014,
1944,01/01/1989,01/31/2002
1945,01/01/2015,
1946,06/01/2014,
1947,11/01/2013,
1948,01/01/1989,
1949,01/01/1989,
1950,11/01/2012,
1951,01/01/1989,
1952,01/01/1989,
1953,01/01/1989,
1954,01/01/1989,
1955,01/01/1989,
1956,01/01/1989,
1957,01/01/1989,
1958,01/01/1989,
1959,01/01/1989,
1960,10/01/2013,
1961,01/01/1989,
1962,01/01/1989,
1963,01/01/1989,
1964,01/01/1989,
1965,01/01/2015,
1966,04/01/2015,
1967,01/01/1989,08/31/2005
1968,01/01/1989,
1969,05/01/2015,
1970,01/01/1989,
1971,01/01/1989,
1972,01/01/1989,
1973,01/01/1989,
1974,01/01/1989,
1975,01/01/1989,
1976,01/01/1989,
1977,07/01/2004,
1978,01/01/1989,
1979,10/01/2007,
1980,04/05/2016,
1981,01/01/1989,
1982,01/01/1989,
1983,05/01/2008,
1984,10/01/2010,
1985,04/01/2013,
1986,02/01/2011,
1987,04/01/2012,
1988,05/01/2013,
1989,11/01/2014,
1990,05/01/2008,01/31/2015
1991,05/01/2015,
1992,01/01/1989,
1993,06/01/2015,
1994,09/01/2014,
1995,12/01/2007,01/31/2009
1996,12/01/2011,
1998,09/01/2009,
1999,09/01/1994,
2000,01/01/1989,
2001,01/01/1989,
2002,01/01/1989,
2003,01/01/1989,
2004,01/01/1989,
2005,01/01/1989,
2006,01/01/1989,
2007,01/01/1989,
2008,01/01/1989,
2009,01/01/1989,
2010,01/01/1989,
2011,01/01/1989,
2012,01/01/1989,
2014,01/01/1989,12/31/1989
2015,01/01/1989,
2016,01/01/1989,
2017,01/01/1989,
2018,01/01/1989,
2019,01/01/1989,
2020,01/01/1989,
2021,01/01/1989,
2022,01/01/1989,
2023,01/01/1989,
2024,01/01/1989,
2025,01/01/1989,
2026,01/01/1989,
2027,01/01/1989,
2028,01/01/1989,
2029,01/01/1989,
2030,01/01/1989,
2031,01/01/1989,
2032,01/01/1989,
2033,01/01/1989,
2034,01/01/1989,
2035,01/01/1989,
2036,01/01/1989,
2037,01/01/1989,
2038,01/01/1989,
2039,01/24/2018,
2040,01/01/1989,
2041,01/01/1989,
2042,01/01/1989,
2043,01/01/1989,
2044,01/01/1989,
2045,01/01/1989,
2046,01/01/1989,
2047,01/01/1989,
2048,01/01/1989,
2049,01/01/1989,
2051,01/01/1989,
2052,01/01/1989,
2053,01/01/1989,
2054,01/01/1989,
2055,01/01/1989,
2056,01/01/1989,
2057,01/01/1989,
2058,01/01/1989,
2059,01/01/1989,
2060,01/01/1989,
2061,08/03/2017,
2062,01/01/1989,
2063,01/01/1989,
2064,01/01/1989,
2065,01/01/1989,
2066,01/01/1989,
2067,01/01/1989,
2070,01/01/1989,02/28/1994
2071,01/01/1989,
2072,01/01/1989,
2073,01/01/1989,
2074,01/01/1989,
2075,01/01/1989,
2076,01/01/1989,
2077,01/01/1989,
2078,01/01/1989,
2079,01/01/1989,
2080,01/01/1989,
2081,01/01/1989,
2082,01/01/1989,
2083,01/01/1989,
2084,01/01/1989,
2085,01/01/1989,
2086,01/01/1989,
2087,01/01/1989,
2088,01/01/1989,
2089,01/01/1989,
2090,01/01/1989,
2091,01/01/1989,
2092,01/01/1989,
2093,01/01/1989,
2094,01/01/1989,
2095,01/01/1989,
2096,01/01/1989,
2098,01/01/1989,
2099,01/01/1989,
2101,01/01/1989,
2102,07/01/2014,
2104,01/01/1989,
2105,01/01/1989,
2106,01/01/1989,
2107,01/01/1989,
2108,01/01/1989,
2109,01/01/1989,
2111,10/01/1995,
2112,01/01/1989,
2113,01/01/1989,
2114,01/01/1989,
2115,01/01/1989,
2116,01/01/1989,
2117,01/01/1989,
2118,01/01/1989,
2119,01/01/1989,
2120,01/01/1989,
2121,01/01/1989,
2122,01/01/1989,
2123,01/01/1989,
2124,01/01/1989,
2125,01/01/1989,
2126,01/01/1989,
2127,01/01/1989,
2128,01/01/1989,
2129,11/28/2017,
2131,01/01/1989,
2132,01/01/1989,
2133,01/01/1989,
2134,01/01/1989,
2135,01/01/1989,
2136,01/01/1989,
2137,01/01/1989,
2138,01/01/1989,
2139,01/01/1989,
2140,01/01/1989,
2141,01/01/1989,
2142,01/01/1989,
2143,01/01/1989,
2144,01/01/1989,07/31/2000
2145,01/01/1989,
2146,01/01/1989,
2148,01/01/1989,
2149,01/01/1989,12/31/1989
2150,01/01/1989,
2151,01/01/1989,
2152,01/01/1989,
2153,01/01/1989,
2154,01/01/1989,
2156,01/01/1989,
2157,01/01/1989,
2158,01/01/1989,
2159,01/01/1989,
2160,01/01/1989,
2161,01/01/1989,
2162,01/01/1989,
2163,01/01/1989,01/31/2000
2164,01/01/1989,
2165,01/01/1989,
2166,01/01/1989,
2167,01/01/1989,
2168,01/01/1989,
2169,01/01/1989,
2170,01/01/1989,
2171,01/01/1989,
2172,01/01/1989,
2173,01/01/1989,
2174,01/01/1989,
2175,01/01/1989,
2176,01/01/1989,
2177,01/01/1989,
2178,01/01/1989,
2180,01/01/1989,
2181,01/01/1989,
2182,01/01/1989,
2183,01/01/1989,
2184,01/01/1989,
2185,01/01/1989,
2186,01/01/1989,
2187,01/01/1989,
2188,01/01/1989,
2189,01/01/1989,
2190,01/01/1989,
2191,01/01/1989,
2192,01/01/1989,
2193,01/01/1989,
2194,01/01/1989,
2195,01/01/1989,
2196,01/01/1989,
2197,01/01/1989,
2198,01/01/1989,
2199,01/01/1989,
2200,01/01/1989,
2201,01/01/1989,02/28/2001
2202,01/01/1989,
2203,01/01/1989,
2204,11/01/1995,
2205,01/01/1989,
2206,01/01/1989,
2207,01/01/1989,
2208,01/01/1989,
2209,01/01/1989,
2210,04/01/1989,
2211,01/01/1989,09/30/2008
2212,03/01/1989,
2213,01/01/1989,
2214,01/01/1989,
2215,01/01/1989,
2216,01/01/1989,
2217,01/01/1989,
2218,05/01/1989,
2219,01/01/1989,
2220,01/01/1989,
2221,06/01/1989,
2222,11/01/1995,
2223,06/01/1989,
2224,07/01/1989,
2225,06/01/1989,
2226,12/01/1989,08/31/2001
2227,03/01/1990,
2228,08/01/1990,
2229,11/01/1990,
2230,12/01/1990,
2231,11/01/1990,
2232,01/01/1991,
2233,01/01/1991,
2234,01/01/1991,
2235,03/01/1991,
2236,03/01/1991,
2237,05/01/1991,
2238,07/01/1991,
2239,07/01/1991,03/31/2013
2240,09/01/1991,
2241,07/01/1992,
2242,02/01/1992,
2243,10/01/1992,
2244,12/01/1992,
2245,03/01/1994,
2246,10/01/1993,
2247,11/01/1993,
2248,01/01/1994,01/31/2005
2249,07/01/1994,
2250,10/01/1994,
2251,11/01/1994,
2252,02/01/1995,
2253,11/01/1994,
2254,12/01/1994,
2255,02/01/1995,
2256,01/01/1995,
2257,01/01/1995,
2258,02/01/1995,
2259,03/01/1995,
2260,02/01/1995,
2261,04/01/1995,
2262,05/01/1995,
2263,04/01/1995,
2264,01/01/1989,
2265,01/01/1989,03/31/1991
2266,05/01/1995,
2267,01/01/1989,
2268,05/01/1995,
2269,07/01/1995,
2270,11/01/1995,
2271,11/01/1995,
2272,12/01/1995,04/30/2003
2273,12/01/1995,
2274,12/01/1995,
2275,04/01/1996,
2276,04/01/1996,
2277,01/01/1989,
2278,05/01/1996,
2279,02/01/1997,
2280,08/01/1996,01/31/2008
2281,09/01/1996,
2282,09/01/1996,
2283,05/01/1997,
2284,11/01/1999,
2285,01/01/1997,
2286,05/01/1997,
2287,07/01/1997,
2288,11/01/1997,
2289,04/01/1997,02/28/2012
2290,06/01/1997,
2291,04/01/1998,
2292,11/01/1997,
2293,01/01/1989,
2294,09/01/1997,
2295,03/01/1998,
2296,10/01/1997,
2297,10/01/1997,12/31/1998
2298,03/01/1998,
2299,11/01/1997,
2301,01/01/1989,
2305,01/01/1989,
2306,01/01/1989,
2308,11/01/1997,
2309,02/01/1998,
2311,02/01/2015,
2312,12/01/1997,
2313,02/01/1998,
2314,08/01/1998,
2315,08/01/1998,
2316,01/01/1989,
2317,06/01/1998,
2318,01/01/1989,
2319,07/01/1998,
2320,05/01/1998,
2321,01/01/1989,
2322,01/01/1989,02/28/2009
2323,01/01/1989,
2324,01/01/1989,
2326,05/01/1998,
2327,05/01/1998,
2328,07/01/1998,
2329,01/01/1989,
2330,01/01/1989,
2331,01/01/1989,
2332,10/01/1998,
2333,01/01/1989,
2334,01/01/1989,
2335,12/01/1998,
2336,09/01/1998,
2337,01/01/1989,
2338,01/01/1989,
2339,01/01/1989,
2340,01/01/1989,
2341,11/01/1998,
2342,06/01/1999,
2343,08/01/1999,
2344,07/01/1999,
2345,01/01/1989,
2346,01/01/1989,03/31/2001
2347,01/01/1989,
2348,01/01/1989,
2349,01/01/1989,
2350,06/01/1999,
2351,04/01/1999,
2352,01/01/1989,
2353,01/01/1989,
2354,01/01/1989,
2355,05/01/1999,07/31/2003
2356,05/01/1999,03/31/2008
2357,05/01/1999,
2358,01/01/1989,
2359,01/01/1989,
2360,01/01/1989,
2361,01/01/1989,02/28/2009
2362,01/01/1989,
2363,01/01/1989,
2364,01/01/1989,
2365,01/01/1989,
2366,01/01/1989,
2367,01/01/1989,
2368,01/01/1989,
2369,01/01/1989,
2370,01/01/1989,
2371,01/01/1989,
2372,01/01/1989,
2373,05/01/2001,
2374,01/01/1989,
2375,10/01/1999,
2376,08/01/1999,
2377,01/01/1989,
2378,10/01/1999,
2379,01/01/1989,
2380,06/01/1999,
2381,01/01/1989,
2382,08/01/1999,
2383,01/01/1989,
2384,01/01/1989,
2385,01/01/1989,
2386,10/01/1999,
2387,01/01/1989,
2388,01/01/1989,09/30/2011
2389,01/01/1989,
2390,01/01/1989,
2391,08/01/1999,
2392,01/01/1989,
2393,01/01/1989,
2394,01/01/2000,
2395,04/01/2000,
2396,01/01/1989,
2397,11/01/1999,
2398,01/01/1989,
2399,11/01/2003,
2401,03/01/2000,
2402,05/01/2000,
2403,12/01/1999,
2404,07/01/2000,
2405,12/01/1999,
2406,01/01/2000,
2407,01/01/2000,
2408,03/01/1999,
2409,02/01/2000,
2410,04/01/2000,
2411,03/01/2000,
2412,02/01/2000,
2413,11/01/2000,
2414,01/01/1989,
2415,01/01/1989,
2416,10/01/2000,
2417,01/01/1989,
2418,05/01/2000,
2419,01/01/1989,
2420,05/01/2000,
2421,06/01/2000,
2422,03/01/2001,
2423,09/01/2000,
2424,11/01/2000,
2425,01/01/2001,
2426,01/01/1989,
2427,06/01/2001,
2428,11/01/2000,
2429,04/01/2001,
2430,04/01/2001,
2431,08/01/2001,
2432,01/01/1989,
2433,12/01/2001,
2434,01/01/1989,
2435,10/01/2001,
2436,09/01/2001,
2437,03/01/2005,
2438,03/01/2003,
2439,12/01/2001,
2440,01/01/1989,
2441,12/01/2001,
2442,01/01/1989,
2443,10/01/2002,
2444,07/01/2002,
2445,01/01/2002,
2446,01/01/1989,
2447,10/01/2002,
2448,07/01/2002,
2449,06/01/2003,
2450,07/01/2002,
2451,07/01/2002,
2452,11/01/2002,
2453,08/01/2003,
2454,10/01/2002,12/31/2008
2455,10/01/2002,
2456,12/01/2002,
2457,07/01/2003,
2458,04/01/2004,
2459,04/01/2003,
2460,09/01/2004,
2461,05/01/2003,
2462,03/01/2003,
2463,12/01/2003,
2464,01/01/1989,
2465,06/01/2003,
2466,06/01/2003,
2467,01/01/1989,
2468,05/01/2003,10/31/2009
2469,05/01/2003,05/31/2009
2470,05/01/2003,12/31/2008
2471,08/01/2003,
2472,06/01/2005,
2473,09/01/2004,
2474,01/01/1989,
2475,01/01/2006,
2476,05/01/2004,01/31/2009
2477,06/01/2004,
2478,05/01/2005,
2479,01/01/1989,
2480,03/01/2004,12/31/2008
2481,01/01/1989,
2483,01/01/1989,
2484,03/01/2004,05/31/2009
2485,03/01/2004,11/30/2009
2486,03/01/2004,11/30/2008
2487,03/01/2004,06/30/2006
2488,03/01/2004,
2489,01/01/1989,
2490,04/01/2004,
2491,08/01/2004,
2492,11/01/2005,
2493,09/01/2004,
2494,09/01/2004,
2495,09/01/2004,
2496,07/01/2005,
2497,02/01/2005,
2498,12/01/2004,
2499,04/01/2005,
2500,08/01/2009,
2501,01/01/1989,
2502,08/01/2004,
2503,09/01/2005,
2504,01/01/1989,
2505,01/01/1989,
2506,12/01/2004,
2507,01/01/1989,
2508,03/01/2005,
2509,07/01/2005,
2510,01/01/1989,
2511,10/01/2005,
2512,02/01/2005,12/31/2009
2513,02/01/2005,12/31/2009
2514,01/01/1989,
2515,02/01/2005,01/31/2014
2516,02/01/2005,11/30/2008
2517,01/01/1989,
2518,06/01/2005,
2519,01/01/1989,
2520,11/01/2005,
2521,05/01/2005,
2522,01/01/1989,
2523,10/01/2005,
2524,01/01/1989,
2525,02/01/2006,
2526,09/01/2005,01/31/2009
2527,07/01/2005,
2528,11/01/2005,
2529,08/01/2006,
2530,01/01/1989,
2531,01/01/1989,
2532,02/01/2006,
2533,09/01/2005,
2534,01/01/1989,
2535,03/01/2006,
2536,04/01/2006,
2537,01/01/1989,
2538,01/01/1989,
2539,02/01/2006,
2540,12/01/2005,
2541,01/01/1989,
2542,04/01/2006,
2543,07/01/2007,
2544,06/01/2006,
2545,04/01/2006,
2546,10/01/2005,
2547,06/01/2006,
2548,10/01/2006,
2549,09/01/2012,
2550,01/01/1989,
2551,02/01/2006,
2552,06/01/2005,
2553,01/01/1989,
2554,12/01/2005,
2555,01/01/1989,
2556,08/01/2006,
2557,01/01/1989,
2558,01/01/1989,
2559,04/01/2007,
2560,12/01/2005,
2561,11/01/2006,
2562,02/01/2008,
2563,01/01/2007,
2564,09/01/2005,
2565,09/01/2012,
2566,01/01/1989,
2567,01/01/1989,
2568,06/01/2006,02/28/2010
2569,01/01/2007,
2570,01/01/2006,
2571,11/01/2006,
2572,01/01/1989,
2573,05/01/2006,
2574,04/01/2006,
2575,01/01/1989,
2576,02/01/2007,
2577,03/01/2004,
2578,08/01/2007,
2579,01/01/1989,
2580,08/01/2006,
2581,10/01/2007,
2582,01/01/1989,
2583,03/01/2008,
2584,06/01/2007,
2585,11/01/2006,
2586,03/01/2008,
2587,01/01/1989,
2589,03/01/2008,
2590,01/01/1989,
2591,10/01/2006,
2592,11/01/2006,
2593,01/01/1989,
2594,08/01/2006,
2595,09/01/2006,
2596,01/01/1989,
2597,08/01/2006,
2598,11/01/2006,
2599,02/01/2008,
2600,11/01/2006,
2601,09/01/2009,
2602,08/01/2009,
2603,05/01/2010,
2604,11/01/2011,
2605,07/01/2010,
2606,01/01/1989,
2607,04/01/2011,
2608,08/01/2011,
2609,09/01/2012,
2610,11/01/2012,
2611,10/01/2012,
2612,11/01/2012,
2613,04/01/2013,
2614,10/01/2012,
2615,08/01/2013,
2616,11/01/2013,
2617,05/01/2010,
2618,10/01/2013,
2619,07/01/2013,
2620,09/01/2012,
2621,07/01/2012,
2622,04/01/2013,
2623,01/01/1989,
2624,01/01/1989,
2625,01/01/1989,
2626,01/01/2007,
2627,11/01/2006,
2628,04/01/2007,
2629,03/01/2008,
2630,09/01/2007,
2631,01/01/1989,
2632,01/01/1989,
2633,01/01/1989,
2634,01/01/1989,
2635,05/01/2007,
2636,01/01/1989,
2637,12/01/2006,
2638,11/01/2007,
2639,09/01/2007,
2640,02/01/2007,
2641,08/01/2007,
2642,01/01/1989,
2643,01/01/2007,
2644,05/01/2008,
2645,09/01/2007,
2646,01/01/1989,
2647,11/01/2006,
2648,05/01/2007,
2649,03/01/2008,
2650,12/01/2006,
2651,11/01/2007,
2652,10/01/2007,
2653,12/01/2008,
2654,03/01/2011,
2655,01/01/1989,
2656,03/01/2008,
2657,10/01/2008,
2658,09/01/2009,
2659,03/01/2002,09/30/2009
2660,03/01/2002,08/31/2008
2661,03/01/2002,08/31/2008
2662,03/01/2002,
2663,03/01/2002,08/31/2008
2664,03/01/2002,
2665,03/01/2002,
2666,03/01/2002,12/31/2009
2667,03/01/2002,08/31/2008
2668,03/01/2002,
2669,03/01/2002,08/31/2008
2670,03/01/2002,
2671,03/01/2002,08/31/2008
2672,03/01/2002,08/31/2008
2673,03/01/2002,
2674,03/01/2002,
2675,03/01/2002,06/30/2008
2676,03/01/2002,08/31/2008
2677,03/01/2002,
2678,03/01/2002,
2679,03/01/2002,04/30/2007
2680,03/01/2002,08/31/2008
2681,03/01/2002,
2682,03/01/2002,
2683,03/01/2002,03/31/2008
2684,01/01/1989,
2685,12/01/2010,
2686,01/01/1989,
2687,01/01/1989,
2688,07/01/2011,
2689,11/01/2007,
2690,01/01/1989,
2691,02/01/2007,
2692,03/01/2008,
2693,09/01/2011,
2694,01/01/1989,
2695,01/01/1989,
2696,04/01/2012,
2697,06/01/2007,
2698,07/01/2007,
2699,11/01/2012,
2700,03/01/2008,
2702,02/01/1996,05/31/2007
2703,02/01/1996,
2704,02/01/1996,
2705,02/01/1996,
2706,02/01/1996,
2708,02/01/1996,05/31/2007
2711,02/01/1996,
2712,02/01/1996,
2715,02/01/1996,
2717,02/01/1996,05/31/1996
2719,02/01/1996,
2721,02/01/1996,05/31/1996
2722,02/01/1996,
2723,02/01/1996,04/30/1996
2725,02/01/1996,
2726,02/01/1996,
2728,08/01/2005,
2729,11/01/2006,
2730,03/01/2008,
2731,01/01/1989,
2732,08/28/2017,
2733,06/01/2003,
2734,01/01/1989,
2735,12/01/2003,
2736,09/01/2004,
2737,01/01/1989,
2738,05/01/2007,
2739,12/01/2007,
2740,01/01/2008,
2741,01/01/1989,
2742,07/01/2003,
2743,02/01/2004,
2744,07/01/2007,
2745,03/01/2008,
2746,03/01/2008,
2747,09/01/2009,
2748,10/01/2009,
2749,09/01/2010,
2750,01/01/2008,
2751,03/01/1996,
2752,03/01/1996,
2753,03/01/1996,
2754,03/01/1996,
2755,01/01/1998,
2756,04/01/2002,04/04/2017
2757,12/01/2003,
2758,12/01/2003,
2759,12/01/2003,
2760,12/01/2003,
2761,12/01/2003,
2762,10/01/2004,02/28/2009
2763,10/01/2004,12/31/2007
2764,03/01/2005,
2765,01/01/1989,
2766,01/01/1989,
2767,01/01/1989,
2768,03/01/2008,
2769,01/01/1989,
2770,01/01/1989,
2771,11/01/2003,
2772,10/01/2009,
2773,01/01/1989,
2774,05/01/2005,07/31/2008
2775,05/01/2005,06/30/2016
2776,05/01/2005,04/30/2008
2777,05/01/2005,02/28/2008
2778,10/01/2009,
2779,09/01/2010,
2780,03/01/2008,12/31/2012
2781,02/01/2011,
2782,04/25/2017,
2783,05/01/2014,
2784,05/01/2008,
2785,01/01/1989,
2786,08/01/2012,
2787,02/01/2007,
2788,10/01/2007,
2789,11/01/2008,
2790,09/01/2009,
2791,11/12/2015,
2792,02/01/2014,
2793,07/01/2014,
2794,01/01/1989,
2795,04/01/2013,
2796,11/01/2013,
2797,01/01/2012,
2798,01/01/2011,
2799,03/01/2010,04/29/2016
2800,06/01/2014,
2801,07/01/2014,
2802,10/01/2014,
2803,11/01/2014,
2804,03/01/2015,
2805,07/01/2014,
2806,09/28/2016,
2807,05/05/2016,
2808,05/05/2016,
2809,06/01/2015,
2810,02/01/2015,
2811,11/14/2016,
2812,01/27/2016,
2813,06/19/2017,
2814,10/17/2016,
2815,01/12/2018,
2816,09/28/2016,
2817,07/11/2016,
2818,10/17/2016,
2819,11/14/2016,
2820,11/28/2016,
2821,05/30/2017,
2822,11/28/2016,
2823,11/14/2016,
2824,11/14/2016,
2825,02/21/2017,
2826,11/14/2016,
2827,09/28/2016,
2828,10/17/2016,
2829,04/24/2017,
2830,08/08/2016,
2831,08/22/2016,
2832,05/30/2017,
2833,04/10/2017,
2834,08/03/2017,
2835,06/06/2016,
2836,12/14/2015,
2837,04/05/2016,
2838,09/01/2014,
2839,02/01/2014,
2840,02/01/2013,
2842,12/01/1992,
2843,12/01/1992,
2844,09/01/1996,
2845,12/01/1992,
2846,12/01/1992,
2847,12/01/1992,
2848,12/01/1992,
2849,10/01/1997,
2850,10/01/1997,
2851,04/01/1998,
2852,08/01/1996,
2853,09/01/1998,
2854,08/01/1999,
2855,06/01/2000,
2856,06/01/2000,
2857,09/01/2000,
2858,10/01/2000,
2859,06/01/2001,
2861,12/01/1992,
2862,12/01/1992,
2863,12/01/1992,
2864,12/01/1992,
2865,12/01/1992,
2866,12/01/2001,
2867,12/01/2001,04/30/2008
2868,12/01/1992,
2869,12/01/1992,
2870,09/01/1998,
2871,10/01/1998,
2872,01/01/2000,
2873,08/01/2005,
2874,07/01/2006,
2875,11/01/2006,
2876,11/01/2005,
2877,06/01/2012,
2878,04/01/2007,
2879,02/01/2009,
2880,08/01/2007,
2881,02/01/2007,
2882,02/01/2007,
2883,07/01/2008,
2884,06/01/2010,
2885,10/01/2010,
2886,10/01/2010,
2887,06/01/2011,
2888,01/01/2012,
2889,08/01/2012,
2890,11/01/2012,
2891,09/01/2012,
2892,01/01/2013,12/08/2017
2893,04/01/2013,
2894,06/01/2013,
2895,04/01/2014,
2896,11/01/2013,
2897,01/01/2014,
2898,01/01/2014,
2900,09/01/1990,
2901,07/01/2002,
2902,09/01/2002,
2903,03/01/2008,
2904,03/01/2008,
2905,04/01/2011,
2906,07/01/2012,
2907,05/01/2007,
2908,07/01/2008,
2909,07/01/2013,
2910,01/01/1989,
2911,01/01/1989,
2912,10/01/2007,
2913,01/01/1989,
2914,01/01/2013,
2915,03/01/2008,
2916,01/01/1989,
2917,05/01/2007,
2918,01/01/1989,
2919,01/01/2011,
2920,07/01/2013,
2921,06/01/2012,
2922,08/01/2013,
2923,04/01/2014,
2924,01/01/2013,
2925,06/01/2014,
2926,10/01/2014,
2927,11/01/2012,
2928,01/01/1989,
2929,04/01/2013,
2930,01/27/2016,
2931,11/01/2014,
2932,09/18/2017,
2933,01/01/1989,
2934,10/28/2015,
2935,07/01/2014,
2936,10/01/2014,
2937,11/14/2016,
2938,09/01/2015,
2939,06/01/2015,
2940,04/01/2014,
2941,06/01/2014,
2942,02/01/2015,
2943,11/01/2014,
2944,02/20/2018,
2945,08/01/2004,
2946,01/01/1989,
2947,01/01/1989,
2948,01/01/1989,
2949,04/01/2004,
2950,05/01/2015,
2951,01/01/1989,
2952,01/01/2015,
2953,01/01/2015,
2954,01/01/2015,
2955,04/01/2015,
2956,01/01/1989,
2957,02/01/2015,
2958,01/01/2015,
2959,01/27/2016,
2960,10/01/2013,
2961,10/01/2013,
2962,01/01/1989,
2963,10/01/2013,
2964,10/01/2013,
2965,10/01/2013,
2966,10/01/2013,
2967,10/01/2013,03/31/2016
2968,10/01/2013,
2969,10/01/2013,
2970,10/01/2013,
2971,10/01/2013,
2972,01/01/1989,
2973,01/01/1989,
2974,10/01/2013,
2975,10/01/2013,06/30/2015
2976,10/01/2013,
2977,10/01/2013,03/12/2016
2978,10/01/2013,
2979,01/01/1989,
2980,10/01/2013,
2981,10/01/2013,
2982,10/01/2013,
2983,10/01/2013,
2984,01/01/1989,
2985,10/01/2013,
2986,01/01/1989,
2987,09/01/2004,
2988,10/01/2013,
2989,10/01/2013,
2990,10/01/2013,
2991,10/01/2013,
2992,10/01/2013,
2993,01/01/1989,
2994,01/01/1989,
2995,10/01/2013,
2996,10/01/2013,03/31/2016
2997,10/01/2013,
2999,03/01/2014,
3000,07/01/2013,
3001,01/01/1989,06/30/2001
3003,01/01/1989,
3004,01/01/1989,
3005,01/01/1989,
3006,01/01/1989,
3007,01/01/1989,
3008,01/01/1989,
3009,01/01/1989,
3010,01/01/1989,
3011,11/01/2006,
3012,01/01/1989,
3013,01/01/1989,
3014,01/01/1989,
3016,01/01/1989,
3017,01/01/1989,
3018,01/01/1989,
3019,01/01/1989,
3020,04/01/1997,
3021,01/01/1989,
3022,01/01/1989,
3023,01/01/1989,
3024,01/01/1989,
3025,01/01/1989,
3026,01/01/1989,
3027,01/01/1989,
3028,01/01/1989,
3029,01/01/1989,
3030,01/01/1989,
3031,01/01/1989,
3032,01/01/1989,
3033,01/01/1989,
3034,01/01/1989,
3035,01/01/1989,
3036,01/01/1989,
3037,01/01/1989,
3038,01/01/1989,
3039,01/01/1989,
3040,01/01/1989,
3041,01/01/1989,
3042,01/01/1989,
3043,01/01/1989,
3044,01/01/1989,
3045,01/01/1989,
3047,01/01/1989,
3048,09/01/1995,
3049,01/01/1989,
3050,01/01/1989,
3051,01/01/1996,
3052,01/01/1989,
3053,01/01/1989,01/31/1997
3054,01/01/1989,
3055,01/01/1989,
3056,01/01/1989,
3057,01/01/1989,
3058,01/01/1989,
3059,01/01/1989,
3060,01/01/1989,
3061,01/01/1989,
3062,09/01/1997,
3063,01/01/1989,
3064,01/01/1989,
3065,01/01/1989,
3066,01/01/1989,
3067,01/01/1989,
3068,01/01/1989,
3069,01/01/1989,
3070,01/01/1989,
3072,01/01/1989,
3074,01/01/1989,
3075,01/01/1989,
3076,01/01/1989,
3077,01/01/1989,
3078,01/01/1989,
3079,01/01/1989,
3080,01/01/1989,
3081,01/01/1989,
3082,01/01/1989,
3083,01/12/2018,
3088,01/01/1989,
3089,01/01/1989,
3090,01/01/1989,
3091,08/28/2017,
3092,01/01/1989,
3093,01/01/1989,
3095,01/01/1989,01/31/2010
3096,01/01/1989,
3097,01/01/1989,
3100,08/01/1996,
3103,01/01/1989,
3104,01/01/1989,02/28/2009
3105,01/01/1989,03/31/2008
3106,01/01/1998,
3107,01/01/1989,
3108,01/01/1989,
3110,01/01/1989,
3111,01/01/1989,
3112,01/01/1989,04/30/1996
3113,01/01/1989,
3114,01/01/1989,
3115,01/01/1989,
3116,01/01/1989,
3117,01/01/1989,
3119,01/01/1989,
3120,01/01/1989,
3121,08/01/2014,
3122,01/01/1989,
3123,01/01/1989,
3124,01/01/1989,
3125,01/01/1989,
3126,01/01/1989,
3127,01/01/1989,
3128,01/01/1989,
3129,01/01/1989,
3130,01/01/1989,
3131,12/01/1997,
3132,04/01/1989,
3133,01/01/1989,
3134,01/01/1989,
3135,01/01/1989,
3136,01/01/1989,
3137,01/01/1989,
3138,01/01/1989,
3139,01/01/1989,
3140,06/01/1989,
3142,01/01/1989,
3143,01/01/1989,
3144,03/01/1989,
3145,06/01/1989,
3146,04/01/1989,
3147,08/01/1989,
3148,09/01/1989,
3149,09/01/1989,
3150,09/01/1989,
3151,01/01/1989,
3152,01/01/1989,
3153,01/01/1989,
3154,12/01/1989,
3155,02/06/2018,
3156,01/01/1989,
3157,12/01/1989,
3158,01/01/1989,
3159,05/01/1990,
3160,12/01/1990,
3161,01/01/1989,
3162,12/01/1990,
3163,06/01/1991,
3164,01/01/1989,
3165,06/01/1991,
3166,01/01/1989,
3167,01/01/1989,
3168,01/01/1989,
3169,11/01/1991,
3170,02/01/1992,
3171,01/01/1989,
3172,01/01/1989,
3173,09/01/1992,
3174,01/01/1989,
3175,01/01/1989,
3176,01/01/1989,
3177,01/01/1989,
3178,01/01/1989,
3179,02/01/1993,
3180,09/01/1992,
3181,01/01/1989,
3182,01/01/1989,
3183,01/01/1989,
3184,01/01/1989,
3185,01/01/1989,
3186,01/01/1989,
3187,09/01/1992,
3188,12/01/1992,
3189,07/01/1998,
3190,01/01/1989,
3193,01/01/1989,
3194,02/01/1991,
3195,10/01/1991,
3196,07/01/1993,
3197,01/01/1989,
3199,03/01/1994,
3200,03/01/1994,
3201,06/01/2006,
3202,01/01/1989,
3203,04/01/1995,
3204,08/01/1998,
3205,05/01/1998,
3206,08/01/1998,
3207,08/01/1998,
3208,09/01/1998,
3209,10/01/1998,
3210,10/01/1998,
3211,05/01/1999,
3212,05/01/1999,
3213,07/01/1999,
3214,01/01/1989,
3215,05/01/1999,
3216,06/01/1999,
3217,07/01/1999,
3218,08/01/1999,
3219,07/01/1999,
3220,08/01/1999,
3221,01/01/1989,
3222,02/01/2000,
3223,01/01/1989,
3224,04/01/2000,
3225,06/01/2000,
3226,06/01/2000,
3227,06/01/2000,
3228,11/01/2000,
3229,06/01/2000,
3230,06/01/2000,
3231,01/01/2001,
3232,08/01/2000,
3233,07/01/2000,
3234,07/01/2001,
3235,09/01/2001,
3236,01/01/1989,
3237,01/01/1989,
3238,10/01/2001,
3239,01/01/1989,
3240,01/01/1989,
3241,10/01/2001,
3242,01/01/1989,
3243,02/01/2002,
3244,10/01/2002,
3245,06/01/2002,
3246,10/01/2002,
3247,01/01/2003,
3249,03/01/2003,
3250,12/01/2002,
3251,12/01/2002,
3252,10/01/2003,
3253,01/01/2005,
3254,06/01/2003,
3255,07/01/2004,
3256,08/01/2004,
3257,09/01/2004,
3258,09/01/2004,
3259,07/01/2004,
3260,11/01/2004,
3261,08/01/2005,
3262,08/01/2004,
3263,07/01/2004,
3264,09/01/2004,
3265,12/01/2005,
3266,10/01/2005,
3267,03/01/2005,
3268,01/01/1989,
3269,03/01/2005,
3270,10/01/2005,
3271,05/01/2005,
3272,04/01/2006,
3273,07/01/2006,
3274,02/01/2005,
3275,01/01/1989,
3276,11/01/2004,
3277,02/01/2005,
3278,08/01/2005,
3279,11/01/2006,
3280,11/01/2004,
3281,08/01/2005,
3282,01/01/2006,
3283,09/01/2005,
3285,02/01/2007,
3286,10/01/2006,
3287,11/01/2006,
3288,09/01/2007,
3289,05/01/2007,
3290,02/01/2007,
3291,09/01/2006,
3292,01/01/1989,
3293,07/01/2011,
3294,08/01/2007,
3295,01/01/2007,
3296,08/01/2006,
3297,09/01/2007,
3298,01/01/1989,
3299,03/01/2008,
3300,11/01/2004,
3301,03/01/1995,12/31/2011
3302,11/01/2004,
3303,11/01/2004,
3304,11/01/2004,
3305,10/01/2007,
3306,11/01/2004,
3307,11/01/2004,
3308,12/01/2004,
3309,12/01/2004,09/30/2008
3310,12/01/2004,
3311,12/01/2004,
3312,12/01/2004,12/31/2009
3313,03/01/2008,
3314,12/01/2004,
3315,12/01/2004,02/28/2008
3316,12/01/2004,
3317,07/01/2008,
3318,12/01/2004,
3319,12/01/2004,12/31/2007
3320,12/01/2004,
3321,06/01/2009,
3322,12/01/2004,
3323,12/01/2004,
3324,12/01/2004,
3325,12/01/2004,
3326,12/01/2004,
3327,12/01/2004,
3328,12/01/2004,
3329,12/01/2004,03/31/2011
3330,12/01/2004,04/30/2013
3331,12/01/2004,
3332,12/01/2004,
3333,12/01/2004,
3334,12/01/2004,
3335,12/01/2004,
3336,12/01/2004,
3337,12/01/2004,
3338,12/01/2004,
3339,12/01/2004,
3340,12/01/2004,09/30/2008
3341,12/01/2004,09/30/2009
3342,12/01/2004,
3343,12/01/2004,
3344,12/01/2004,
3345,12/01/2004,
3346,12/01/2004,08/31/2009
3347,12/01/2004,
3348,12/01/2004,
3349,12/01/2004,08/31/2008
3350,12/01/2004,02/28/2015
3351,12/01/2004,
3352,08/01/2009,
3353,12/01/2004,
3354,12/01/2004,
3355,05/01/2010,
3356,12/01/2004,
3357,12/01/2004,
3358,12/01/2004,
3359,12/01/2004,
3360,12/01/2004,
3361,12/01/2004,
3362,12/01/2004,
3363,12/01/2004,03/31/2011
3364,12/01/2004,
3365,04/01/2011,
3366,12/01/2004,
3367,12/01/2004,
3368,12/01/2004,
3369,12/01/2004,12/31/2007
3370,12/01/2004,
3371,12/01/2004,
3372,09/01/2010,
3373,12/01/2004,
3374,12/01/2004,
3375,12/01/2004,
3376,12/01/2004,
3377,12/01/2004,
3378,12/01/2004,
3379,12/01/2004,
3380,01/01/1989,
3381,12/01/2004,
3382,12/01/2004,
3383,12/01/2004,
3384,12/01/2004,
3385,12/01/2004,
3386,12/01/2004,08/31/2015
3387,12/01/2004,
3388,09/01/2010,
3389,12/01/2004,
3390,12/01/2004,
3391,12/01/2004,
3392,01/01/2012,
3393,12/01/2004,
3394,12/01/2004,
3395,12/01/2004,12/31/2008
3396,07/01/2011,
3397,09/01/2011,
3398,05/01/2012,
3399,07/01/2013,
3400,12/01/2011,
3401,03/01/2005,06/30/2008
3402,08/01/2006,
3403,05/01/2008,
3404,05/01/2008,
3405,08/01/2006,
3406,02/01/2008,
3407,04/01/2009,
3408,02/01/2012,
3409,05/01/2007,
3410,04/01/2012,
3411,07/01/2012,
3412,09/01/2012,
3413,08/01/2007,
3414,04/01/2013,
3415,07/01/2013,
3416,07/01/2013,
3417,09/01/2012,
3418,05/01/2013,
3419,08/01/2013,
3420,04/01/2013,
3421,08/01/2014,
3422,12/01/2004,
3423,09/01/2013,
3424,07/01/2013,
3425,07/01/2013,
3426,12/01/2004,
3427,01/01/2014,
3428,05/01/2014,
3429,01/01/1989,
3430,12/01/2012,
3431,12/01/2013,
3432,12/01/2004,03/31/2007
3433,12/01/2004,10/31/2009
3434,11/01/2013,
3435,10/01/2014,
3436,02/01/2014,
3437,07/01/2014,
3438,02/01/2015,
3439,01/01/1989,
3440,06/01/2014,
3441,01/01/1989,
3442,11/01/2014,
3443,05/01/2015,
3444,12/01/2004,12/31/2008
3445,09/01/2014,
3446,12/01/2004,
3447,12/01/2004,
3448,12/01/2004,
3449,05/01/2015,
3450,11/01/2012,
3451,09/01/2015,
3452,07/01/2014,
3453,12/01/2004,01/31/2009
3454,10/01/2013,
3455,01/01/2013,
3456,09/01/2013,
3457,08/31/2016,
3458,08/01/2013,
3459,08/01/2013,
3460,12/01/2004,01/31/2007
3461,04/01/2014,
3462,07/01/2014,
3463,06/01/2014,
3464,09/01/2014,
3465,12/01/2004,
3466,11/01/2014,
3467,09/01/2014,
3468,09/01/2014,
3469,12/01/2004,12/31/2007
3470,08/22/2016,
3471,08/01/2015,
3472,07/01/2015,
3473,08/22/2016,
3474,12/01/2004,01/31/2009
3476,09/01/2015,
3477,09/01/2015,
3478,10/01/2014,
3479,08/22/2016,
3480,01/01/2015,
3481,05/05/2016,
3482,11/28/2016,
3483,05/30/2017,
3484,11/07/2016,
3485,06/19/2017,
3486,12/01/2004,01/31/2007
3487,06/19/2017,
3488,01/12/2018,
3490,02/21/2017,
3491,12/01/2004,
3492,11/28/2016,
3493,05/30/2017,
3494,01/16/2017,
3495,04/10/2017,
3496,11/14/2016,
3497,01/01/1989,
3498,10/17/2016,
3499,08/03/2017,
3500,11/01/2012,
3501,11/01/2001,
3502,11/01/2001,02/28/2008
3503,11/01/2001,11/30/2012
3504,11/01/2001,
3505,11/01/2001,04/30/2009
3506,11/01/2001,
3507,11/01/2001,
3508,11/01/2001,
3509,11/01/2001,
3510,11/01/2001,
3511,11/01/2001,
3512,11/01/2001,
3513,11/01/2001,
3514,11/01/2001,
3515,11/01/2001,01/31/2010
3516,11/01/2001,
3517,11/01/2001,02/28/2007
3518,11/01/2001,
3519,11/01/2001,
3520,11/01/2001,
3521,11/01/2001,02/28/2007
3522,11/01/2001,
3523,11/01/2001,11/30/2006
3524,11/01/2001,12/31/2003
3525,11/01/2001,
3526,11/01/2001,
3527,11/01/2001,
3528,11/01/2001,
3529,11/01/2001,04/30/2008
3530,11/01/2001,09/30/2004
3531,11/01/2001,12/31/2003
3532,11/01/2001,
3533,11/01/2001,
3534,11/01/2007,
3536,06/01/2009,
3537,07/01/2009,
3538,08/01/2011,
3539,01/01/1989,
3540,08/01/2013,
3541,10/01/2013,08/31/2014
3542,10/01/2013,
3543,10/01/2013,12/21/2015
3544,10/01/2013,06/30/2014
3545,10/01/2013,09/30/2014
3546,10/01/2013,
3547,10/01/2013,12/31/2014
3549,01/01/1989,
3550,10/01/2013,02/28/2015
3551,01/01/1989,
3552,10/01/2013,
3553,10/01/2013,
3554,10/01/2013,01/31/2015
3555,10/01/2013,
3556,10/01/2013,
3557,10/01/2013,
3558,10/01/2013,
3559,10/01/2013,
3560,10/01/2013,08/31/2014
3561,10/01/2013,08/31/2015
3562,10/01/2013,
3563,10/01/2013,
3564,10/01/2013,09/30/2015
3565,10/01/2013,
3566,10/01/2013,
3567,10/01/2013,12/31/2014
3568,10/01/2013,12/31/2014
3569,10/01/2013,
3571,02/21/2017,
3572,01/16/2017,
3573,04/24/2017,
3574,04/10/2017,
3575,11/14/2016,
3576,09/28/2016,
3577,03/13/2017,
3579,11/14/2016,
3580,11/01/2012,
3581,11/14/2016,
3582,09/28/2016,
3583,11/14/2016,
3584,08/28/2017,
3585,01/16/2017,
3586,05/30/2017,
3587,09/18/2017,
3588,09/02/2016,
3589,08/03/2017,
3590,05/23/2016,
3591,07/11/2016,
3592,08/28/2017,
3593,07/11/2016,
3594,08/31/2016,
3595,07/11/2016,
3596,07/11/2016,
3597,07/11/2016,
3598,07/12/2017,
3599,08/01/2014,
3600,12/01/2004,
3601,12/01/2004,
3602,12/01/2004,
3603,12/01/2004,
3604,12/01/2004,
3605,02/01/2011,
3606,12/01/2004,08/31/2008
3607,12/01/2004,
3608,12/01/2004,
3609,10/01/2011,
3610,09/01/2012,
3611,12/01/2004,
3612,02/01/2007,
3613,12/01/2004,
3614,12/01/2004,
3615,12/01/2004,
3616,12/01/2004,
3617,12/01/2004,
3618,12/01/2004,03/31/2008
3619,12/01/2004,
3620,12/01/2004,12/31/2009
3621,12/01/2004,
3622,12/01/2004,01/31/2009
3623,12/01/2004,
3624,12/01/2004,05/31/2010
3625,12/01/2004,03/31/2012
3626,01/01/1989,06/30/1992
3627,12/01/2004,
3628,12/01/2004,
3629,12/01/2004,
3630,12/01/2004,
3631,12/01/2004,06/30/2008
3632,12/01/2004,06/30/2007
3633,12/01/2004,
3634,12/01/2004,
3635,12/01/2004,
3636,12/01/2004,
3637,12/01/2004,
3638,12/01/2004,
3639,12/01/2004,
3640,12/01/2004,
3641,12/01/2004,
3642,12/01/2004,
3643,12/01/2004,
3644,12/01/2004,09/30/2014
3645,12/01/2004,08/31/2008
3646,12/01/2004,
3647,01/01/1989,
3648,12/01/2004,
3649,12/01/2004,
3650,12/01/2004,
3651,12/01/2004,12/31/2014
3652,12/01/2004,06/30/2010
3653,01/01/1989,
3654,12/01/2004,06/30/2012
3655,12/01/2004,04/30/2015
3656,12/01/2004,11/30/2007
3657,12/01/2004,06/30/2007
3658,12/01/2007,
3659,01/01/1989,
3660,12/01/2004,
3661,12/01/2004,07/31/2013
3662,12/01/2004,03/31/2008
3663,12/01/2004,01/31/2009
3664,12/01/2004,06/30/2007
3665,01/01/1989,
3666,12/01/2004,02/28/2009
3667,12/01/2004,
3668,12/01/2004,03/31/2008
3669,01/01/1989,
3670,12/01/2004,
3671,12/01/2004,03/31/2008
3672,12/01/2004,
3673,12/01/2004,
3674,01/01/1989,
3675,12/01/2004,
3676,12/01/2004,
3677,12/01/2004,04/30/2008
3678,12/01/2004,12/31/2007
3679,12/01/2004,
3680,12/01/2004,04/30/2008
3681,12/01/2004,04/30/2008
3682,12/01/2004,
3683,12/01/2004,01/31/2009
3684,12/01/2004,10/31/2009
3685,12/01/2004,01/31/2009
3686,12/01/2004,06/30/2007
3687,12/01/2004,01/31/2009
3688,12/01/2004,
3689,12/01/2004,
3690,12/01/2004,
3691,01/01/1989,
3692,12/01/2004,
3693,12/01/2004,08/31/2010
3694,12/01/2004,07/31/2010
3695,05/23/2016,
3696,07/01/2013,
3697,09/01/2013,
3698,12/01/2004,02/28/2007
3699,12/01/2004,
3700,06/01/2007,
3701,01/01/1989,
3702,01/01/1989,
3704,01/01/1989,
3705,01/01/1989,
3706,01/01/1989,
3707,01/01/1989,
3709,01/01/1989,
3711,01/01/1989,
3713,01/01/1989,
3714,02/26/2018,
3716,02/26/2018,
3720,10/01/2003,
3721,01/01/1989,
3722,06/01/2007,04/30/2008
3723,06/01/2007,
3724,06/01/2007,
3725,06/01/2007,
3726,06/01/2007,
3727,06/01/2007,12/31/2007
3728,06/01/2007,12/31/2007
3729,06/01/2007,
3730,06/01/2007,
3731,06/01/2007,03/31/2009
3732,06/01/2007,
3733,06/01/2007,
3734,06/01/2007,
3735,06/01/2007,
3736,06/01/2007,
3737,06/01/2007,12/31/2009
3738,06/01/2007,
3739,06/01/2007,
3740,06/01/2007,02/28/2009
3741,06/01/2007,
3742,06/01/2007,05/31/2008
3743,06/01/2007,
3744,06/01/2007,
3745,06/01/2007,
3746,06/01/2007,
3747,06/01/2007,
3748,06/01/2007,
3749,06/01/2007,
3750,06/01/2007,
3751,06/01/2007,
3752,06/01/2007,12/31/2010
3753,06/01/2007,11/30/2007
3754,06/01/2007,06/30/2009
3755,06/01/2007,
3756,06/01/2007,06/01/2007
3757,06/01/2007,
3758,06/01/2007,
3759,06/01/2007,
3760,06/01/2007,
3761,06/01/2007,12/31/2009
3762,06/01/2007,06/05/2017
3763,06/01/2007,
3765,06/01/2007,
3766,06/01/2007,
3767,06/01/2007,
3768,06/01/2007,
3769,06/01/2007,
3770,06/01/2007,03/31/2008
3771,06/01/2007,10/31/2009
3772,06/01/2007,
3773,06/01/2007,
3774,01/01/1989,
3775,06/01/2007,05/31/2008
3776,06/01/2007,
3777,06/01/2007,
3778,06/01/2007,
3779,06/01/2007,09/30/2008
3780,06/01/2007,05/31/2008
3781,06/01/2007,12/31/2012
3782,06/01/2007,06/06/2017
3783,01/01/1989,
3784,06/01/2007,
3785,06/01/2007,09/30/2009
3786,06/01/2007,12/31/2007
3787,06/01/2007,
3788,06/01/2007,
3789,06/01/2007,
3790,06/01/2007,
3791,06/01/2007,
3792,01/01/1989,
3793,06/01/2007,08/31/2010
3794,06/01/2007,03/31/2008
3795,06/01/2007,
3796,06/01/2007,
3797,06/01/2007,
3798,06/01/2007,05/31/2008
3799,06/01/2007,02/28/2008
3800,06/01/2007,04/30/2008
3801,12/01/2004,
3802,03/01/2005,09/30/2011
3803,12/01/2004,08/31/2007
3804,12/01/2004,07/31/2007
3805,12/01/2004,
3806,06/01/2007,
3807,01/01/1989,
3808,12/01/2004,
3809,12/01/2004,
3810,06/01/2007,
3811,01/01/1989,
3812,12/01/2004,
3813,06/01/2007,
3814,12/01/2004,
3815,12/01/2004,11/30/2011
3816,01/01/1989,
3817,06/01/2007,02/28/2008
3818,06/01/2007,05/31/2008
3819,06/01/2007,
3820,12/01/2004,
3821,06/01/2007,
3822,01/01/1989,
3823,12/01/2004,
3824,12/01/2004,
3825,01/01/1989,
3826,01/01/1989,
3827,01/01/1989,
3828,12/01/2004,06/30/2008
3829,12/01/2004,09/30/2008
3830,06/01/2007,10/31/2007
3831,06/01/2007,03/31/2008
3832,06/01/2007,01/31/2008
3833,01/01/1989,
3834,06/01/2007,04/30/2008
3835,01/01/1989,
3836,06/01/2007,03/31/2008
3837,06/01/2007,05/31/2010
3838,12/01/2004,
3839,06/01/2007,04/30/2008
3840,01/01/1989,
3841,06/01/2007,04/30/2008
3842,12/01/2004,
3843,12/01/2004,06/30/2008
3844,08/28/2017,
3845,01/01/1989,
3846,01/01/1989,
3847,12/01/2004,06/30/2009
3848,01/01/1989,
3849,03/01/2005,11/30/2007
3850,03/01/2005,
3851,12/01/2004,06/30/2008
3852,12/01/2004,
3853,12/01/2004,07/31/2007
3854,12/01/2004,07/31/2007
3855,12/01/2004,07/31/2007
3856,12/01/2004,07/31/2007
3857,06/01/2007,06/30/2008
3858,12/01/2004,07/31/2007
3859,01/01/1989,01/31/2005
3860,01/01/1989,
3861,06/01/2007,04/30/2008
3862,06/01/2007,03/31/2008
3863,06/01/2007,
3864,06/01/2007,05/31/2009
3865,06/01/2007,
3866,06/01/2007,05/31/2012
3867,12/01/2004,02/28/2007
3868,06/01/2007,06/30/2008
3869,06/01/2007,04/30/2008
3870,12/01/2004,
3871,12/01/2004,
3872,12/01/2004,12/31/2007
3873,12/01/2004,03/31/2009
3875,06/01/2007,06/30/2008
3876,06/01/2007,02/28/2008
3877,06/01/2007,
3878,06/01/2007,
3879,06/01/2007,
3880,06/01/2007,
3881,06/01/2007,12/31/2009
3883,06/01/2007,
3884,06/01/2007,04/30/2008
3885,06/01/2007,10/31/2007
3886,01/01/1989,
3887,12/01/2004,03/31/2007
3888,12/01/2004,
3889,12/01/2004,07/31/2007
3890,12/01/2004,07/31/2007
3891,12/01/2004,03/31/2007
3892,12/01/2004,07/31/2007
3893,12/01/2004,
3894,06/01/2007,04/30/2008
3895,12/01/2004,
3896,12/01/2004,08/31/2007
3897,12/01/2004,07/31/2007
3898,12/01/2004,08/31/2007
3899,12/01/2004,04/30/2006
3900,03/01/2005,01/19/2016
3901,03/01/2005,12/31/2007
3902,01/01/1989,05/31/2002
3903,06/01/2007,
3904,06/01/2007,01/31/2009
3905,06/01/2007,04/30/2008
3906,01/01/1989,
3907,06/01/2007,
3908,06/01/2007,01/31/2009
3909,06/01/2007,
3910,06/01/2007,
3911,06/01/2007,02/28/2010
3912,06/01/2007,03/31/2008
3913,06/01/2007,02/28/2009
3914,06/01/2007,10/31/2007
3915,06/01/2007,02/28/2009
3916,06/01/2007,02/28/2008
3917,01/01/1989,
3918,06/01/2007,
3919,06/01/2007,03/31/2008
3920,06/01/2007,04/30/2011
3921,01/01/1989,
3922,06/01/2007,
3923,01/01/1989,
3924,06/01/2007,12/31/2007
3925,06/01/2007,10/31/2008
3926,12/01/2004,12/31/2009
3927,06/01/2007,
3928,06/01/2007,
3929,06/01/2007,07/31/2009
3930,12/01/2004,11/30/2008
3931,12/01/2004,
3932,01/01/1989,
3933,06/01/2007,10/31/2012
3934,01/01/1989,
3935,06/01/2007,03/31/2008
3936,01/01/1989,
3937,01/01/1989,
3938,06/01/2007,04/30/2008
3939,01/01/1989,
3940,06/01/2007,
3941,06/01/2007,10/31/2007
3942,06/01/2007,
3943,06/01/2007,01/31/2009
3945,01/01/1989,
3946,08/01/2007,
3948,11/01/2014,
3949,08/01/2007,
3966,08/01/2007,
3971,01/01/1989,
3972,09/01/2010,
3973,03/01/2012,
3976,01/01/2012,
3979,11/01/2010,
3980,09/28/2016,
3981,12/01/2012,
3982,09/01/2013,
3983,12/01/2013,
3984,08/01/2013,
3985,01/01/1989,
3986,03/01/2005,
3987,03/01/2005,11/30/2010
3988,05/01/2005,09/30/2009
3989,05/01/2005,11/30/2007
3990,11/01/2012,
3991,01/01/1989,
3992,05/01/2013,
3993,12/01/2013,
3994,09/01/2013,
3995,05/01/2013,
3996,05/01/2013,
4300,10/01/2013,
4301,01/01/1989,
4302,01/01/1989,
4303,01/01/1989,
4304,01/01/1989,
4305,01/01/1989,
4306,01/01/1989,
4307,01/01/1989,
4308,01/01/1989,
4309,01/01/1989,
4310,01/01/1989,11/30/2011
4311,01/01/1989,
4312,01/01/1989,
4313,01/01/1989,
4314,01/01/1989,
4315,01/01/1989,
4316,01/01/1989,
4317,01/01/1989,
4318,01/01/1989,
4319,01/01/1989,
4320,01/01/1989,
4322,01/01/1989,05/31/2002
4323,01/01/1989,
4324,01/01/1989,
4325,01/01/1989,
4326,01/01/1989,02/28/2003
4327,01/01/1989,
4328,01/01/1989,
4329,01/01/1989,
4330,04/01/2015,
4331,01/01/1989,
4332,01/01/1989,
4333,05/30/2017,
4334,01/01/1989,04/30/2011
4335,01/01/1989,
4336,01/01/1989,
4337,04/01/1990,
4338,01/01/1989,
4340,01/01/1989,
4341,02/01/1991,07/31/2009
4342,01/01/1989,
4343,01/01/1989,
4344,01/01/1989,
4345,01/01/1989,
4346,01/01/1989,
4347,01/01/1989,
4348,01/01/1989,
4349,02/01/2014,
4350,01/01/1991,
4351,01/01/1989,
4352,01/01/1989,
4353,01/01/1989,06/30/2005
4354,01/01/1989,03/31/1994
4355,01/01/1989,
4356,01/01/1989,
4357,01/01/1989,
4358,01/01/1989,
4359,01/01/1989,
4360,01/01/1989,
4361,01/01/1989,
4362,01/01/1989,
4363,01/01/1989,10/31/2001
4364,01/01/1989,
4365,01/01/1989,
4366,01/01/1989,
4367,01/01/1989,
4368,01/01/1989,
4369,10/09/2017,
4370,07/01/1991,12/31/2011
4371,01/01/1989,
4372,01/01/1989,
4373,01/01/1989,
4374,01/01/1989,
4375,01/01/1989,
4376,01/01/1989,
4377,01/01/1989,
4378,01/01/1989,
4379,01/01/1989,
4380,02/01/1991,
4381,01/01/1989,
4382,01/01/1989,
4383,01/01/1989,
4384,01/01/1989,
4385,01/01/1989,
4386,01/01/1989,
4387,01/01/1989,
4388,06/01/1992,02/28/2009
4389,01/01/1989,
4390,01/01/1989,
4392,01/01/1989,
4393,01/01/1989,
4394,01/01/1989,
4396,05/01/2015,
4397,01/01/1989,
4398,01/01/1989,
4399,01/01/1989,
5000,08/01/1995,
5002,01/01/1989,
5003,01/01/1989,
5004,01/01/1989,
5005,01/01/1989,
5006,01/01/1989,
5007,01/01/1989,
5008,01/01/1989,
5009,01/01/1989,
5010,01/01/1989,
5011,01/01/1989,
5012,01/01/1989,
5013,01/01/1989,
5014,01/01/1989,
5015,01/01/1989,
5017,01/01/1989,
5018,10/09/2017,
5019,01/01/1989,
5020,01/01/1989,
5021,01/01/1989,
5022,01/01/1989,08/31/1996
5023,01/01/1989,
5024,01/01/1989,01/31/1990
5025,01/01/1989,
5026,01/01/1989,
5027,01/01/1989,
5028,09/01/1998,
5029,01/01/1989,
5030,01/01/1989,
5031,01/01/1989,
5032,08/01/2002,
5034,01/01/1989,
5035,01/01/1989,
5036,01/01/1989,
5037,01/01/1989,
5038,01/01/1989,
5039,01/01/1989,
5040,01/01/1989,
5043,01/01/1989,
5045,01/01/1989,
5046,01/01/1989,
5047,01/01/1989,
5048,01/01/1989,
5049,01/01/1989,
5051,01/01/1989,
5052,01/01/1989,
5053,01/01/1989,09/30/2012
5054,01/01/1989,
5058,01/01/1989,
5059,01/01/1989,
5060,01/01/1989,
5061,01/01/1989,
5062,01/01/1989,
5063,01/01/1989,
5064,01/01/1989,
5066,01/01/1989,
5067,01/01/1989,
5068,01/01/1989,
5069,01/01/1989,
5070,01/01/1989,
5071,01/01/1989,
5072,01/01/1989,
5073,01/01/1989,08/31/2008
5074,01/01/1989,
5075,01/01/1989,
5076,01/01/1989,
5077,01/01/1989,
5078,01/01/1989,
5079,01/01/1989,
5080,01/01/1989,
5081,01/01/1989,
5083,01/01/1989,
5084,01/01/1989,11/30/1997
5086,01/01/1989,
5087,01/01/1989,
5088,01/01/1989,
5089,12/01/1989,
5090,01/01/1989,
5092,01/01/1989,
5093,01/01/1989,
5094,01/01/1989,
5096,01/01/1989,02/28/1994
5097,12/01/2009,
5098,01/01/1989,
5099,01/01/1989,
5101,01/01/1989,
5102,01/01/1989,
5104,01/01/1989,
5105,01/01/1989,
5106,03/01/2004,
5107,01/01/1989,
5108,01/01/1989,11/30/1993
5110,01/01/1989,
5111,01/01/1989,
5112,01/01/1989,
5113,01/01/1989,12/31/1996
5114,01/01/1989,
5115,01/01/1989,11/30/1994
5116,01/01/1989,05/31/1996
5118,01/01/1989,
5119,01/01/1989,
5120,01/01/1989,
5121,01/01/1989,
5122,01/01/1989,
5123,01/01/1989,
5125,01/01/1989,
5126,01/01/1989,
5127,01/01/1989,
5129,01/01/1989,
5130,01/01/1989,
5131,01/01/1989,04/30/1993
5132,01/01/1989,05/31/1996
5133,01/01/1989,
5134,01/01/1989,
5135,01/01/1989,12/31/1989
5136,01/01/1989,
5137,01/01/1989,
5138,01/01/1989,
5139,01/01/1989,
5141,01/01/1989,
5142,01/01/1989,
5143,01/01/1989,
5145,01/01/1989,
5146,01/01/1989,
5147,01/01/1989,
5148,01/01/1989,
5149,01/01/1989,
5150,01/01/1989,
5151,01/01/1989,
5152,01/01/1989,11/30/1994
5153,01/01/1989,
5154,01/01/1989,
5155,02/01/1989,10/31/2003
5156,01/01/2013,
5157,01/01/1989,
5158,03/01/1989,
5159,01/01/1989,
5160,06/01/1989,08/31/2013
5161,01/01/1989,
5162,01/01/1989,
5163,01/01/1989,
5165,01/01/1989,
5167,01/01/1989,
5169,01/01/1989,
5170,01/01/1989,
5171,01/01/1989,
5172,12/01/1989,
5174,01/01/1989,09/30/1996
5175,01/01/1989,
5176,01/01/1989,
5177,05/01/1990,
5178,01/01/1989,
5179,01/01/1989,02/28/1996
5180,10/01/1990,
5181,01/01/1989,
5182,01/01/1989,
5183,08/01/1990,
5184,01/01/1989,
5185,02/01/1991,
5186,12/01/1990,
5187,11/01/1990,
5188,01/01/1989,
5190,12/01/1990,
5191,01/01/1991,
5192,07/01/1991,
5194,09/01/1991,
5197,01/01/1989,
5198,01/01/1989,
5199,01/01/1989,
5202,01/01/1989,
5203,01/01/1989,
5204,09/01/1991,
5205,01/01/1992,02/28/1995
5206,01/01/1989,
5207,01/01/1989,
5208,07/01/1992,
5209,01/01/1989,
5210,07/01/1992,07/31/2013
5212,01/01/1989,
5216,09/01/1992,
5217,01/01/1989,
5218,02/01/1993,
5219,02/01/1993,
5220,04/01/1993,
5222,01/01/1989,
5223,10/01/1993,
5224,03/01/1994,
5225,01/01/1989,
5226,11/01/1994,
5227,12/01/1994,
5228,02/01/1995,
5230,03/01/1995,
5231,04/01/1995,
5232,06/01/1995,
5233,07/01/1995,
5234,01/01/1989,
5235,01/01/1989,
5236,01/01/1989,
5237,07/01/1995,
5238,01/01/1989,
5239,07/01/1995,
5240,08/01/1995,
5241,01/01/1989,
5242,09/01/1995,
5243,10/01/1995,
5244,01/01/1989,04/30/1991
5245,01/01/1989,
5247,12/01/1995,
5248,12/01/1995,
5249,01/01/1996,
5250,01/01/1989,
5251,01/01/1989,
5252,01/01/1989,
5253,01/01/1989,
5254,08/01/2014,
5255,01/01/1989,
5256,07/01/2014,
5257,01/01/1989,
5258,03/01/1996,
5259,01/01/1989,
5260,07/01/1996,
5261,08/01/1996,
5262,08/01/1996,
5263,09/01/1996,
5264,08/01/1997,
5265,10/01/1997,
5266,10/01/1997,
5267,09/01/1997,
5268,09/01/1997,
5269,09/01/1997,
5270,12/01/1997,
5271,12/01/1997,
5272,07/01/1998,
5273,09/01/1998,
5274,10/01/1998,
5275,10/01/1998,
5276,01/01/1989,
5277,12/01/1998,
5278,07/01/1999,
5279,07/01/1999,
5280,10/01/1999,
5281,10/01/1999,06/30/2007
5282,11/01/1999,
5283,10/01/1999,
5284,11/01/1999,
5285,03/01/2000,
5286,01/01/2000,
5287,03/01/2000,
5288,06/01/2000,
5289,01/01/1989,
5290,06/01/2000,
5292,05/01/2000,
5293,08/01/2000,
5294,06/01/2000,
5295,03/01/2001,
5296,01/01/1989,
5297,06/01/2000,
5298,08/01/2000,
5299,09/01/2000,
5300,06/01/2000,
5301,06/01/2000,12/31/2000
5302,06/01/2000,07/31/2007
5303,06/01/2000,02/28/2003
5304,06/01/2000,
5305,06/01/2000,12/31/2001
5306,06/01/2000,
5307,06/01/2000,
5308,06/01/2000,
5309,11/01/2000,
5310,03/01/2001,
5311,12/01/2000,
5312,12/01/2000,
5313,03/01/2001,
5314,03/01/2001,
5315,06/01/2001,
5316,06/01/2001,
5317,12/01/2001,
5318,07/01/2002,
5319,02/01/2002,
5320,06/01/2002,
5321,06/01/2002,
5322,07/01/2002,
5323,08/01/2003,
5324,11/01/2002,
5325,12/01/2002,
5326,09/01/2003,
5327,11/01/2003,
5328,05/01/2004,
5329,05/01/2005,
5330,08/01/2004,
5331,10/01/2004,
5332,10/01/2004,
5333,09/01/2004,
5334,11/01/2004,
5335,02/01/2005,
5336,04/01/2005,
5337,11/01/2004,
5338,04/01/2005,
5339,09/01/2005,
5340,08/01/2005,
5341,06/01/2005,
5342,06/01/2005,
5344,05/01/2005,
5346,02/01/2006,
5347,02/01/2006,
5348,11/01/2006,
5349,08/01/2007,
5350,01/01/1989,
5351,01/01/1989,
5352,01/01/1989,
5353,01/01/1989,
5354,01/01/1989,
5355,01/01/1989,
5356,01/01/1989,
5357,01/01/1989,
5358,01/01/1989,
5359,01/01/1989,
5360,01/01/1989,
5361,01/01/1989,
5362,01/01/1989,
5363,01/01/2006,
5364,04/01/2006,
5365,11/01/2009,
5366,12/01/2005,
5367,07/01/2006,
5368,10/01/2006,
5369,10/01/2009,
5370,08/01/2005,
5371,06/01/2006,
5372,06/01/2007,
5373,10/01/2006,
5374,02/01/2006,
5375,12/01/2006,
5376,10/01/2006,
5377,10/01/2005,
5378,10/01/2006,
5379,08/01/2007,
5380,11/01/2005,
5381,11/01/2006,
5382,08/01/2006,
5383,11/01/2009,
5384,03/01/2007,
5385,02/01/2007,04/30/2012
5386,12/01/2005,
5387,05/01/2007,07/31/2012
5388,11/01/2014,
5389,03/01/2006,
5390,11/01/2008,
5391,10/01/2006,
5392,03/01/2007,
5393,05/01/2007,
5394,05/01/2006,
5395,11/01/2007,
5396,03/01/2008,
5397,11/01/2006,
5398,03/01/2008,
5399,08/01/2007,
5400,09/01/2010,
5401,01/01/1989,
5402,01/01/1989,
5403,01/01/1989,
5404,01/01/1989,
5405,01/01/1989,
5406,06/01/2007,
5407,11/01/2007,
5408,01/01/1989,
5410,10/01/2012,
5411,01/01/1989,
5412,01/01/1989,
5413,10/01/2015,
5414,10/01/2006,
5415,11/01/2007,
5416,01/01/1989,
5417,01/01/1989,
5418,01/01/1989,
5419,01/01/1989,
5420,09/01/2007,
5421,01/01/1989,
5422,09/01/2009,
5423,01/01/2008,
5424,07/01/2008,
5425,01/01/1989,
5426,11/01/2007,
5427,01/01/1989,
5428,09/01/2007,
5429,01/01/1989,
5430,01/01/1989,11/30/1997
5431,01/01/1989,
5432,01/01/1989,
5433,01/01/1989,
5434,01/01/1989,
5435,01/01/1989,
5436,11/01/2007,
5437,01/01/1989,
5438,01/01/1989,
5439,01/01/1989,
5440,01/01/1989,
5441,01/01/1989,10/31/2008
5442,07/01/2008,
5443,01/01/1989,
5444,01/01/1989,
5445,01/01/1989,
5446,01/01/1989,
5447,01/01/1989,04/30/1993
5448,04/10/2017,
5449,01/01/1989,
5450,10/01/2008,
5451,10/01/2008,
5452,01/01/1989,
5453,01/01/1989,
5454,11/01/2008,
5455,01/01/1989,
5456,01/01/1989,
5457,05/01/2008,
5459,10/01/2009,
5460,07/01/2008,
5461,11/01/2008,
5462,01/01/1989,
5463,01/01/1989,
5464,01/01/1989,
5465,01/01/1989,
5466,01/01/1989,
5467,01/01/1989,
5468,01/01/1989,
5469,01/01/1989,
5470,01/01/1989,
5471,10/01/2008,
5472,07/01/2009,
5473,12/01/2009,
5474,01/01/1989,
5475,09/01/2008,
5476,01/01/1989,
5477,01/01/1989,
5478,01/01/1989,
5479,05/01/2010,
5480,03/01/2010,
5481,07/01/2010,
5482,09/01/2010,
5483,11/01/2010,
5484,02/01/2011,
5485,07/01/2011,
5486,01/01/1989,
5487,01/01/1989,
5488,01/01/1989,
5489,02/01/2012,
5490,04/01/2011,
5491,01/01/1989,
5492,09/01/2010,
5493,11/01/2008,
5494,01/01/1989,
5495,10/01/2007,
5497,05/01/2010,
5498,01/01/1989,02/19/2016
5499,01/01/1989,
5511,01/01/1989,
5559,01/01/1989,
5573,01/01/1989,
5604,01/01/1989,
5606,01/01/1989,
5607,01/01/1989,
5608,01/01/1989,
5611,01/01/1989,
5612,01/01/1989,
5616,01/01/1989,
5630,01/01/1989,
5638,01/01/1989,
5641,01/01/1989,
5645,01/01/1989,
5648,01/01/1989,
5650,01/01/1989,
5653,01/01/1989,
5654,01/01/1989,
5655,01/01/1989,
5657,01/01/1989,
5661,01/01/1989,
5662,01/01/1989,
5663,01/01/1989,
5664,01/01/1989,
5667,01/01/1989,
5668,01/01/1989,
5670,01/01/1989,
5671,01/01/1989,
5672,11/01/2003,
5674,01/01/1989,
5675,01/01/1989,
5680,01/01/1989,
5681,01/01/1989,
5682,01/01/1989,
5684,01/01/1989,
5685,01/01/1989,
5696,01/01/1989,
5697,01/01/1989,
5699,01/01/1989,
5730,01/01/1989,
5731,01/01/1989,
5732,01/01/1989,
5735,01/01/1989,
5736,01/01/1989,
5737,01/01/1989,
5741,01/01/1989,
5742,01/01/1989,
5748,01/01/1989,
5750,01/01/1989,
5768,01/01/1989,
5779,01/01/1989,
5781,01/01/1989,
5788,01/01/1989,
5797,01/01/1989,
5799,01/01/1989,
5837,01/01/1989,
5851,01/01/1989,
5854,01/01/1989,
5856,01/01/1989,
5864,01/01/1989,
5865,01/01/1989,
5869,01/01/1989,
5871,01/01/1989,
5876,01/01/1989,
5878,06/01/2003,
5881,10/01/2013,
5888,01/01/1989,
5890,01/01/1989,
5891,01/01/1989,
5897,01/01/1989,
5907,01/01/1989,
5919,01/01/1989,
5922,05/01/2012,
5931,01/01/1989,
5938,01/01/1989,
5942,01/01/2004,
5944,01/01/1989,
5949,01/01/1989,
5950,01/01/1989,
5953,01/01/1989,
5954,09/01/2012,
5963,01/01/1989,
5967,01/01/1989,
5981,01/01/1989,
7000,03/01/1997,
7001,01/01/1989,
7002,01/01/1989,
7003,01/01/1989,
7005,01/01/1989,
7006,01/01/1989,
7007,01/12/2018,
7008,01/01/1989,
7009,01/01/1989,
7010,01/01/1989,
7011,01/01/1989,
7012,01/01/1989,
7013,01/01/1989,
7014,01/01/1989,
7015,01/10/2018,
7016,01/01/1989,
7017,01/01/1989,
7018,01/01/1989,
7019,01/01/1989,
7020,01/01/1989,
7021,01/01/1989,
7022,01/01/1989,
7023,09/01/1997,
7024,01/01/1989,
7025,01/01/1989,
7026,01/01/1989,
7027,01/01/1989,
7028,01/01/1989,
7030,01/01/1989,
7031,01/01/1989,
7032,04/01/2014,
7033,01/01/1989,
7034,01/01/1989,05/31/1995
7035,01/01/1989,
7036,01/01/1989,
7037,09/01/1997,
7038,01/01/1989,
7039,01/01/1989,
7040,01/01/1989,
7041,01/01/1989,
7042,01/01/1989,
7044,01/01/1989,
7045,01/01/1989,
7046,01/01/1989,
7047,01/01/1989,
7048,01/01/1989,
7049,01/01/1989,
7050,01/01/1989,
7051,01/01/1989,
7052,01/01/1989,
7053,01/01/1989,
7054,01/01/1989,
7056,01/01/1989,
7057,01/01/1989,
7058,01/01/1989,
7059,01/01/1989,
7060,01/01/1989,
7062,01/01/1989,
7063,01/01/1989,
7064,11/01/1997,
7065,01/01/1989,
7066,01/01/1989,
7067,01/01/1989,
7068,01/01/1989,
7069,01/01/1989,
7070,01/01/1989,
7071,01/01/1989,
7072,01/01/1989,
7073,01/01/1989,
7074,01/01/1989,
7075,01/01/1989,
7076,01/01/1989,
7078,01/01/1989,
7079,04/01/1998,
7080,01/01/1989,
7081,01/01/1989,
7082,01/01/1989,
7083,01/01/1989,
7084,01/01/1989,
7085,01/01/1989,
7086,01/01/1989,
7087,01/01/1989,
7088,01/01/1989,
7089,01/01/1989,
7090,01/01/1989,
7091,01/01/1989,
7092,01/01/1989,
7093,01/01/1989,
7094,01/01/1989,
7095,01/01/1989,
7096,01/01/1989,
7097,01/01/1989,
7098,01/01/1989,
7099,01/01/1989,
7101,01/01/1989,
7102,01/01/1989,
7103,01/01/1989,
7104,01/01/1989,
7105,01/01/1989,
7106,01/01/1989,
7107,01/01/1989,
7108,01/01/1989,
7109,01/01/1989,
7110,01/01/1989,
7111,01/01/1989,
7112,01/01/1989,
7113,01/01/1989,
7114,01/01/1989,
7115,01/01/1989,
7116,01/01/1989,
7117,01/01/1989,
7118,01/01/1989,
7119,01/01/1989,
7120,01/01/1989,
7121,01/01/1989,
7122,01/01/1989,
7123,01/01/1989,09/30/2005
7124,01/01/1989,
7125,01/01/1989,
7126,01/01/1989,
7127,01/01/1989,
7128,01/01/1989,
7129,01/01/1989,
7130,01/01/1989,
7131,01/01/1989,
7132,01/01/1989,
7133,01/01/1989,01/31/2015
7134,01/01/1989,
7135,01/01/1989,
7136,01/01/1989,
7137,01/01/1989,
7138,01/01/1989,
7139,01/01/1989,
7140,04/01/2015,
7142,01/01/1989,
7143,01/01/1989,
7144,01/01/1989,12/26/2017
7147,01/01/1989,
7148,01/01/1989,
7149,01/01/1989,
7150,01/01/1989,
7151,01/01/1989,
7152,01/01/1989,
7153,01/01/1989,
7154,01/01/1989,
7155,01/01/1989,
7156,01/01/1989,
7157,01/01/1989,
7158,01/01/1989,
7159,01/01/1989,
7161,01/01/1989,
7163,01/01/1989,
7164,01/01/1989,
7165,01/01/1989,
7166,01/01/1989,
7167,01/01/1989,
7168,01/01/1989,
7169,01/01/1989,
7170,01/01/1989,
7171,01/01/1989,
7172,01/01/1989,
7173,01/01/1989,
7174,01/01/1989,
7175,01/01/1989,
7176,10/23/2017,
7177,01/01/1989,
7178,01/01/1989,
7179,01/01/1989,
7180,01/01/1989,
7181,01/01/1989,
7182,01/01/1989,
7183,01/01/1989,
7184,01/01/1989,
7185,01/01/1989,
7186,01/01/1989,
7187,01/01/1989,
7188,01/01/1989,
7189,01/01/1989,
7190,01/01/1989,
7191,01/01/1989,
7192,01/01/1989,
7193,01/01/1989,
7194,01/01/1989,
7195,01/01/1989,
7196,01/01/1989,
7197,01/01/1989,
7198,01/01/1989,
7199,01/01/1989,
7200,01/01/1989,
7201,01/01/1989,
7202,01/01/1989,
7203,01/01/1989,
7204,01/01/1989,
7205,01/01/1989,
7206,01/01/1989,
7207,01/01/1989,
7208,01/01/1989,
7209,01/01/1989,
7210,01/01/1989,
7211,01/01/1989,
7212,01/01/1989,
7213,01/01/1989,
7214,01/01/1989,
7215,01/01/1989,
7216,01/01/1989,
7217,01/01/1989,
7218,01/01/1989,
7219,01/01/1989,
7220,01/01/1989,
7221,01/01/1989,
7222,01/01/1989,
7223,01/01/1989,
7224,01/01/1989,
7225,01/01/1989,
7226,01/01/1989,
7227,01/01/1989,
7228,01/01/1989,03/31/1998
7229,01/01/1989,
7230,06/01/2014,
7232,01/01/1989,
7233,01/01/1989,
7234,01/01/1989,
7236,01/01/1989,
7237,01/01/1989,
7238,01/01/1989,
7239,01/01/1989,
7240,01/01/1989,
7241,01/01/1989,
7242,01/01/1989,
7243,01/01/1989,
7244,01/01/1989,
7245,01/01/1989,
7246,01/01/1989,
7248,01/01/1989,
7249,01/01/1989,
7250,01/01/1989,
7251,01/01/1989,
7252,01/01/1989,
7253,01/01/1989,
7254,01/01/1989,
7255,01/01/1989,
7256,01/01/1989,
7258,01/01/1989,
7259,01/01/1989,
7260,01/01/1989,
7261,01/01/1989,
7262,01/01/1989,
7263,01/01/1989,
7264,01/01/1989,
7265,01/01/1989,
7266,01/01/1989,
7267,01/01/1989,
7268,01/01/1989,
7269,01/01/1989,
7270,05/01/2000,
7271,01/01/1989,
7272,01/01/1989,
7273,01/01/1989,
7274,07/01/1989,
7275,01/01/1989,
7276,01/01/1989,
7277,01/01/1989,
7278,01/01/1989,
7279,01/01/1989,
7280,01/01/1989,
7281,01/01/1989,
7282,01/01/1989,
7283,01/01/1989,
7284,12/01/1989,
7285,12/01/1989,
7286,12/01/1989,
7287,03/01/1990,
7288,01/01/1989,
7289,08/01/1990,
7290,10/01/1990,
7291,01/01/1989,
7292,09/01/1990,
7293,01/01/1989,
7294,01/01/1989,
7295,01/01/1989,
7296,12/01/1990,
7297,01/01/1989,
7298,01/01/1989,
7299,11/01/1990,
7300,04/01/2014,
7301,02/01/2014,
7302,09/01/2009,
7303,01/01/1989,
7304,01/01/1989,
7305,01/01/1989,
7306,01/01/1989,
7307,08/01/2009,
7308,01/01/1989,
7309,01/01/1989,
7310,09/01/2009,
7311,05/01/2010,
7312,01/01/1989,
7313,02/01/1991,
7315,01/01/1989,
7316,03/01/1991,
7317,01/01/1989,
7318,11/01/1991,
7319,01/01/1989,
7320,11/01/1991,
7321,01/01/1992,
7322,01/01/1989,
7323,01/01/1992,
7324,12/01/1991,
7325,02/01/1992,
7326,01/01/1989,
7327,02/01/1992,
7328,06/01/1992,
7329,07/01/1992,
7330,01/01/1989,
7332,01/01/1989,
7333,01/01/1989,
7335,01/01/1989,
7341,01/01/1989,
7342,01/01/1989,
7343,01/01/1989,
7344,01/01/1989,
7345,01/01/1989,
7346,01/01/1989,
7347,07/01/1992,
7348,07/01/1992,
7349,10/01/1992,08/31/1995
7350,02/01/1993,
7351,01/01/1989,
7352,02/01/1993,
7353,10/01/1993,
7354,02/01/1994,
7355,01/01/1989,
7356,01/01/1989,
7357,01/01/1989,
7359,01/01/1989,04/28/2016
7360,03/01/1994,
7361,01/01/1989,
7362,01/01/1989,
7363,03/01/1994,
7364,11/01/1994,
7365,01/01/1995,
7366,01/01/1995,
7367,01/01/1989,
7368,03/01/1995,
7369,05/01/1995,
7370,05/01/1995,
7371,06/01/1995,
7372,06/01/1995,
7373,07/01/1995,
7374,08/01/1995,
7375,01/01/1989,
7376,08/01/1995,
7377,11/01/1995,
7378,03/01/1996,
7379,01/01/1989,
7380,04/01/1996,
7381,04/01/1996,
7382,01/01/1989,
7383,01/01/1989,
7384,04/01/1996,
7385,06/01/1996,
7386,06/01/1996,
7387,11/01/1996,
7388,12/01/1996,
7389,01/01/1998,
7390,04/01/1998,
7391,01/01/1989,
7392,07/01/1998,
7393,04/01/1998,
7394,01/01/1989,
7395,01/01/1989,
7396,06/01/1998,
7397,03/01/1998,
7398,08/01/1998,
7399,05/01/1998,
7400,10/01/1998,
7401,01/01/1989,
7402,01/01/1989,
7403,01/01/1989,
7404,01/01/1989,
7405,01/01/1989,
7406,01/01/1989,
7407,01/01/1989,
7408,01/01/1989,
7409,07/01/2015,
7410,05/01/1998,
7411,01/01/1989,
7412,01/01/1989,
7413,01/01/1989,
7414,11/01/1998,
7415,08/01/1998,
7416,08/01/1998,
7417,01/01/1999,
7418,09/01/2013,
7419,09/01/1998,
7420,01/01/1989,
7421,01/01/1989,
7422,02/01/1999,
7423,01/01/1989,
7424,01/01/1989,
7425,01/01/1989,
7426,01/01/1999,
7427,01/01/1989,
7428,11/01/1998,
7429,05/01/1999,
7430,02/01/1999,
7431,01/01/1989,
7432,06/01/1999,
7433,01/01/1989,
7434,07/01/1999,
7435,01/01/1989,
7436,01/01/1989,
7437,01/01/1989,
7438,01/01/1989,
7439,06/01/1999,
7440,08/01/1999,
7441,11/01/1999,
7442,10/01/1999,
7443,01/01/1989,
7444,08/01/1999,07/31/2010
7445,01/01/1989,
7446,11/01/1999,
7447,10/01/1999,
7448,01/01/1989,
7449,01/01/1989,
7450,04/01/2000,
7451,07/01/2000,
7453,01/01/2000,
7454,08/01/2000,
7455,02/01/2000,
7456,05/01/2000,
7457,06/01/2000,
7458,12/01/2000,
7459,01/01/1989,
7460,05/01/2001,
7461,01/01/1989,
7462,05/01/2001,
7463,01/01/1989,
7464,01/01/1999,
7465,01/01/1989,
7466,01/01/1989,
7467,06/01/2000,
7468,08/01/2000,
7469,04/01/2006,
7470,05/01/2001,
7471,08/01/2000,04/30/2008
7472,05/01/2001,
7473,01/01/1989,
7474,03/01/2001,
7475,06/01/2001,
7476,09/01/2003,
7477,01/01/2002,
7478,05/01/2001,
7479,05/01/2001,
7480,05/01/2001,02/28/2015
7482,02/01/2002,05/31/2004
7483,07/01/2002,
7484,12/01/2002,
7485,09/01/2009,
7486,01/01/2003,
7488,04/01/2003,
7489,02/01/2004,
7490,05/01/2004,
7491,01/01/1989,
7492,06/01/2004,
7493,01/01/1989,
7494,01/01/1989,
7495,02/01/2004,
7496,05/01/2003,
7497,07/01/2015,
7498,11/01/2004,
7499,09/01/2004,
7500,01/01/1998,
7501,04/01/2005,
7502,03/01/2005,
7504,05/01/2006,
7505,08/01/2004,
7506,10/01/2005,
7507,02/01/2006,
7508,03/01/2005,
7509,10/01/2005,
7510,12/01/2005,
7511,08/01/2005,
7512,02/01/2005,
7513,10/01/2005,
7514,07/01/2005,
7515,07/01/2005,
7516,06/01/2005,
7517,06/01/2005,
7518,10/01/2005,
7519,10/01/2005,
7520,08/01/2005,
7521,08/01/2005,
7522,02/01/2006,
7523,10/01/2005,
7524,10/01/2005,
7525,08/01/2005,
7526,09/01/2005,
7527,07/01/2006,
7528,10/01/2006,
7529,07/01/2006,
7530,06/01/2007,
7531,05/01/2006,
7532,08/01/2006,
7533,06/01/2006,
7534,03/01/2006,
7535,05/01/2007,
7536,05/01/2007,
7537,10/01/2006,
7538,05/01/2007,
7539,06/01/2007,
7540,01/01/1989,
7542,06/01/2006,
7543,10/01/2006,
7544,01/01/1989,
7546,10/01/2005,
7547,11/01/2006,
7548,02/01/2007,
7549,03/01/2008,
7550,03/01/2005,11/30/2011
7551,01/01/2007,
7552,03/01/2008,
7553,07/01/2007,
7554,06/01/2007,
7555,03/01/2008,
7556,01/01/1989,
7557,12/01/2002,
7558,05/01/2007,
7559,01/01/2008,
7560,09/01/2006,
7561,01/01/1989,
7562,08/01/2007,
7563,09/01/2007,
7564,03/01/2008,
7565,02/01/2008,
7566,03/01/2008,
7567,10/01/2006,
7568,10/01/2007,
7569,08/01/2007,
7570,10/01/2006,
7571,11/14/2016,
7572,10/01/2014,
7573,10/01/2006,
7574,08/08/2016,
7575,10/01/2006,
7576,10/01/2006,
7577,10/01/2006,
7578,07/01/2014,
7579,10/01/2006,
7580,01/01/1989,
7581,10/01/2006,
7582,10/01/2006,
7583,11/01/2014,
7584,07/01/2014,
7585,12/01/2006,
7586,03/01/2008,
7587,05/01/2008,
7588,09/01/2007,
7589,01/01/1989,
7590,07/01/2008,
7591,05/01/2007,
7592,03/01/2008,
7593,03/01/2008,
7594,03/01/2008,
7595,03/01/2008,
7596,08/01/2008,06/30/2011
7597,01/27/2016,
7598,10/01/2008,
7599,04/01/2008,
7607,09/01/2010,
7608,07/01/2015,
7609,10/01/2010,
7612,11/07/2017,
7613,10/23/2017,
7614,10/23/2017,
7661,01/01/1989,
7662,01/01/1989,
7675,01/01/1989,
7680,01/01/2011,
7681,01/01/1989,
7689,01/01/1989,
7697,09/01/2010,
7700,08/01/2003,
7701,01/01/1989,
7702,01/01/1989,
7703,01/01/1989,
7704,01/01/1989,
7706,01/01/1989,
7707,01/01/1989,
7708,01/01/1989,
7709,11/01/2003,
7710,01/01/1989,
7711,02/23/2018,
7712,01/01/1989,
7713,01/01/1989,
7714,09/01/2014,
7715,01/01/1989,
7716,12/01/1994,
7717,01/01/1989,
7718,01/01/1989,
7719,01/01/1989,
7720,01/01/1989,
7721,01/01/1989,
7722,01/01/1989,
7723,01/01/1989,
7724,01/01/1989,
7725,03/01/2004,
7726,01/01/1989,
7727,01/01/1989,
7728,05/01/2010,
7729,01/01/1989,
7730,09/01/2004,
7731,01/01/1989,
7732,01/01/1989,
7733,01/01/1989,
7734,06/01/2004,
7735,12/01/2005,
7736,02/01/2006,
7737,01/01/1989,
7738,06/01/2007,
7739,10/01/2007,
7740,03/01/2007,
7742,01/01/1989,
7745,01/01/1989,
7750,01/01/1989,
7751,01/01/1989,
7753,01/01/1989,
7754,05/01/2004,
7763,03/01/2009,
7764,04/01/2009,
7767,01/01/1989,
7803,12/01/1990,
7805,12/01/1990,09/30/1994
7811,08/01/1999,
7881,12/01/1991,07/31/1992
7882,12/01/1991,12/31/1992
7900,05/05/2016,
7901,01/01/1989,
7904,01/01/1989,
7912,01/01/1989,
7927,01/01/1989,
7954,01/01/1989,
7970,01/01/1989,
7974,01/01/1989,
7983,01/01/1989,
7989,01/01/1989,
7990,01/01/1989,
8000,01/01/1989,
8001,01/01/1989,
8002,01/01/1989,
8003,01/01/1989,
8004,01/01/1989,
8005,01/01/1989,
8006,11/01/2014,
8007,01/01/1989,
8008,01/01/1989,
8009,01/01/1989,07/31/2008
8010,01/01/1989,
8011,01/01/1989,
8012,01/01/1989,
8013,01/08/2018,
8014,01/01/1989,
8015,01/01/1989,
8016,01/01/1989,
8017,01/01/1989,
8018,01/01/1989,
8020,01/01/1989,
8021,01/01/1989,
8024,08/01/1996,
8025,01/01/1989,03/31/1993
8026,01/01/1989,
8028,01/01/1989,
8029,01/01/1989,
8030,01/01/1989,
8031,02/27/2018,
8032,01/01/1989,
8035,01/01/1989,
8036,01/01/1989,
8037,10/23/2017,
8038,01/01/1989,
8039,01/01/1989,
8041,08/01/1997,
8042,01/01/1989,
8043,07/01/1997,
8044,01/01/1989,
8045,01/01/1989,
8047,01/01/1989,
8048,06/01/1998,
8049,01/01/1989,
8050,01/01/1989,01/31/2015
8051,01/01/1989,
8052,01/01/1989,
8053,01/01/1989,
8054,01/01/1989,
8055,01/01/1989,
8056,01/01/1989,
8057,01/01/1989,
8058,01/01/1989,
8059,01/01/1989,
8061,01/01/1989,
8063,12/01/2013,
8064,01/01/1989,
8065,01/01/1989,12/31/1989
8066,01/01/1989,
8067,01/01/1989,
8068,01/01/1989,12/31/1989
8069,01/01/1989,
8070,01/01/1989,
8071,01/01/1989,
8073,01/01/1989,
8074,01/01/1989,
8075,01/01/1989,
8076,01/01/1989,
8077,01/01/1989,
8078,10/23/2017,
8079,01/01/1989,
8080,01/01/1989,
8081,01/01/1989,
8082,01/01/1989,
8084,01/01/1989,
8085,01/01/1989,
8086,01/01/1989,
8087,01/01/1989,
8088,01/01/1989,
8089,01/01/1989,
8090,01/01/1989,
8091,01/01/1989,
8092,01/01/1989,
8093,01/01/1989,
8094,01/01/1989,
8095,01/01/1989,
8096,01/01/1989,
8097,01/01/1989,
8098,01/01/1989,
8099,01/01/1989,
8101,01/01/1989,
8102,01/01/1989,
8103,01/01/1989,
8104,01/01/1989,05/31/1997
8106,01/01/2014,
8108,01/01/1989,04/30/1993
8109,01/01/1989,
8110,10/09/2017,
8111,01/01/1989,
8112,01/01/1989,
8113,01/01/1989,
8114,01/01/1989,
8115,01/01/1989,
8117,01/01/1989,
8118,01/01/1989,
8119,01/01/1989,
8120,01/01/1989,
8121,01/01/1989,
8122,01/01/1989,
8123,01/01/1989,03/31/1993
8125,01/01/1989,04/30/1993
8126,01/01/1989,
8127,01/01/1989,08/31/2009
8129,09/18/2017,
8131,01/01/1989,
8132,01/01/1989,
8133,01/01/1989,12/31/2008
8135,01/01/1989,
8136,07/01/1989,
8137,12/01/1989,
8138,01/01/1989,
8139,04/01/1989,
8140,02/01/1989,
8141,06/01/1989,
8142,01/01/1989,12/31/1994
8143,01/01/1989,
8146,02/01/1989,
8147,09/01/1989,
8148,11/01/1989,
8149,03/01/1990,
8150,03/01/1990,
8152,08/01/1990,
8153,08/01/1990,
8154,10/01/1991,
8155,12/01/1990,
8156,11/01/1990,
8157,07/01/1991,
8158,02/01/1991,
8159,02/01/1991,
8160,04/01/1991,
8161,01/01/1989,
8163,10/01/1991,
8164,11/01/1991,
8165,01/01/1992,
8166,01/01/1992,
8167,03/01/1992,03/31/1993
8168,02/01/1992,
8169,06/01/1992,
8170,07/01/1992,
8171,07/01/1992,
8172,11/01/1993,
8173,12/01/1993,
8174,06/01/1994,
8175,04/01/2015,
8176,09/01/1994,
8177,10/01/1994,
8178,01/01/1995,09/30/2003
8179,02/01/1995,
8180,07/01/1994,
8181,07/01/1994,
8182,07/01/1994,
8183,07/01/1994,
8184,07/01/1994,
8185,07/01/1994,05/31/2008
8186,07/01/1994,09/30/1995
8187,07/01/2006,
8188,06/01/2006,
8189,08/01/2009,
8190,10/01/2006,
8191,11/01/2014,
8192,07/01/2006,
8193,07/01/2006,
8194,10/01/2007,
8195,10/01/2013,
8196,11/01/2006,
8197,04/01/2006,
8198,09/01/2010,
8199,10/01/2006,
8200,12/01/1996,
8202,01/01/1989,
8204,01/01/1989,
8205,01/01/1989,
8207,01/01/2014,
8208,10/23/2017,
8210,01/01/1989,
8215,01/01/1989,12/31/1989
8216,01/01/1989,05/31/1994
8218,11/01/2014,
8223,12/01/1995,
8224,12/01/1995,
8225,02/01/1996,
8226,06/01/1996,
8227,08/01/1996,
8228,09/01/1997,
8229,02/01/1998,
8230,02/01/1998,
8231,02/01/1998,
8232,10/01/1998,
8233,05/01/1991,12/31/1993
8234,11/01/1998,
8235,07/01/1998,
8236,01/01/1999,
8237,10/01/1998,06/30/2016
8238,03/01/1999,
8239,05/01/1999,
8240,11/01/1999,
8241,08/01/1999,
8242,05/01/2000,
8243,09/01/1999,
8244,11/01/2000,
8245,12/01/1999,
8246,03/01/2001,
8247,08/01/2001,
8248,04/01/2001,
8249,01/01/2001,
8250,05/01/2001,
8251,10/01/2001,
8252,05/01/2001,
8253,08/01/2002,
8254,07/01/2001,11/30/2009
8255,08/01/2001,
8256,10/01/2002,
8257,08/01/2002,
8258,06/01/2002,
8259,07/01/2002,
8260,01/01/2003,
8261,05/01/2003,
8262,03/01/2004,
8263,04/01/2005,
8264,09/01/2004,
8265,10/01/2003,
8266,02/01/2010,
8267,04/01/2004,
8268,07/01/2005,
8269,06/01/2005,
8270,09/01/2004,
8271,07/01/2004,
8272,09/01/2004,
8273,11/01/2006,
8274,11/01/2005,
8275,05/01/2004,
8276,10/01/2004,
8277,01/01/2005,
8278,04/01/2006,
8279,02/01/2005,
8280,05/01/2004,
8281,05/01/2005,
8282,09/01/2006,02/28/2008
8283,02/01/2005,01/31/2010
8284,07/01/2006,
8285,08/01/2005,
8286,08/01/2005,
8287,10/01/2005,
8288,02/01/2006,
8289,05/01/2006,
8290,10/01/2005,
8291,05/01/2006,
8292,09/01/2006,
8293,12/01/2005,
8294,01/01/2007,
8295,08/01/2006,
8296,12/01/2005,
8297,04/01/2015,
8298,09/01/2006,
8299,10/01/2006,
8416,01/01/1989,
8420,09/01/1995,
8444,01/01/1989,
8453,01/01/1989,
8455,01/01/1989,
8456,01/01/1989,
8457,01/01/1989,
8458,01/01/1989,
8460,01/01/1989,
8461,11/01/2004,
8470,08/01/1996,
8471,08/01/1996,
8472,08/01/1996,
8473,08/01/1996,
8474,08/01/1996,
8475,08/01/1996,
8476,08/01/1996,
8477,08/01/1996,
8479,08/01/1996,09/30/2006
8480,08/01/1996,
8481,08/01/1996,
8482,08/01/1996,
8486,01/01/1989,12/31/1989
8499,01/01/1989,
8500,04/01/2015,
8502,01/31/2018,
8503,09/18/2017,
8504,05/01/2015,
8505,04/01/2015,
8506,09/01/2013,
8507,10/01/2011,
8508,01/01/1989,
8509,05/01/2012,
8510,02/01/2012,
8511,06/01/2004,
8512,01/01/1989,
8514,03/01/2007,
8515,09/01/2009,
8516,01/01/1989,
8517,01/01/1989,
8518,04/01/2015,
8519,07/11/2016,
8520,02/15/2016,
8521,04/01/2007,
8522,01/01/1989,
8523,03/01/2008,
8525,01/01/1989,
8526,07/01/2007,11/30/2009
8527,05/01/2007,
8528,01/01/2008,
8529,05/01/2010,
8530,03/01/2007,
8531,09/01/2007,
8532,01/01/1989,
8533,09/01/2007,
8534,02/01/2007,
8535,07/01/2007,
8536,01/01/1989,
8537,07/01/2007,
8538,08/01/2007,
8539,08/01/2007,
8540,10/01/2007,
8541,09/01/2007,
8542,03/01/2007,08/31/2015
8543,03/01/2008,
8544,08/01/2007,
8545,01/01/1989,
8546,02/01/2008,
8547,04/01/2007,
8548,04/01/2008,
8549,07/01/2008,
8550,05/01/2007,08/31/2008
8551,03/01/2008,
8552,03/01/2008,
8553,09/01/2008,
8554,10/01/2008,
8555,01/01/1989,
8556,10/01/2008,
8557,01/01/2008,
8558,03/01/2008,
8559,08/01/2008,
8560,10/17/2016,
8561,07/01/2008,
8562,01/01/2009,
8563,11/01/2010,
8564,02/01/2011,
8565,02/01/2008,
8566,10/01/2011,
8567,10/01/2011,
8568,10/01/2008,
8569,10/01/2008,
8570,03/01/2008,
8571,11/01/2007,
8572,01/01/1989,12/31/1989
8573,11/01/2008,
8574,02/01/2011,
8575,05/01/2011,
8576,04/01/2012,
8577,03/01/2012,
8578,07/01/2012,
8579,05/01/2012,
8580,02/01/2012,
8581,02/01/2012,
8582,05/01/2012,
8583,09/01/2012,
8584,04/01/2013,
8585,08/01/2013,
8586,09/01/2012,
8587,07/01/2013,
8588,07/01/2014,
8589,07/01/2014,
8590,01/01/2012,
8591,04/05/2016,
8592,08/22/2016,
8593,08/22/2016,
8594,07/01/2014,
8595,09/01/2012,
8596,07/01/2013,
8597,07/01/2012,
8598,10/01/2012,
8599,08/01/2011,
8600,02/01/2011,
8602,10/01/2007,
8603,01/01/1989,
8604,01/01/1989,12/31/1989
8605,01/01/1989,
8606,04/01/2004,
8607,02/01/2004,
8608,10/01/2008,
8609,05/01/2008,
8610,11/01/2007,
8611,01/01/1989,
8612,11/07/2017,
8613,02/01/2008,
8614,09/18/2017,
8615,01/01/1989,
8616,01/01/1989,
8617,01/01/1989,
8618,07/01/2008,
8619,07/01/2008,
8620,04/01/2008,
8621,10/01/2008,
8622,11/01/2009,
8623,04/01/2010,
8624,09/01/2010,
8625,11/01/2013,
8626,07/01/2008,
8627,11/01/2008,
8628,07/01/2009,
8629,11/01/2009,
8630,12/01/2010,
8631,04/01/2011,
8632,07/01/2011,
8633,05/01/2011,
8634,07/01/2011,
8635,09/01/2011,
8637,10/01/2011,
8638,07/01/2011,
8639,05/01/2011,
8640,10/01/2010,
8641,07/01/2013,
8642,05/01/2011,
8643,04/01/2011,
8644,09/01/2011,
8645,01/01/1989,
8646,03/01/2001,
8647,11/01/2003,05/31/2008
8648,07/01/2011,
8649,01/01/1989,
8650,09/01/2011,
8652,11/01/2011,
8653,12/01/2011,
8654,07/01/2011,
8655,04/01/2012,
8656,05/01/2011,
8657,09/01/2005,
8658,06/01/2012,
8659,04/01/2013,
8660,05/23/2016,
8661,12/01/2013,
8662,01/01/2013,
8663,12/01/2012,
8664,04/01/2013,
8665,07/01/2012,
8666,05/01/2013,
8667,08/01/2013,
8668,05/01/2012,
8669,06/15/2016,
8670,04/01/2012,
8671,08/01/2012,
8672,05/01/2012,
8673,11/01/2013,
8674,12/01/2013,
8675,07/01/2012,
8676,09/01/2012,
8677,08/01/2013,
8678,08/01/2012,
8679,03/01/2014,
8680,05/01/2012,
8681,07/11/2016,
8682,08/01/2012,
8683,05/01/2013,
8684,02/01/2012,
8685,02/01/2014,
8686,08/01/2013,
8687,09/01/2013,
8688,02/01/2014,
8689,04/01/2014,
8691,06/01/2012,
8692,02/01/2014,
8693,07/01/2012,
8694,07/01/2013,
8695,04/01/2014,
8696,06/01/2014,
8697,08/01/2012,
8698,09/01/2012,
8699,07/01/2012,
8702,01/01/1991,
8703,01/01/1991,
8704,04/01/1991,
8705,06/01/1991,
8706,05/01/1991,
8707,07/01/1991,
8708,10/01/1991,
8709,01/01/1992,
8711,04/01/1992,05/04/2016
8712,03/01/1993,
8713,04/01/1993,
8714,04/01/1993,
8715,08/01/1993,
8716,10/01/1993,
8717,06/01/1994,
8718,09/01/1994,
8719,12/01/1994,05/18/2016
8720,02/01/1995,
8721,02/01/1995,
8722,05/01/1995,03/31/1998
8723,11/01/1995,
8724,02/01/1996,
8725,01/01/1997,
8726,04/01/1997,
8727,10/01/1997,
8728,08/01/1998,
8729,09/01/1998,
8730,09/01/2010,04/22/2016
8731,11/01/1999,11/01/2015
8732,05/01/2000,
8733,06/01/2000,05/31/2002
8734,09/01/2000,
8735,07/01/2001,
8736,08/01/2001,
8737,01/01/2002,
8738,07/01/2002,
8739,06/01/2002,
8740,10/01/2002,
8741,06/01/2003,12/22/2016
8742,07/01/2003,
8743,11/01/2003,
8744,06/01/2004,
8745,10/01/2004,
8746,10/01/2004,
8747,03/01/2005,
8748,05/01/2005,
8749,07/01/2005,
8750,07/01/2005,
8751,09/01/1999,02/28/2001
8752,09/01/1999,06/30/2009
8753,11/01/2005,
8754,02/01/2006,
8755,10/01/2007,
8756,11/01/2006,
8757,08/01/2006,10/31/2009
8758,08/01/2007,05/31/2011
8759,11/01/2007,
8760,08/01/2006,05/31/2011
8761,11/01/2006,
8762,11/01/2007,
8763,11/01/2006,
8764,10/01/2007,
8765,11/01/2007,
8766,11/01/2006,
8767,11/01/2007,
8768,11/01/2007,
8769,03/01/2008,
8770,03/01/2008,
8771,07/01/2008,
8772,11/01/2008,
8773,11/01/2008,
8774,11/01/2008,
8775,11/01/2008,
8776,11/01/2008,
8777,01/01/2009,
8778,06/01/2009,
8779,08/01/2009,
8780,10/01/2009,
8781,10/01/2009,
8782,11/01/2009,
8783,03/01/2010,12/21/2015
8784,09/01/2010,
8785,09/01/2010,
8786,02/01/2011,
8787,10/01/2011,03/28/2017
8790,11/01/2010,
8791,11/01/2010,
8792,11/01/2010,
8793,11/01/2010,
8794,05/01/2011,
8795,05/01/2011,
8796,07/01/2011,
8797,07/01/2011,
8801,12/01/1999,07/31/2009
8803,09/01/2002,
8804,09/01/2011,
8805,09/01/2011,04/27/2016
8806,09/01/2011,
8807,10/01/2011,
8808,11/01/2011,
8809,12/01/2011,
8810,05/01/2012,
8811,02/01/2012,
8812,10/01/2012,
8813,06/01/2012,
8814,01/01/2012,01/31/2014
8815,06/01/2012,
8816,06/01/2012,
8817,09/01/2012,
8818,10/01/2012,
8819,09/01/2012,
8820,08/01/2012,
8821,08/01/2012,
8822,10/01/2012,
8823,10/01/2012,
8824,12/01/2012,
8825,09/01/2013,
8826,04/01/2013,
8827,07/01/2013,
8828,07/01/2013,
8829,08/01/2013,
8830,12/01/2013,
8831,11/01/2013,
8832,11/01/2013,
8835,11/01/2014,
8836,02/01/2015,
8837,11/01/2014,
8838,11/01/2014,
8839,11/01/2014,
8840,11/01/2014,
8841,12/01/2014,
8842,02/01/2015,
8843,06/01/2015,
8844,09/01/2015,
8845,10/01/2013,
8846,10/01/2013,
8847,10/01/2013,03/29/2016
8849,10/01/2013,
8850,10/01/2013,
8851,10/01/2013,
8852,10/01/2013,
8853,10/01/2013,
8854,10/01/2013,
8855,10/01/2013,
8856,10/01/2013,
8857,10/01/2013,
8858,10/01/2013,
8859,10/01/2013,
8860,10/01/2013,
8861,10/01/2013,
8862,10/01/2013,
8863,10/01/2013,
8864,10/01/2013,
8865,10/01/2013,
8866,10/01/2013,
8867,10/01/2013,
8868,10/01/2013,
8869,10/01/2013,
8870,10/01/2013,
8871,10/01/2013,
8872,10/01/2013,
8873,10/01/2013,
8874,10/01/2013,
8875,10/01/2013,
8876,10/01/2013,
8877,10/01/2013,
8878,10/01/2013,
8879,10/01/2013,
8880,10/01/2013,
8881,10/01/2013,
8882,10/01/2013,
8883,10/01/2013,
8884,10/01/2013,
8885,10/01/2013,04/30/2015
8886,10/01/2013,
8887,10/01/2013,
8888,10/01/2013,
8889,10/01/2013,
8890,10/01/2013,
8891,10/01/2013,04/30/2014
8892,10/01/2013,
8893,10/01/2013,
8894,10/01/2013,
8895,10/01/2013,04/30/2015
8896,10/01/2013,
8897,10/01/2013,
8900,04/01/2015,
8901,10/01/2013,
8903,10/01/2013,
8904,10/01/2013,
8905,10/01/2013,
8906,10/01/2013,
8907,10/01/2013,
8908,10/01/2013,
8909,10/01/2013,
8910,10/01/2013,
8911,10/01/2013,
8913,10/01/2013,
8914,10/01/2013,
8916,10/01/2013,
8917,10/01/2013,
8918,10/01/2013,
8919,10/01/2013,
8920,10/01/2013,
8921,10/01/2013,
8922,10/01/2013,
8923,10/01/2013,
8924,10/01/2013,
8925,10/01/2013,
8926,10/01/2013,
8927,10/01/2013,03/31/2014
8928,10/01/2013,06/01/2016
8929,01/01/1989,
8930,10/01/2013,
8931,10/01/2013,
8934,11/01/2013,03/31/2015
8935,08/01/2015,
8936,10/01/2015,
8937,11/12/2015,
8938,10/01/2015,
8940,10/01/2015,
8941,10/01/2015,
8942,11/12/2015,
8943,04/05/2016,
8944,11/12/2015,
8945,02/15/2016,
8946,04/05/2016,
8947,05/23/2016,
8948,04/05/2016,
8949,09/01/2015,
8950,07/01/2014,
8951,09/01/2014,
8952,09/01/2014,
8953,04/05/2016,
8954,03/01/2015,
8955,04/05/2016,
8956,06/06/2016,
8957,07/11/2016,
8959,02/15/2016,
8960,07/01/2015,
8961,01/01/1989,
8962,04/05/2016,
8963,06/06/2016,
8964,05/05/2016,
8965,08/08/2016,
8966,03/14/2016,
8967,01/27/2016,
8968,12/14/2015,
8969,11/12/2015,
8970,06/01/2014,
8971,08/01/2014,
8972,04/01/2015,
8973,09/01/2014,
8974,12/01/2014,
8975,10/01/2014,
8976,11/01/2014,
8978,03/01/2015,
8979,09/01/2014,
8987,01/01/1989,
9001,08/01/1990,
9002,08/01/1990,
9003,07/01/1996,
9004,07/01/1996,
9005,05/01/1996,
9006,07/01/1996,02/28/2013
9007,07/01/1996,
9008,01/01/1999,01/23/2018
9009,07/01/1996,
9010,07/01/1996,
9011,08/01/1997,
9012,12/01/1997,
9015,05/01/2000,
9016,08/01/2014,
9017,07/01/2001,09/30/2013
9018,11/12/2015,
9020,07/01/2001,12/31/2008
9021,07/01/2001,12/16/2016
9022,10/01/2009,
9024,06/01/2008,
9026,02/01/2001,
9027,05/01/2007,11/30/2010
9028,06/01/2004,06/30/2008
9029,06/01/2004,
9031,06/01/2004,09/23/2016
9081,11/01/2006,
9101,01/01/1989,
9102,01/01/1989,
9106,11/13/2017,
9108,01/01/1989,
9109,01/01/1989,
9111,01/01/1989,
9112,01/01/1989,
9113,01/01/1989,
9115,01/01/1989,
9116,01/01/1989,
9117,01/01/1989,
9118,01/01/1989,
9119,01/01/1989,
9121,01/01/1989,
9122,01/01/1989,
9123,06/01/1992,
9124,01/01/1989,
9125,01/01/1989,
9128,05/01/2000,
9129,10/01/1990,
9133,02/01/2001,
9135,02/01/2001,
9136,01/01/1989,
9138,06/01/1992,
9140,01/01/1989,
9142,01/01/1989,05/12/2017
9145,09/01/1989,
9149,09/01/1989,11/20/2015
9150,03/01/2003,
9151,10/01/2006,
9152,06/01/2007,
9154,06/01/2014,
9159,11/01/2002,
9160,11/01/2002,
9161,02/01/2007,
9162,06/01/2007,
9178,05/01/2006,07/31/2009
9180,01/01/1989,
9201,01/01/1989,
9204,01/01/1989,
9205,01/01/1989,
9206,01/01/1989,11/22/2016
9207,01/01/1989,
9208,01/01/1989,
9209,01/01/1989,
9212,01/01/1989,
9213,03/01/1990,
9214,01/01/1989,
9220,01/01/1989,04/30/2010
9221,10/01/1992,
9223,03/01/2007,11/30/2010
9224,06/01/2007,07/27/2016
9225,01/01/1989,
9226,11/01/2007,
9228,08/01/2004,
9229,05/01/2003,
9230,09/01/1995,
9232,09/01/1995,
9234,01/01/1989,
9235,04/01/2005,
9237,01/01/1989,
9239,08/01/2006,
9240,02/01/2007,
9241,09/01/2006,
9243,01/01/1989,12/16/2016
9245,01/01/1989,
9246,01/01/1989,
9248,04/01/2003,
9249,08/01/2006,
9251,03/01/2007,
9252,05/01/2008,07/12/2016
9255,09/01/1995,
9256,12/01/2003,
9270,01/01/1989,
9271,01/01/1989,04/30/2008
9273,01/01/1989,12/31/2008
9274,06/01/2008,
9275,10/01/1997,
9276,09/01/2007,12/14/2017
9277,05/01/2006,
9278,10/01/2005,12/31/2008
9279,10/01/2005,11/13/2015
9299,03/01/2008,
9301,01/01/1989,
9302,01/01/1989,
9303,01/01/1989,
9305,01/01/1989,
9306,01/01/2005,
9307,01/01/1989,
9308,06/01/1991,
9312,01/01/1989,
9314,01/01/1989,
9315,01/01/1989,
9316,01/01/1989,
9317,01/01/1989,
9318,01/01/1989,
9319,01/01/1989,
9320,01/01/1989,
9325,11/01/2002,
9326,06/01/2003,09/27/2016
9327,12/01/2003,12/31/2008
9328,06/01/2006,
9329,02/01/2001,
9330,01/01/1989,
9335,01/01/1989,
9338,03/01/1993,
9340,01/01/1989,12/18/2015
9344,10/01/2006,
9345,01/01/2007,
9346,02/01/2007,11/30/2015
9347,11/01/2006,
9349,03/01/2005,
9351,06/01/2003,
9352,05/01/2006,07/12/2016
9353,05/01/2006,
9354,05/01/2007,11/30/2014
9401,01/01/1999,
9403,01/01/1989,
9405,01/01/1990,08/31/2015
9410,11/01/2007,
9701,05/01/2007,
9702,09/01/2006,
9703,03/01/2012,
9704,01/01/1989,08/31/2009
9705,01/01/1989,
9706,01/01/1989,
9707,01/01/1989,
9708,01/01/1989,
9711,01/01/1989,
9712,09/01/2006,04/30/2010
9713,05/01/2005,
9714,01/01/1989,
9715,01/01/1989,07/31/2009
9717,01/01/1989,
9718,11/01/2003,
9719,11/01/2003,06/30/2012
9720,11/01/2003,
9721,11/01/2003,
9722,11/01/2003,
9723,11/01/2003,
9725,10/01/2005,
9726,01/01/1989,
9727,01/01/1989,
9729,01/01/1989,
9731,01/01/1989,
9732,07/01/1996,09/15/2016
9734,12/01/2004,
9735,03/01/2003,
9738,01/01/1989,
9739,01/01/1989,02/25/2016
9740,01/01/1989,
9741,01/01/1989,
9743,01/01/1989,
9744,06/01/2007,
9748,01/01/1989,
9749,01/01/1989,
9750,08/01/2003,08/31/2009
9751,08/01/2006,
9752,03/01/2008,
9755,03/01/2008,
9801,01/01/1989,
9802,01/01/1989,
9803,01/01/1989,12/14/2016
9804,01/01/1989,08/31/2009
9805,01/01/1989,
9806,01/01/1989,
9807,01/01/1989,
9808,01/01/1989,
9810,03/01/1989,
9811,01/01/1989,
9813,01/01/1989,
9814,07/01/1990,
9815,10/01/2004,
9817,11/01/1993,
9818,01/01/1989,
9820,01/01/1989,
9821,10/01/1995,
9823,05/01/2004,12/31/2008
9825,02/01/1993,12/31/2008
9826,12/01/1993,07/31/2009
9827,03/01/1994,
9828,06/01/2006,
9829,11/01/2002,
9831,01/01/1989,
9833,01/01/1989,
9834,02/01/2001,04/30/2012
9835,01/01/1989,
9836,03/01/2002,07/31/2009
9837,01/01/1989,05/31/2010
9839,05/01/2000,
9840,09/01/2006,
9841,02/01/2007,
9844,01/27/2016,
9845,05/01/2007,01/31/2008
9846,01/01/1989,
9847,05/01/2006,
9848,01/13/2016,
9850,01/01/1989,
9919,02/01/2006,
9929,01/01/2009,
9983,04/10/2017,
9984,05/01/2010,09/27/2016
9985,10/01/2006,01/20/2017
9994,01/01/1989,11/29/2016
9995,01/01/1989,12/31/2008
