COST_CENTER,TOTAL_SQ_FT,SALES_SQ_FT
701001,6000,2014
701002,6161,2467
701003,5000,1652
701005,7500,1336
701006,5000,1640
701007,3294,1226
701009,5000,2180
701010,5603,2307
701011,5200,2323
701012,5040,2315
701013,5000,2670
701014,5500,3160
701015,5700,1982
701016,4750,1564
701017,6400,2015
701018,5000,2287
701019,5000,2742
701020,5000,2449
701021,6000,3009
701024,6440,2436
701026,4000,1784
701027,4000,2567
701028,5000,2507
701029,6600,2554
701030,4652,1964
701031,4800,1381
701032,4985,2342
701033,5356,1958
701034,5000,2273
701035,5000,2271
701036,3360,1449
701037,5346,2033
701038,5850,2616
701039,6000,2044
701040,4950,2992
701045,5800,2797
701046,4000,2268
701050,4275,1667
701053,4448,2101
701055,5250,2522
701056,3732,2544
701057,6000,2739
701058,3733,1907
701059,3750,1935
701060,4129,2216
701062,5000,2653
701063,5600,1898
701065,4620,2306
701068,6000,2356
701070,4000,1554
701071,4048,2495
701076,4725,2329
701077,4250,2597
701078,3500,2102
701080,5000,2668
701081,5000,2462
701082,4000,1694
701083,4350,2489
701085,8000,1058
701087,3520,1480
701088,5000,2647
701090,4800,2264
701091,5000,2092
701093,5504,2108
701094,5000,2569
701095,4000,2582
701096,6000,2632
701098,6000,2545
701099,3737,1572
701101,4000,2229
701104,5400,2555
701105,5591,2302
701109,7500,2528
701110,4000,2608
701112,5928,2184
701113,5000,2411
701114,6480,2474
701116,6000,2424
701118,5200,2072
701119,3474,1809
701120,5000,2440
701122,5000,2525
701123,3984,2010
701124,4000,2265
701125,4050,2470
701127,5000,2373
701128,5000,2467
701129,4000,2103
701131,4539,2169
701133,5000,1727
701134,5000,1634
701135,4000,1744
701136,26596,822
701137,4000,2519
701139,8100,
701140,4050,2489
701141,6000,2375
701144,5730,2848
701145,6000,2375
701146,7840,1153
701147,6000,994
701149,8000,2612
701151,7500,
701152,4500,1682
701153,5000,2180
701155,5000,2157
701156,3648,2478
701157,4500,1884
701158,6000,2396
701159,4000,1686
701162,4500,1717
701163,4000,2670
701164,4000,1715
701167,4480,2529
701171,7386,2804
701172,9176,1071
701175,12000,2286
701176,4050,1978
701179,4000,2056
701180,4984,1902
701184,6284,2398
701185,7140,2098
701186,5523,1913
701187,4000,1752
701188,6000,2554
701189,3850,1575
701191,4000,1792
701192,5000,2137
701193,5067,2526
701194,5000,1863
701195,6233,2509
701197,10540,873
701198,5313,1766
701199,5000,2486
701202,7525,2177
701205,4100,1916
701206,4400,1749
701207,6000,2532
701208,4435,1936
701209,5996,2941
701211,5000,2493
701213,4500,2122
701214,7500,309
701215,5030,2400
701217,9680,1265
701218,5925,2514
701219,5000,2479
701220,5000,2475
701221,13500,672
701223,6185,
701224,5000,2127
701225,12000,4712
701227,5000,2241
701228,5000,2377
701231,5000,2399
701232,5240,2325
701233,5000,2479
701235,3600,1348
701236,5600,2632
701237,4000,1525
701238,5000,2479
701239,12000,716
701241,4800,2177
701242,6000,2440
701243,5108,1644
701244,5545,2435
701245,7000,1354
701246,9960,782
701248,4200,2212
701249,8779,
701250,5000,2583
701251,10266,1676
701253,4571,2417
701255,5703,2554
701257,4500,2499
701258,10580,3596
701260,6600,850
701261,4860,2472
701262,4000,2384
701263,12000,1240
701264,6000,2012
701266,4397,2158
701269,6000,2437
701274,5000,2492
701275,5283,2481
701276,3600,2001
701277,7500,533
701279,5000,2498
701280,4500,1777
701281,5000,2492
701282,29112,800
701283,4080,2654
701284,3900,2309
701285,5000,1946
701287,4500,2153
701288,4900,2372
701290,4032,1618
701291,5000,2433
701293,4700,1125
701295,3400,2103
701297,5016,2473
701298,5000,2432
701299,5856,2423
701301,4800,2780
701303,4500,1957
701307,5620,2008
701309,5000,1913
701310,5811,1831
701311,5250,2353
701312,6630,2024
701315,5000,2628
701316,4900,2398
701317,6480,2181
701318,4850,1680
701319,5000,2467
701320,6700,2396
701321,4000,2182
701322,7200,
701323,10000,1047
701324,4800,2497
701325,5002,2525
701326,5600,2438
701327,5200,2535
701329,5000,2443
701331,5837,3334
701332,10000,957
701334,5000,2498
701336,5000,2510
701337,4743,2616
701338,5000,2535
701339,5905,2938
701340,15000,1454
701341,3425,1554
701342,3920,2018
701343,4774,2417
701344,5850,2139
701345,6000,2418
701346,4824,2168
701347,9517,1247
701348,4080,2339
701350,5000,2380
701351,5000,2078
701354,5000,2514
701356,4860,2384
701357,5000,2500
701358,3765,2412
701359,3780,1873
701360,4451,2910
701361,5000,2377
701362,4900,2400
701363,3600,1921
701364,5000,2274
701365,4200,2130
701366,5100,964
701368,7600,1024
701373,5000,2384
701374,5000,2399
701375,5000,2388
701379,5000,2454
701381,5000,2440
701382,5000,2488
701383,4500,2387
701384,4800,1787
701388,5066,2273
701389,4500,2129
701390,14340,615
701391,4000,1647
701392,4000,1600
701393,5000,2107
701394,4000,1762
701395,4000,1629
701396,6584,1300
701397,4200,1797
701422,3200,1431
701424,3500,1759
701428,4000,1694
701429,4400,2419
701430,7500,1200
701435,5060,1951
701436,4800,2341
701437,5000,2478
701438,4429,2310
701439,4900,2490
701442,5000,2455
701445,5000,2609
701447,4000,1701
701448,5000,2507
701450,6000,500
701454,4200,1921
701455,4000,1679
701459,4673,2097
701460,4800,2221
701477,5800,1614
701500,5000,2534
701527,4599,2344
701528,6215,2237
701532,5000,2436
701562,4050,1979
701563,4000,2199
701568,4960,2054
701575,5636,2568
701584,4859,2325
701630,3720,1675
701650,5667,2368
701658,6347,1828
701666,4500,1464
701706,4000,1531
701710,4000,1465
701712,5092,1480
701713,3500,1835
701715,4500,1719
701716,4184,1734
701717,2700,941
701718,4000,1130
701719,3000,918
701720,4000,1653
701721,4400,1238
701722,5480,1364
701724,5120,1514
701725,3600,1280
701726,3774,1483
701727,3000,1114
701728,6123,1234
701730,4500,2252
701733,3000,1386
701734,6000,1289
701735,5800,1372
701737,5040,1660
701738,6378,2166
701739,5040,927
701740,3800,1178
701741,6000,1173
701742,4000,1465
701743,4787,1271
701744,3967,1542
701745,2968,1510
701748,5800,921
701749,4000,1465
701750,4000,920
701754,5150,2261
701755,3500,1800
701756,4000,1704
701757,4000,1419
701758,3500,1568
701760,4000,1853
701761,4095,2031
701762,4000,1775
701763,4675,2055
701764,4000,2083
701765,3500,1404
701766,21516,
701767,3955,1598
701768,3600,1585
701770,2968,1300
701771,3508,1547
701772,3500,1532
701773,3480,1621
701774,5400,2078
701775,3500,1525
701776,10680,3614
701778,6000,1335
701779,3500,1474
701780,3573,1475
701781,3500,1527
701782,3000,1634
701784,4000,1494
701785,3600,1753
701787,3500,1563
701789,3500,1527
701790,3500,1340
701791,3365,1363
701792,4000,1464
701793,3500,1527
701795,6000,2603
701796,3500,1553
701797,5000,2561
701798,7800,3827
701799,3500,1494
701805,16800,1543
701807,3500,1465
701808,9000,1980
701809,7800,2935
701810,4312,1769
701811,5000,2373
701812,3500,1607
701813,4900,2604
701815,3562,1491
701822,3500,1526
701823,3500,1465
701835,5745,1528
701836,13000,500
701843,8550,2537
701849,3500,1543
701853,11926,1172
701856,4000,1525
701863,4955,1619
701873,18520,2485
701877,8100,1948
701878,4000,1742
701889,1800,884
701890,4000,1797
701892,7067,2875
701893,6000,2379
701894,8519,2239
701895,7000,2350
701896,7000,2407
701897,5000,2526
701898,4500,1730
701899,8000,2251
701900,2800,1459
701901,15000,3738
701902,6280,2512
701903,5500,2522
701904,5266,2474
701906,5000,2474
701908,4500,1739
701909,5500,2565
701910,7200,2373
701912,5000,2659
701913,8200,2589
701914,5041,2409
701915,4800,2622
701916,4200,2355
701917,2604,983
701918,4500,1465
701919,4000,1868
701920,4000,1917
701921,6420,2423
701922,5000,2341
701924,4000,2329
701925,3500,1556
701926,6480,2133
701928,4500,1544
701929,13800,1046
701930,4005,1665
701932,4500,2502
701933,4000,1707
701934,3595,1504
701936,5000,2498
701938,4500,1938
701940,13752,1851
701942,4520,1970
701948,4000,1601
701949,7500,2674
701951,5000,2237
701952,5000,2537
701954,3055,1661
701955,5900,2125
701956,4000,1562
701957,5000,1900
701958,4992,2404
701959,5000,2541
701961,5494,2600
701962,5617,1481
701963,5000,2418
701964,6000,2797
701968,8750,2285
701970,4000,2597
701971,4658,1717
701972,6250,2039
701973,7280,2923
701974,10800,2007
701976,5000,2392
701977,5000,2399
701979,4500,1785
701981,5625,2999
701982,5025,2044
701983,4000,1711
701984,3185,1632
701985,3000,1319
701986,4000,1755
701987,2700,1329
701988,3203,1512
701992,5000,1991
701996,4000,1918
701998,2560,1167
701999,6300,1174
703003,5000,2598
703004,4000,1496
703005,3900,1656
703006,5000,2729
703007,4909,2457
703008,5600,2742
703009,7493,4388
703010,5000,2280
703011,4000,1757
703013,4912,2266
703014,6000,2283
703016,6160,2513
703017,4000,1959
703018,5000,2705
703019,7500,3137
703020,5440,2443
703021,4534,2500
703022,6000,2736
703023,4752,1518
703024,5368,2705
703025,5308,2613
703026,3420,1888
703027,6158,2232
703028,5500,2491
703029,4940,2190
703030,5000,2101
703031,6000,2083
703032,4160,1645
703033,4000,2090
703034,6040,3024
703035,7393,2523
703036,4400,2271
703037,5000,2407
703038,4375,1991
703039,5000,2323
703040,4000,2257
703041,4722,2280
703042,5112,2387
703043,5000,1612
703044,5820,2635
703045,5095,1985
703047,5000,2090
703049,4800,2311
703050,5000,2722
703051,4500,2011
703052,7973,1762
703054,5100,2725
703055,4440,1068
703056,6000,2133
703057,10416,2875
703058,4000,2396
703059,6385,2357
703060,5400,2855
703061,7300,2395
703062,10380,948
703063,3024,1682
703064,2863,1879
703065,4388,2301
703066,4514,2255
703067,3752,2207
703068,4481,2331
703069,5410,2300
703070,5000,2713
703072,5040,2146
703074,4510,2315
703075,5090,1992
703077,4000,1405
703078,8000,2839
703079,6000,2113
703080,5000,2421
703081,8280,1914
703082,3932,1432
703088,6180,2757
703089,3700,1658
703090,6000,2908
703092,4700,2504
703093,3835,1941
703096,5000,2104
703097,4000,1750
703100,14474,1020
703103,8502,2654
703107,4000,1567
703108,5000,2046
703110,10000,2778
703111,4856,2145
703113,5000,2636
703114,7560,2630
703115,7100,1314
703116,9000,2880
703117,3600,2049
703119,5200,2651
703120,4590,2426
703121,2963,1497
703122,11142,1713
703123,4925,2440
703124,5400,2045
703125,4000,2116
703126,4000,2113
703127,6100,2481
703128,3284,2044
703129,4765,2411
703130,4200,1779
703131,9600,942
703132,3790,2041
703133,5600,1982
703134,9500,2262
703135,4200,2101
703136,5700,2604
703137,5850,791
703138,17520,2284
703139,7200,2299
703140,4000,2083
703142,5000,2401
703143,5685,3133
703144,4145,2283
703145,4720,2310
703146,4680,2293
703147,1413,150
703151,5055,2364
703152,5000,2404
703153,6000,2535
703157,5000,2618
703158,4000,2328
703159,4500,1979
703160,3500,1827
703161,4650,2004
703162,4000,1780
703163,8400,936
703164,5449,2765
703165,4952,1997
703169,4608,2053
703170,5600,2147
703171,17608,2496
703172,4140,1832
703173,4200,1964
703174,8748,1692
703175,5000,2229
703176,5000,2452
703178,6590,2951
703179,4500,2097
703180,6000,2563
703181,6090,2102
703182,3690,2121
703183,5514,2091
703184,4000,1756
703185,5000,2763
703186,4515,2359
703187,5000,2522
703188,6000,2008
703189,5000,2505
703190,4768,2656
703193,4616,2150
703194,4011,1803
703195,4600,1946
703196,5062,2257
703197,5598,2595
703199,5750,2451
703200,5400,2073
703201,4704,2110
703203,14000,1713
703204,4800,2062
703205,6000,2238
703206,7000,2455
703207,8670,1199
703208,8000,477
703209,5776,843
703210,6030,689
703211,4800,2451
703212,3000,1067
703213,5000,2328
703214,11610,2367
703215,5000,2273
703216,6580,1107
703217,6552,765
703218,5044,2343
703219,5800,2347
703221,6900,2266
703222,5000,2811
703223,5000,2318
703224,4800,2480
703225,4800,2630
703226,5149,2551
703227,6420,1884
703228,5000,2704
703229,5000,2319
703230,7650,934
703232,7000,1066
703233,15728,860
703234,5000,2529
703235,5000,2512
703236,5400,3468
703237,8634,2763
703238,5100,2624
703239,4000,1527
703240,5014,2648
703241,10000,1028
703242,5000,2713
703243,5100,2524
703244,5000,2249
703246,5000,2679
703247,5000,2886
703249,8515,2347
703250,6000,1081
703251,7170,1260
703252,5100,2385
703253,5000,2476
703255,4700,2150
703256,4000,2280
703257,5000,2378
703258,5000,2587
703259,4472,2341
703260,5000,2118
703261,5000,2299
703262,5400,2343
703263,6300,1000
703265,4800,2691
703266,4800,2326
703267,4500,2354
703268,6500,2344
703269,4800,2352
703270,4480,2225
703271,5000,2688
703272,4000,1619
703273,4650,2332
703274,4720,2584
703275,6400,2546
703276,5000,2552
703277,4258,1212
703278,4800,2446
703279,4290,1913
703280,5000,2463
703282,5000,2600
703285,4500,1686
703287,5000,2676
703288,4500,1908
703289,5000,2063
703290,4740,1816
703291,5000,1726
703292,4000,1882
703293,3920,1635
703294,4500,1988
703295,9178,1904
703296,5000,2035
703297,5000,1998
703298,5000,2036
703299,5000,1919
703305,4500,1943
703313,5666,1808
703317,4046,1792
703321,5800,2205
703352,4581,1798
703355,2820,827
703365,4462,2007
703372,4000,2069
703380,8204,2209
703388,3600,1649
703392,3610,1627
703396,4000,1895
703397,5503,2071
703398,4577,1987
703399,3001,1323
703400,3700,1837
703402,5000,2273
703403,4000,1822
703404,4500,1751
703405,5150,1976
703406,10000,2439
703407,5400,1695
703408,3160,1595
703409,4800,2012
703410,3600,1791
703411,3500,1402
703412,3092,1557
703414,4000,1757
703415,3250,1644
703416,4000,1747
703417,4000,1588
703418,4100,1714
703419,4500,1821
703420,3500,1831
703421,5663,1247
703423,3712,1777
703424,3500,1509
703425,3500,1446
703427,3799,1384
703428,3500,1619
703429,6327,2170
703430,3980,1721
703431,3500,1598
703434,5796,2085
703435,3526,1534
703436,3500,1527
703437,3500,1630
703438,3804,1699
703439,8000,2428
703440,4000,1755
703441,5000,1883
703442,4000,1657
703443,3500,1526
703445,4408,1718
703449,4000,1523
703451,3500,1526
703452,4000,1854
703457,3072,1269
703470,4000,1525
703471,3500,1526
703472,3500,1530
703473,3500,1527
703475,3223,1533
703476,4102,1531
703477,7500,1225
703479,3630,1732
703481,10000,1707
703482,4000,1526
703497,12750,2804
703500,6480,826
703501,7500,2096
703504,5776,3442
703506,4000,1873
703507,4800,2401
703508,5125,1355
703509,5000,2062
703510,5000,2076
703511,3000,1728
703512,4000,2127
703513,2222,1304
703514,3744,1173
703516,6000,2059
703518,5000,2246
703519,4862,2458
703520,6110,2321
703522,5000,1953
703525,9569,2197
703526,4000,1745
703527,6651,1401
703528,8400,1844
703532,4177,1764
703533,5400,1986
703534,4500,1966
703536,4063,1817
703537,4287,1595
703538,4000,1922
703539,7028,2297
703540,3200,1552
703542,3815,1451
703546,6320,1115
703549,5593,2505
703551,7200,2504
703552,4132,2273
703553,5654,2340
703555,6000,2220
703556,4000,2484
703557,3956,2366
703558,3605,1531
703559,3600,1704
703562,4750,2458
703563,4888,2491
703565,3392,2010
703566,4000,1627
703569,3120,1456
703585,4000,1685
703599,3950,1725
703610,4500,1752
703612,5000,2271
703647,5600,2592
703653,6000,2238
703658,5000,2290
703659,6000,3061
703665,6000,2537
703669,7807,2139
703674,12804,3508
703691,5640,2225
703701,6565,2094
703702,4617,2197
703704,3500,1302
703705,6065,2454
703706,8882,3229
703707,4000,1701
703709,6000,2477
703711,4850,2391
703713,4114,2497
703720,4056,1568
703721,14643,600
703774,4000,1582
703783,6000,2405
703792,3881,2418
703811,4562,1710
703816,4500,1750
703822,6000,2432
703826,5131,2577
703827,6000,2339
703833,7000,1459
703835,4500,1862
703840,5500,2089
703845,13680,2432
703846,6400,2391
703848,6240,1367
703860,4720,2328
703877,5000,2091
703878,3504,1197
703879,6000,2045
703880,3530,1527
703883,3200,1183
703886,10000,3151
703903,4691,2339
703906,4000,1999
703907,3936,1792
703909,3186,1756
703910,5100,1434
703917,5940,2169
703918,6000,673
703921,5916,2388
703922,4884,1639
703923,10000,2621
703927,3150,1681
703928,5600,2812
703932,6000,2241
703934,4000,1992
703936,3000,1801
703937,4500,1886
703939,4507,2300
703940,6300,803
703942,3523,2488
703945,2334,1191
703948,5257,2170
703949,4000,1532
703966,3193,1537
703971,9350,1396
703972,4325,2013
703973,4500,1747
703976,3917,1613
703985,5000,1762
703991,5000,2464
704306,6000,825
704312,9635,859
704314,6900,825
704324,11791,1819
704338,12000,926
704340,14000,908
704349,7525,1836
704372,17520,1631
704384,12200,1256
704389,13800,1006
704390,9778,963
704396,6400,1539
704399,7650,749
708001,6183,2570
708002,5088,2330
708005,5000,2499
708008,5100,2231
708012,4998,2078
708014,6000,1053
708015,4000,2175
708016,6000,2419
708018,6058,2390
708021,4824,2361
708026,6000,1732
708029,5837,1758
708038,9034,1825
708049,6013,2204
708051,6265,2315
708052,6000,2690
708054,4176,1719
708055,4865,2372
708058,5152,2182
708061,5029,1878
708074,15678,2675
708079,6000,1850
708080,6000,2449
708084,5120,2546
708085,6760,2358
708086,4900,2100
708087,13800,1887
708088,7266,1376
708090,5995,2044
708091,5040,1545
708092,10275,2165
708096,6000,2280
708098,3500,1544
708099,5032,2331
708109,5720,1593
708118,5000,2757
708120,6000,1274
708126,4992,2192
708136,5000,2401
708137,5025,1267
708139,5005,2480
708141,5940,2331
708148,5000,2223
708156,6447,658
708157,7500,2563
708169,5000,2345
708173,18000,1200
708176,13000,1429
708189,3700,1616
708192,5460,1803
708196,4500,1935
708200,21345,
708229,4523,2460
708231,6050,2261
708238,5000,1929
708239,8000,1424
708241,6554,405
708246,5000,2432
708252,5760,2765
708255,6500,2510
708258,8000,1021
708259,4840,1000
708260,6633,768
708261,5000,2358
708262,5000,2374
708263,5000,2545
708264,5000,2551
708266,4500,1981
708271,5200,1825
708272,4000,1493
708275,5000,2646
708285,5000,1296
708289,5000,2651
708290,4960,2288
708299,5070,2215
708420,10000,1081
708455,7020,2735
708457,5430,2117
708458,7040,2164
708460,4000,2301
708461,5000,2099
708470,33722,4154
708471,6798,2136
708472,4300,2121
708473,12555,2226
708474,11170,3306
708475,3255,1696
708476,10000,2549
708477,6824,2392
708480,5625,2064
708481,6200,2003
708499,7100,2097
708527,5237,2010
708534,4018,1379
708538,5222,500
708548,5414,2429
708553,5404,1867
708554,4500,1859
708555,4000,1405
708556,4905,1911
708570,7185,1815
708571,6000,2384
708574,4414,1692
708594,4810,2201
708598,4042,1877
708603,7450,2330
708605,7293,2665
708606,5000,4663
708609,5000,2004
708610,4508,1604
708611,5000,2529
708613,5500,2199
708615,5480,2229
708618,5203,1777
708619,4350,2075
708620,3548,1660
708622,12125,800
708623,6810,2299
708626,4425,1953
708627,4640,2145
708628,4500,1744
708629,4679,1458
708638,4800,2204
708639,3600,1598
708640,5606,2541
708641,4000,1748
708642,3320,1389
708643,3429,1615
708648,3800,1823
708651,3978,1737
708652,3514,1725
708653,3600,1583
708654,4500,1767
708655,3400,1802
708656,4364,2150
708658,4000,1755
708659,4125,1813
708662,4895,2359
708663,10094,1000
708667,3395,1542
708673,5500,2047
708674,4000,1850
708960,6000,1168
708963,3995,1583
708964,3329,1400
708966,5508,2224
708967,10683,559
708968,4400,1803
708969,3600,1804
708970,4680,2000
708971,3504,1584
708972,4000,1523
708973,2173,924
708974,5200,1974
708975,4000,1820
708976,4000,1922
708978,12960,235
708979,3889,1795
721043,3233,1536
721052,3247,1455
721107,3004,1395
721201,3500,1543
721204,4250,2004
721270,3500,1465
721292,3559,1620
721386,4000,1465
721507,3053,1252
721540,4128,1936
721547,5361,2112
721814,3500,1550
721839,2350,1145
721905,3500,1465
723083,3500,1464
723535,3217,1527
723958,9585,1087
723989,3265,1524
725195,3819,1790
728110,3900,1635
701004,4000,2280
701008,6700,2560
701023,4500,2216
701025,3557,1875
701041,5824,2530
701042,5967,1944
701044,3200,1539
701051,5936,2044
701054,4000,1960
701061,4000,1883
701066,4000,2076
701067,6050,2037
701069,4000,2061
701072,2212,1265
701073,4500,2389
701074,5000,2166
701075,5000,2113
701079,5000,2435
701084,8053,2484
701089,3754,1402
701092,5000,1968
701102,5000,2388
701103,8369,2827
701106,6090,2534
701108,7460,1389
701117,4175,1735
701121,2248,2237
701126,5000,2344
701130,5000,2403
701132,4300,2196
701143,8000,1895
701148,3140,1636
701150,4468,1831
701161,4775,2133
701165,5000,1984
701166,4526,2154
701168,3600,1998
701170,6000,2803
701173,11200,1904
701174,4640,1886
701177,4200,2189
701178,4200,2025
701181,4340,1527
701182,4000,2347
701183,4300,2212
701190,5210,650
701216,4200,2220
701226,7000,2412
701230,3000,1409
701234,4270,2203
701240,4000,2157
701252,6000,2767
701254,6154,1819
701256,4400,2126
701267,4000,2110
701268,5000,2312
701271,4548,2254
701272,4000,2002
701273,4814,2135
701278,6230,2923
701294,7800,1939
701296,5000,2403
701314,4000,2087
701328,4000,1814
701355,4150,1787
701380,3900,1938
701387,4144,1934
701404,5301,855
701427,3700,1619
701441,3750,1667
701443,3802,1681
701444,3500,1841
701446,3000,1572
701449,3200,1793
701451,3300,1604
701458,4056,1829
701461,3000,1599
701462,3360,1503
701468,5176,
701469,3000,1793
701485,3716,2578
701498,5250,2156
701565,4836,2451
701566,4407,1903
701569,7000,1801
701627,4000,2343
701628,2817,1247
701637,4212,1968
701639,4000,2171
701678,4535,2461
701679,9994,1294
701698,3360,1244
701759,5050,2506
701786,4800,2133
701794,4000,1842
701806,7000,3104
701818,4179,1686
701819,4600,1775
701829,4500,1712
701837,7200,1789
701838,2473,980
701848,2920,1294
701850,4200,1897
701851,6900,1923
701852,4348,1798
701854,2400,1336
701855,4000,1875
701857,3349,1559
701858,4080,1695
701859,3700,1680
701860,3176,1479
701861,3528,1504
701862,2515,1031
701864,5400,2022
701865,2942,1146
701866,2516,1371
701867,5160,1808
701868,6000,1878
701870,2960,1395
701871,3349,1468
701872,4290,1782
701874,5720,2279
701875,3600,1269
701876,3650,1754
701879,4520,2189
701880,6000,2234
701881,5375,2222
701882,4500,1618
701883,3180,1464
701884,3500,1515
701885,3000,1473
701886,4116,1720
701887,3030,1363
701888,3284,1876
701907,3736,1731
701911,7600,2915
701927,8000,3722
701931,3040,1572
701935,3240,1364
701943,2000,1095
701945,2850,1395
701946,3100,1300
701947,3850,1466
701950,3000,1366
701953,6000,2588
701960,4800,1785
701965,3400,1589
701966,4364,1642
701969,3600,1483
701975,3621,2033
701978,4500,1995
701980,3500,1583
701989,3584,1413
702005,4800,1921
702808,3560,1584
702819,4080,3349
702820,4360,1602
702821,4002,1570
702822,12858,642
702823,4652,1592
702827,3552,1607
702829,4000,1718
703302,4224,1658
703303,3400,1979
703304,3400,1585
703306,4000,1852
703307,4800,1653
703308,5000,1847
703310,4200,1374
703311,4760,1391
703314,12610,4111
703316,10000,1345
703318,4000,1645
703320,14000,1441
703322,11500,1792
703323,4000,1643
703324,3600,1489
703325,2220,725
703327,5002,1717
703332,4266,1927
703333,2700,942
703334,3955,1696
703335,4800,1560
703337,4648,1720
703338,6100,1842
703339,3960,1548
703342,4000,1828
703344,4555,1591
703345,5820,1603
703347,2552,1207
703348,18795,2422
703351,5200,1667
703353,4565,1575
703354,5848,1814
703356,6000,1449
703357,3800,1574
703358,2443,885
703359,3600,1509
703360,10775,2105
703361,4800,2149
703362,2135,1051
703364,2800,1240
703366,5250,1455
703367,4700,1678
703368,4353,1785
703373,2600,1293
703374,10900,2185
703375,15163,2668
703376,7370,1522
703377,3420,1628
703378,4600,1606
703379,4200,1381
703381,3000,1285
703382,3000,1545
703383,2400,1229
703384,13193,2146
703385,5010,1794
703389,4265,1372
703390,5000,1698
703391,3200,1691
703393,5000,1706
703394,2875,1156
703422,3600,1833
703446,2962,1540
703447,7956,801
703448,2525,1206
703450,4821,2002
703454,3088,1586
703455,4000,1591
703456,18072,2094
703458,3200,1378
703459,3500,1516
703461,3604,1518
703462,4000,1550
703463,2432,1214
703464,4200,1516
703465,3046,1442
703466,3000,1466
703467,3267,1544
703468,5400,1864
703478,2435,1154
703480,3117,1543
703491,4200,1615
703580,6000,280
703600,5000,2232
703601,4727,1900
703602,6000,1856
703604,4200,2224
703605,3350,1914
703607,3081,1229
703608,3421,1343
703609,2710,1464
703611,11250,1379
703613,3030,1042
703614,3024,1436
703617,4813,2337
703623,4735,1433
703627,2900,1014
703628,14001,2524
703629,5000,2038
703630,5099,1544
703635,6000,2056
703646,5700,1968
703649,3644,1732
703690,4300,1768
703692,2500,1344
703695,3239,1536
703696,3200,1495
703697,3006,1416
703699,6680,848
703700,4800,2771
703723,5252,1743
703724,5000,880
703725,8400,1660
703726,7000,1242
703729,2550,963
703730,3200,1961
703732,2500,1303
703733,4116,2064
703734,3500,1572
703735,4600,464
703736,3912,1398
703738,3000,1600
703739,3140,1735
703741,4040,1942
703743,6373,1475
703744,2943,1743
703745,3000,1608
703746,3000,1621
703747,3304,1646
703748,3710,1503
703749,3000,1592
703750,3358,1733
703751,4000,1657
703755,4860,1908
703757,4200,2024
703758,3360,1357
703759,3000,1852
703760,4165,1641
703763,2688,2033
703765,4000,1593
703766,5600,2904
703767,4920,1772
703768,2800,1821
703769,3783,1840
703773,5650,1702
703776,3730,2129
703777,2565,1576
703778,3500,2335
703784,3620,1808
703787,3000,1341
703788,2160,1351
703789,4000,1681
703790,3750,1266
703791,4800,1962
703795,3600,1939
703796,3500,1522
703797,3683,1831
703801,11063,2236
703805,3000,1310
703806,4086,1888
703808,3850,1509
703809,4375,1608
703812,17500,1858
703814,3000,1201
703819,5732,2657
703820,3600,1561
703821,3000,1521
703823,4000,1657
703824,4625,1867
703838,2800,1379
703842,5177,1891
703850,11314,1707
703863,2650,1366
703865,3342,1907
703931,2500,891
703946,10625,590
703981,3665,1692
703982,3347,1507
703983,2158,1273
703984,3035,1385
703990,4000,1516
703992,4080,1526
703993,2582,1119
703994,3500,1473
703995,3074,1310
703996,3500,1633
704307,16977,1104
704308,10000,716
704313,18963,3751
704315,4750,201
704316,9933,924
704335,14174,637
704342,10020,846
704351,13662,1252
704359,13824,1671
704375,8000,733
704376,20964,799
704379,14453,2816
704393,18652,1246
704398,11000,736
705000,30078,1561
705002,5000,2404
705003,3750,1650
705004,5000,1570
705005,3000,1368
705006,6400,1730
705007,5653,2603
705008,5250,2271
705009,7122,2671
705010,6940,1167
705011,5000,2213
705012,4510,2525
705013,6000,2558
705014,3196,1870
705015,5400,2031
705017,4557,2437
705019,4200,2323
705020,7200,2409
705021,4800,2215
705023,6000,2477
705025,5500,2914
705026,4000,1506
705027,4000,1083
705028,5000,2122
705029,5602,2262
705030,4062,2154
705031,3611,1963
705032,3500,1792
705034,5952,2257
705035,4640,2044
705036,5000,2213
705037,5584,2961
705038,5000,2654
705039,6128,2369
705040,5000,2160
705043,4800,2256
705045,3860,2402
705046,6259,2521
705047,4500,2015
705048,6000,3382
705049,3960,2102
705051,2204,1268
705052,4200,2191
705054,4320,2462
705058,3800,1899
705059,4689,1543
705060,4850,2072
705061,4753,2634
705062,5000,2579
705063,4000,2125
705064,7392,2293
705066,4000,1948
705067,6400,1812
705068,5000,2122
705069,3828,1776
705070,6000,2785
705071,5273,2183
705072,5000,2743
705074,4680,2202
705075,5600,2514
705076,3920,1616
705077,5000,2817
705078,5000,2338
705079,3375,1519
705080,5166,2568
705081,10500,766
705083,3250,1563
705086,5000,2348
705087,4975,2271
705088,4000,1903
705089,6000,1846
705090,4417,2077
705092,4785,2034
705093,6480,2288
705094,3700,2041
705097,3671,1602
705098,5036,2315
705099,4000,1983
705101,7510,1656
705102,5600,2017
705104,4558,2448
705105,5000,2702
705106,3325,1515
705107,6000,2185
705110,3796,1714
705111,6500,2651
705112,4000,1900
705114,8265,2506
705118,4193,2052
705119,4165,2188
705120,4800,2054
705121,4800,2106
705122,4000,1915
705123,6000,1395
705125,4732,1987
705126,4640,2058
705127,9600,3240
705129,4000,1755
705130,3693,1667
705133,7430,2952
705134,5000,2129
705136,4560,1479
705137,4225,2677
705138,4000,1773
705139,2580,1319
705141,4800,1568
705142,6000,1029
705143,3725,1712
705145,4928,2653
705146,4620,2165
705147,5000,1985
705148,5200,2016
705149,5295,2081
705150,6000,2520
705151,5000,2166
705153,5242,2123
705154,3600,1989
705156,4000,1662
705157,4536,1878
705158,3742,2445
705159,6000,2049
705161,4400,2167
705162,5000,2090
705163,5000,2244
705165,3688,1908
705167,3440,2146
705169,5542,3007
705170,5460,2411
705171,5255,2531
705172,4005,2214
705175,6000,2043
705176,4200,2589
705177,3600,1556
705178,3200,1436
705180,4900,2012
705181,3969,2362
705182,3600,2161
705183,5300,740
705184,3000,1746
705185,3134,1809
705186,4000,1879
705187,4800,2252
705188,4100,1892
705190,6250,2054
705191,6900,717
705192,4970,2120
705194,3800,2336
705197,4053,2115
705198,4500,2074
705199,5000,2012
705202,4440,2583
705203,4320,2486
705204,4600,2069
705206,5000,2229
705207,3696,2613
705208,6368,1858
705209,6000,1686
705212,5800,727
705216,4800,2079
705217,4500,2119
705218,4260,1817
705219,3400,1785
705220,3000,1564
705222,9490,2290
705223,4300,1424
705225,5140,2032
705226,4000,2378
705227,3000,1539
705228,4750,2214
705230,6576,1043
705231,4140,2236
705233,4400,2042
705234,5450,2920
705235,7100,2726
705236,8048,3712
705237,4000,2375
705238,4963,3029
705239,5400,132
705240,4508,2118
705241,10300,2523
705242,14994,904
705245,3694,2208
705247,10600,2315
705248,8100,390
705249,4000,1935
705250,7600,2657
705251,7000,1956
705252,7800,2380
705253,5000,2612
705254,4679,1642
705255,8500,1358
705256,2000,1003
705257,4700,2422
705258,3800,1467
705259,6600,2691
705260,6000,2814
705261,13346,744
705262,29500,0
705264,10800,0
705265,4938,2234
705266,3500,1798
705268,5000,0
705269,9040,412
705270,6000,714
705271,3520,1392
705273,4000,2022
705274,4900,2060
705275,6000,2547
705276,6000,2259
705277,11000,216
705278,4550,2291
705279,4000,2003
705280,3700,1815
705282,4300,2250
705283,5000,240
705284,7000,1000
705285,5040,2328
705287,4324,1866
705288,4225,2244
705289,6480,2336
705290,4416,2078
705292,4000,1725
705293,4904,2661
705294,4150,2159
705295,4061,2053
705296,2800,1432
705297,11180,600
705298,4500,2216
705299,12693,1892
705300,34871,1200
705304,6606,2984
705306,7900,2907
705307,3800,2355
705308,4800,2178
705309,4000,1893
705310,4622,2022
705311,4031,1619
705312,4347,2194
705313,5000,2360
705314,5082,828
705316,4500,2240
705317,8865,1317
705318,5000,2339
705319,4429,1716
705320,4800,2129
705321,2750,1233
705322,5000,2238
705323,3938,1955
705324,4600,1911
705325,10000,522
705326,10199,575
705327,8179,200
705328,4400,1785
705329,3960,1782
705330,2868,1481
705331,6000,2230
705332,4800,1954
705333,4250,1911
705334,5975,2506
705335,3500,1538
705337,5322,1808
705338,6309,1509
705339,3200,1688
705340,3594,1606
705341,4972,1804
705342,6000,646
705344,3402,1504
705346,3109,1721
705347,3360,1694
705348,5500,2451
705349,4000,1813
705350,3924,2219
705351,3435,2096
705352,4050,2447
705353,3651,2167
705354,3749,2156
705355,4375,2236
705356,3496,1667
705357,3894,1837
705358,3843,2534
705359,3913,2368
705360,3761,2284
705361,3420,1994
705362,3755,2203
705363,3188,1662
705364,4000,2106
705365,4150,1686
705366,3610,1485
705367,2800,1355
705368,4445,1898
705369,3800,1766
705370,3100,1554
705371,4939,2099
705372,3003,1603
705373,5836,2168
705374,3975,1779
705375,5000,2569
705376,12800,1023
705377,3200,1440
705378,9800,2356
705379,3127,1520
705380,4500,2325
705381,4200,2110
705383,3900,2109
705384,3826,1438
705386,3300,1411
705388,7200,960
705389,3314,1647
705390,4708,1625
705391,4485,1960
705392,4855,1851
705393,3300,1504
705394,3832,1695
705395,3150,1530
705396,3700,1685
705397,3360,1823
705398,4098,2010
705399,4000,1839
705400,8000,648
705401,5304,2272
705402,8068,2688
705403,4000,1956
705404,5160,2102
705405,4140,1978
705406,5000,2015
705407,4025,1831
705408,7000,2658
705410,2984,1349
705411,3920,2341
705412,3200,2087
705413,8323,1207
705414,4770,2242
705416,4785,2329
705417,5016,2157
705418,4400,2199
705419,4334,2051
705420,3996,1614
705421,4000,2072
705422,9000,700
705423,3796,1818
705424,3200,1591
705425,3636,2245
705426,3600,1477
705427,3229,1594
705428,4100,1683
705429,5200,1720
705431,4700,1279
705432,4000,2079
705433,5200,2642
705434,4710,2749
705435,6492,2581
705436,3142,1664
705437,6000,3083
705438,3984,2010
705439,6000,2521
705440,5760,1792
705442,4800,1823
705443,4041,1994
705444,3301,2100
705445,4000,1973
705446,5292,2476
705448,2740,1059
705449,6000,2596
705450,4669,1885
705451,2425,1240
705452,3500,2072
705453,6506,2354
705454,2501,1521
705455,6500,2462
705456,3600,1406
705457,3487,1718
705459,2562,1365
705460,9100,3591
705461,3130,1727
705462,6700,2284
705463,6500,2102
705464,5199,2535
705465,4911,2509
705466,5000,2665
705467,5980,2565
705468,4000,2061
705469,3000,1496
705470,5000,2583
705471,4000,1769
705472,4390,1864
705473,4400,1738
705474,7600,2819
705475,9000,1000
705476,6382,2053
705477,4998,2523
705478,4500,2457
705479,3738,1725
705480,3360,1565
705481,6500,1948
705482,3200,1630
705483,5000,2157
705484,3750,1634
705485,5740,1838
705486,3828,1950
705487,4160,2177
705488,6000,2765
705489,3200,1518
705490,4000,1751
705491,2876,1467
705492,6000,2199
705493,4875,1762
705494,3600,2333
705495,8400,500
705497,3088,1443
705499,12500,2731
705511,4500,2070
705559,7000,2607
705573,5000,2380
705604,4992,2436
705606,4000,2167
705607,5500,2391
705608,7600,2183
705611,5100,2665
705612,3000,1219
705616,3565,1532
705630,5500,3117
705638,3200,1231
705641,4770,1974
705645,13200,2247
705648,3586,1507
705650,5198,2238
705653,5040,1740
705654,3900,1638
705655,4498,2109
705657,6480,2276
705661,4368,2377
705662,8436,2060
705663,5191,2601
705664,4500,2326
705667,7800,2900
705668,4000,1911
705670,4200,1928
705671,5839,2696
705672,4000,2136
705674,3681,1922
705675,3800,1343
705680,4692,2136
705681,3937,1810
705682,4400,2156
705684,4800,2798
705685,4000,2142
705696,4200,1936
705697,5600,2044
705699,4000,1957
705730,5760,2361
705731,7800,3187
705732,12000,3040
705735,3000,1475
705736,5214,2203
705737,4156,2375
705741,8000,2679
705742,4200,2236
705748,6000,1768
705750,4700,1506
705768,4146,2159
705779,13646,2607
705781,8000,1997
705788,5000,1790
705797,5060,2359
705799,4012,1677
705837,4315,2280
705851,4370,1925
705854,6450,1651
705856,4800,2333
705864,7200,1255
705865,5000,2463
705869,4000,1599
705871,6000,1524
705876,5500,2057
705878,4515,2208
705881,2950,1271
705888,6100,2484
705890,5000,1784
705891,4750,3006
705897,4800,2489
705907,5000,2316
705919,4037,2391
705922,3919,1629
705931,5000,2568
705938,5678,2350
705942,4087,1782
705944,3600,1180
705949,3699,2520
705950,4065,1536
705953,3200,1764
705954,2768,1399
705963,4500,2148
705967,5641,2804
705981,4852,2002
721086,2268,965
723155,2920,1350
723192,2715,1156
725018,3394,1451
725042,3152,1370
725056,3684,1750
725057,4000,1674
725189,3375,1600
725193,2845,1168
701816,4000,1728
701817,3575,1540
701824,3600,1355
701825,3600,1340
701826,4500,1660
701841,3101,1318
701842,4000,1593
701844,6324,1896
701845,4900,2101
701846,3020,1215
701847,4000,1661
701991,4000,1692
701993,4203,1657
701994,3965,1636
702000,4050,2343
702001,9055,2337
702002,5615,2233
702003,4739,2424
702004,7230,2393
702006,7203,2549
702007,5636,2588
702008,6000,2612
702009,5000,2249
702010,5000,2328
702011,5400,2598
702012,4000,1939
702015,4000,2301
702016,3788,2110
702017,4665,2702
702018,5600,2626
702019,6020,2614
702020,4400,2205
702021,2315,1171
702022,10000,2566
702023,6056,2223
702024,7125,2573
702025,4000,1963
702026,5200,2771
702027,5000,2530
702028,6000,2744
702029,4000,1855
702030,4264,2624
702031,7824,2882
702032,7000,1108
702033,5100,2715
702034,6562,2061
702035,5000,2030
702036,5134,1824
702037,5050,2183
702038,4630,2275
702040,5030,2523
702041,10445,2471
702042,16000,2806
702043,4654,1712
702044,5000,1982
702045,9470,2501
702046,6578,2396
702047,6000,2553
702048,4000,2086
702049,4757,1807
702051,4800,2160
702052,19535,3753
702053,4400,1799
702054,6000,2521
702055,5369,2252
702056,5000,2376
702057,5000,2508
702058,3600,1673
702059,5546,2467
702060,5000,2393
702062,3360,745
702063,5000,2248
702064,2250,916
702065,7500,2164
702066,6000,2505
702067,4786,2077
702071,5000,1921
702072,6250,2680
702073,3816,1825
702074,5700,1886
702075,5741,2265
702076,6500,2224
702077,4241,1861
702078,5684,2333
702079,4700,1758
702080,5360,2289
702081,5103,2542
702082,4800,2519
702083,5000,2279
702084,6624,2704
702085,11206,2325
702086,6000,2580
702087,6322,2233
702088,5000,2258
702089,4000,2236
702090,4800,2247
702091,5918,2800
702092,7000,2543
702093,5000,1985
702094,5091,2330
702095,5000,1799
702096,6973,2910
702098,6288,2529
702099,6000,2813
702101,4461,1593
702102,3200,1324
702104,5800,1976
702105,5800,2488
702106,5400,2027
702107,5304,2643
702108,5000,2026
702109,3264,1580
702111,5000,2142
702112,15000,
702113,5400,2260
702114,6011,2489
702115,5720,2819
702116,5000,1913
702117,5000,2640
702118,6000,2184
702119,5000,1771
702120,5000,2599
702121,7553,2642
702122,4950,2323
702123,6000,2376
702124,6312,2815
702125,5000,2287
702126,5000,2212
702127,5659,1292
702128,3570,1711
702131,6630,1994
702132,4000,1807
702133,5600,2648
702134,6000,2546
702135,3577,2135
702136,5950,2033
702137,10000,2637
702138,5500,2532
702139,3265,1564
702140,5749,2362
702141,5358,2637
702142,5292,2308
702143,6175,2699
702145,13000,2467
702146,5500,2579
702148,5000,2353
702150,22000,600
702151,6200,2254
702152,5000,2056
702153,8775,2716
702154,6233,2160
702156,5400,2461
702157,3014,1681
702158,4800,2053
702159,4800,2064
702160,5000,2116
702161,6436,1950
702162,6000,2114
702164,5000,2787
702165,4000,2705
702166,5000,1805
702167,14000,2593
702168,4264,2290
702169,2574,1824
702170,6078,2002
702171,3773,1896
702172,6752,2626
702173,3683,2476
702174,5618,2657
702175,6000,2870
702176,6495,2408
702177,5800,2584
702178,6250,2617
702180,5592,2329
702181,6723,2876
702182,5616,2414
702183,6130,2261
702184,5820,2217
702185,10319,3391
702186,4704,1914
702187,6500,2267
702188,5325,2321
702189,5519,2634
702190,6400,1480
702191,6000,2550
702192,5000,2604
702193,5016,2444
702194,5000,1672
702195,5000,1858
702196,6532,860
702197,5025,2178
702198,5000,3825
702199,5200,818
702200,8100,2720
702202,10640,
702203,5200,2527
702204,5000,1719
702205,5275,2964
702206,7020,2510
702207,5000,2569
702208,5000,2493
702209,4000,1975
702210,6218,2493
702212,3809,2482
702213,4675,2410
702214,7030,1507
702215,5000,2571
702216,8150,2517
702217,5400,2662
702218,5400,2218
702219,8011,2793
702220,6400,2220
702221,6741,1108
702222,4500,777
702224,6000,2668
702225,5000,1981
702227,8750,500
702228,6600,3048
702229,4772,2700
702230,7000,2112
702231,6000,2321
702232,15335,
702233,7255,
702234,5000,2028
702235,8000,
702237,7500,2566
702238,5000,1883
702240,5000,2055
702243,10434,1616
702244,7000,750
702245,5000,2679
702246,7500,820
702247,5440,600
702249,3725,601
702250,8000,2049
702251,14000,2050
702253,7500,250
702254,5580,2057
702255,4575,2174
702256,7830,2316
702257,6000,1673
702258,5000,2332
702259,4500,1992
702260,6920,282
702261,5000,390
702262,8000,2006
702263,15938,375
702264,5957,2691
702266,9000,665
702267,6610,2620
702268,5334,2208
702269,5000,300
702270,6532,176
702273,5000,168
702274,5000,1000
702275,8000,2150
702276,5000,1031
702277,6000,2641
702278,10000,1487
702279,8000,1395
702281,4000,2045
702282,9750,
702283,5000,2414
702284,5000,2308
702285,2270,1030
702286,5000,2306
702287,5000,2047
702288,5180,2164
702290,5000,2133
702291,5000,2348
702292,5000,2059
702293,10000,2508
702294,6000,1943
702295,6000,1548
702296,6000,430
702298,5000,2164
702299,5500,2250
702301,6500,2412
702305,6000,2567
702306,12250,1577
702308,5800,3028
702309,7302,1619
702311,9000,1942
702312,6741,440
702313,3824,1856
702314,5000,1831
702315,6479,2221
702316,8350,2344
702317,5200,1578
702318,9323,2377
702319,4500,2085
702320,6000,2508
702321,8428,2635
702323,9635,2700
702324,9391,2113
702326,3456,1975
702327,4970,694
702328,5803,2357
702329,6300,2543
702330,21000,2424
702331,6000,2469
702332,7000,2184
702333,5000,2566
702334,6000,2618
702335,7000,1060
702336,5700,2599
702337,4696,2310
702338,10000,2143
702339,6000,2873
702340,6364,2317
702341,7350,3352
702342,5000,2372
702343,5000,2402
702344,5000,2118
702345,7713,2753
702347,12500,1250
702348,4000,818
702349,12600,1667
702350,5000,2422
702351,5880,2259
702352,8164,2017
702353,6000,2598
702354,10400,2594
702357,10000,1100
702358,7200,2678
702359,9936,1757
702360,4556,2255
702362,6743,2294
702363,5400,2488
702364,6168,2430
702365,7200,2648
702366,12000,1639
702367,5347,2568
702368,7124,2612
702369,6000,2903
702370,6400,1630
702371,6000,2404
702372,5100,2554
702373,5000,2290
702374,7120,1869
702375,17628,800
702376,5000,2284
702377,6000,2032
702378,5040,2351
702379,9750,3568
702380,11250,
702381,7225,2926
702382,5000,2352
702383,8100,1764
702384,7014,2187
702385,5250,1568
702387,5000,2097
702389,6000,2679
702390,5000,2563
702391,11986,1443
702392,9000,2722
702393,8834,2528
702394,5000,2241
702395,4000,2078
702396,6000,1915
702397,5200,1803
702398,6180,2521
702399,5000,2585
702401,5000,2598
702402,5000,2354
702403,5200,1746
702404,5000,2360
702405,12000,
702406,5400,2230
702407,11104,2071
702408,4072,1978
702409,6000,2627
702410,5000,1568
702411,8207,
702412,3615,2441
702413,5000,2244
702414,4520,2255
702415,5000,2561
702416,10000,1631
702417,9370,516
702418,24000,1246
702419,6000,2566
702420,4800,2348
702421,7000,1549
702422,5000,1982
702423,5940,440
702424,5000,2010
702425,5000,2265
702426,7882,714
702427,6000,2200
702428,3600,1935
702429,6000,2381
702430,5100,1450
702431,5897,1436
702432,8650,2494
702433,5000,2287
702434,5201,2448
702435,5000,345
702436,4800,2173
702437,6900,2452
702438,7000,1960
702439,5850,1859
702440,5000,2149
702441,5200,
702442,3820,1712
702443,5000,2384
702444,8000,1786
702445,6197,701
702446,8500,2918
702447,6000,2140
702448,6455,2070
702449,5000,1625
702450,6000,2354
702451,4236,1690
702452,5000,1245
702453,6000,1887
702456,8790,
702457,5000,2158
702458,5100,2146
702459,6750,
702460,5000,2342
702461,4997,2220
702462,6500,1640
702463,4000,1660
702464,5095,1642
702465,3417,1633
702466,4795,2260
702467,6000,2041
702471,4000,1586
702472,5000,2532
702473,5800,2604
702474,8500,2191
702475,4536,1642
702477,6000,1761
702478,6000,2108
702479,4800,2384
702481,4275,2233
702483,5000,2422
702489,5000,2257
702490,3740,1891
702491,6000,1783
702492,5000,1799
702493,4800,2421
702494,14000,1303
702495,6000,
702496,8000,1761
702497,7200,1744
702498,3600,1569
702499,4800,1678
702500,3242,1504
702501,5000,2147
702502,4750,2147
702503,5000,2402
702504,4500,2056
702505,4000,2155
702506,4080,2209
702507,8000,2886
702508,7200,3184
702509,5000,2547
702510,5000,1968
702511,7869,1290
702514,4500,2117
702517,5000,2575
702518,5000,2192
702519,5692,3191
702520,5040,2497
702521,10250,1956
702522,6000,1951
702523,5000,1560
702524,7200,2464
702525,5400,1946
702527,1920,766
702528,4200,2012
702529,6000,2564
702530,7920,2577
702531,8450,2578
702532,3682,2251
702533,4715,1851
702534,5680,1637
702535,5000,1724
702536,6000,2540
702537,14000,2727
702538,5000,2781
702539,5000,2433
702540,10000,1032
702541,4682,2311
702542,4920,1968
702543,6000,2119
702544,5000,2534
702546,5500,2624
702547,21000,842
702548,6000,1675
702549,3364,1420
702550,4000,1965
702551,5000,1884
702552,5000,
702553,5000,2310
702554,5200,1673
702555,6000,2240
702556,5000,2202
702557,6000,1688
702558,4995,2507
702559,4800,2393
702560,5000,2181
702561,6000,2011
702562,5000,2209
702563,4600,2329
702564,6120,2325
702565,3500,2076
702566,9000,3892
702567,4709,2431
702569,5500,2407
702570,5120,2383
702571,4800,2283
702572,5928,1750
702573,6280,2498
702574,8470,1639
702575,6600,2371
702576,5000,2505
702577,2481,1438
702578,5000,2189
702579,5000,2148
702580,6000,2250
702581,5000,2086
702582,7000,2406
702583,6000,2776
702584,6000,1983
702585,5040,2695
702586,6000,1867
702587,8160,3512
702589,6000,2441
702590,7000,2616
702591,5250,1962
702592,5032,1813
702593,6000,2670
702594,5789,2628
702595,5028,1702
702596,8028,2728
702597,8800,3388
702598,5500,2396
702599,5000,2304
702600,3900,1624
702601,2854,1791
702602,2500,1219
702603,4000,1821
702604,3500,1743
702605,4100,2195
702606,3724,2274
702607,5000,360
702608,3272,1052
702609,5000,1910
702610,6500,2291
702611,1742,1112
702612,2193,1065
702613,4075,1828
702614,4000,1598
702615,3851,1339
702616,4888,1633
702617,4000,1925
702618,3750,1781
702619,3000,1492
702620,4480,2084
702621,4000,1681
702622,2439,1266
702623,4800,2122
702624,6000,2578
702625,7700,3006
702626,5845,2155
702627,4000,1204
702628,6000,2163
702629,6000,2303
702630,5000,2024
702631,6000,2205
702632,6400,2296
702633,5000,2481
702634,5990,2902
702635,5000,2346
702636,4960,2556
702637,50000,1650
702638,5000,2141
702639,5000,2113
702640,4800,2315
702641,5000,2325
702642,4407,2587
702643,5947,2631
702644,3500,1984
702645,5000,2201
702646,5100,2287
702647,5200,2227
702648,7350,2362
702649,4500,2027
702650,7680,2298
702651,5000,2491
702652,4760,2169
702653,5000,459
702654,4800,2167
702655,5720,2056
702656,6000,2299
702657,5000,2040
702658,4800,2330
702662,3000,1348
702664,6240,2297
702665,2400,1056
702668,4565,2260
702670,4000,1743
702673,3657,1200
702674,3800,1282
702677,8650,2354
702678,2700,1478
702681,2480,1021
702682,2500,1303
702684,5000,2085
702685,3800,2259
702686,6000,1960
702687,3182,2173
702688,3500,1922
702689,6000,2317
702690,5700,1863
702691,10333,2656
702692,5040,2203
702693,3869,1796
702694,6000,2687
702695,5070,2630
702696,4016,2062
702697,4000,1785
702698,4800,2219
702699,2303,1340
702700,5000,2169
702703,4500,1517
702704,5950,2297
702705,3500,1087
702706,3832,2281
702711,4131,1605
702712,4267,1792
702719,6000,2209
702722,6000,1766
702725,4658,1740
702726,5600,2344
702728,6000,1727
702729,4800,2309
702730,5000,2111
702731,3500,1723
702733,2500,1174
702734,9312,1640
702735,7665,481
702736,5000,1998
702737,5145,2469
702738,5600,1911
702739,5084,2269
702740,4770,2124
702741,5000,2319
702742,4800,1860
702743,3867,2083
702744,4522,1812
702745,4980,2263
702746,4500,2032
702747,4000,2082
702748,3136,2204
702749,3760,1873
702750,5200,2052
702765,6000,2625
702766,3500,1834
702767,4160,2012
702769,4300,1765
702770,3690,2022
702771,10000,1003
702772,5000,2445
702773,6000,2296
702778,4900,2384
702779,5000,2239
702782,3895,1642
702783,3825,2038
702784,4111,1679
702785,7200,2651
702786,4000,1497
702787,10000,2849
702788,8030,300
702789,5000,2309
702790,4919,1907
702791,4492,1417
702792,3756,1227
702793,4000,1559
702794,6000,2883
702795,4916,1782
702796,2836,1332
702797,3840,1990
702798,3310,2012
702800,3300,1565
702801,4000,1737
702802,3000,1743
702803,4239,1747
702804,3500,1657
702805,4160,1931
702806,4000,1764
702807,4050,1668
702809,5200,2154
702810,5140,2125
702811,2517,1190
702812,4670,2242
702813,4000,1699
702814,4000,1454
702815,4000,1728
702816,5258,2371
702818,4000,1957
702824,3552,995
702825,5600,1560
702826,3853,1545
702828,5000,2230
702830,4000,1720
702831,3500,1687
702832,4808,1972
702833,4000,1614
702834,3500,1283
702835,4900,1974
702836,4250,1532
702837,3000,1392
702838,1120,1131
702839,3050,1523
702840,3000,1463
702842,6000,1260
702843,1300,808
702844,3115,1537
702845,12500,1747
702846,1275,770
702847,2400,1571
702848,2691,744
702849,3200,949
702850,3000,1492
702851,1702,1005
702852,2485,1197
702853,2144,1135
702854,2500,1162
702855,2850,993
702856,2000,691
702857,2100,1282
702858,2491,1445
702859,4750,937
702861,3033,911
702862,3160,1434
702863,3350,767
702864,3100,1056
702865,1620,781
702866,2500,1503
702868,3000,71
702869,1700,648
702870,5100,1425
702871,2500,1129
702872,3750,1168
702873,2301,949
702875,3600,1446
702876,2500,1198
702877,3777,2095
702878,2500,929
702879,6691,628
702880,2880,1079
702881,7500,850
702882,2465,1470
702883,2560,1601
702884,2500,2304
702885,2500,1336
702886,6661,1762
702887,3276,1301
702888,3934,1078
702889,1800,1176
702890,1200,1035
702891,750,652
702893,1966,940
702894,3144,1662
702895,3800,1268
702896,3000,1337
702897,3000,1373
702898,3000,1576
702900,2940,1722
702901,4972,2102
702902,4195,2223
702903,7965,2576
702904,4030,2314
702905,4750,1834
702906,1840,1299
702907,5500,2375
702908,5000,2379
702909,3400,2052
702910,4960,1846
702911,5000,2374
702912,4364,2212
702913,5000,2260
702914,4000,2035
702915,4500,1996
702916,5000,1971
702917,4000,1691
702918,4583,2716
702919,3600,1854
702920,2000,738
702921,5026,2279
702922,3448,1752
702923,4000,1880
702924,3000,1489
702925,4200,1986
702926,6780,700
702927,2789,1777
702928,5000,2306
702929,3240,1714
702930,3500,1556
702931,5000,1860
702932,4274,1729
702933,5000,2509
702934,3655,1937
702935,3534,1870
702936,4000,1915
702937,2800,1290
702938,14000,1567
702939,1740,1003
702940,4000,1952
702941,4000,1799
702942,5017,1614
702943,4000,2009
702945,4348,2015
702946,5698,2684
702947,4994,1825
702948,3681,2101
702949,5343,2115
702950,4000,1706
702951,5044,2187
702952,3200,1014
702953,3500,1723
702954,4760,2314
702955,1807,1120
702956,8405,3979
702957,4550,2102
702958,3200,1693
702959,3500,2076
702960,15209,2538
702961,9800,1336
702962,6008,2623
702963,4500,1430
702964,5000,1845
702965,9280,1860
702966,4700,1163
702968,5400,1388
702969,13000,1241
702970,6865,1315
702971,5000,2064
702972,5000,2338
702973,8260,2626
702974,4725,1112
702976,3850,1159
702978,5000,1813
702979,5000,2517
702980,10000,1034
702981,3500,887
702982,3644,1945
702983,5200,1453
702984,5000,1930
702985,5000,1308
702986,5228,1968
702987,5000,2169
702988,3200,1562
702989,4200,1096
702990,5000,1278
702991,4000,997
702992,5400,1061
702993,11900,4596
702994,4000,1953
702995,4847,2623
702997,8000,2111
702999,4445,2115
703283,5073,2750
703300,5000,2023
703326,7585,1839
703328,5668,2562
703331,3800,1905
703336,5000,2284
703343,5000,2341
703370,4049,1986
703371,6000,2635
703387,7510,1920
703426,6000,2846
703603,3600,1872
703615,7993,1450
703616,7740,2149
703619,4348,2101
703621,4800,2259
703633,6270,1826
703634,10980,1234
703636,6182,842
703637,3500,1656
703638,7101,2118
703639,3200,1856
703640,12000,2083
703641,3698,1871
703642,5000,2707
703643,4800,1915
703648,3000,1728
703650,5000,1122
703660,5000,2037
703667,7200,2463
703670,4000,2099
703672,12187,1377
703673,5000,2469
703675,3520,2026
703676,3000,1779
703679,5000,2405
703682,5162,2106
703688,3200,1488
703689,8000,1886
703722,4740,2210
703772,4771,2090
703813,4600,1615
703852,3200,1611
703870,5135,1409
703871,3426,1986
703888,11200,2337
703893,3400,1187
703895,21930,5649
704301,12000,1000
704304,12000,1072
704305,5764,1013
704309,11263,1670
704319,9200,811
704325,12107,1025
704328,12325,649
704345,12530,1664
704346,9186,775
704367,25035,1478
704368,10000,1062
704385,15000,877
705224,5250,2413
705286,3885,1625
705315,6500,200
705382,5025,2200
705415,6000,2077
707003,5368,1873
707006,5186,1889
707010,6000,2926
707013,5000,2212
707017,6255,2180
707019,4000,2094
707026,6859,2766
707028,5786,2311
707036,5684,2659
707037,5000,2106
707038,3000,1065
707051,2875,1022
707052,5600,2262
707056,6000,2977
707065,8941,2805
707069,5175,2122
707072,6340,1810
707075,5000,1908
707082,5487,1734
707088,6000,1932
707091,6036,2483
707092,2910,1688
707093,5000,2545
707095,6000,2477
707096,5020,2400
707097,6000,2721
707106,4980,2756
707108,7004,2037
707111,7691,3871
707116,5964,2472
707127,8278,1933
707129,7758,3138
707132,4599,2550
707140,3808,1685
707149,5000,2236
707153,7800,3296
707158,6127,2574
707165,16800,2159
707168,4800,2181
707169,9448,3058
707171,6000,2579
707188,4250,2218
707196,5600,2626
707199,6000,2235
707200,6000,1762
707203,7000,2345
707205,5890,2366
707222,3015,1817
707225,5000,2305
707229,6000,2122
707251,12000,3306
707253,10398,3217
707256,3000,1593
707259,8000,2849
707273,5000,2512
707274,6760,2046
707283,14850,2488
707284,5520,2035
707288,5000,1683
707292,4375,1692
707297,6000,1946
707303,6670,705
707304,4480,1816
707307,9000,1200
707308,10000,2897
707312,30000,1865
707315,7854,2107
707321,4200,2143
707332,5945,2814
707335,7380,2226
707341,8136,2562
707342,6000,2333
707351,6000,2575
707357,6140,2329
707361,6800,2167
707367,7950,3056
707368,5000,2209
707369,6750,1721
707375,7132,1444
707376,6000,2475
707382,6150,1915
707383,7500,2584
707384,4275,1995
707390,5000,2066
707391,10020,3159
707394,11932,3160
707395,12000,5395
707398,5000,2206
707399,3555,1163
707412,7850,2831
707414,7000,2276
707420,10000,3234
707423,5000,2215
707425,5875,2300
707426,5000,2067
707434,6000,2672
707437,5780,1947
707445,7500,2548
707446,9980,1982
707453,5400,2030
707455,5000,
707467,5100,2106
707473,5750,2410
707483,10096,1203
707488,7150,360
707493,4900,2177
707499,5004,1884
707514,4500,1968
707515,5000,2556
707532,6300,2353
707539,5000,2433
707551,5040,2133
707556,5000,2137
707557,4800,2051
707559,5000,2292
707561,5000,2296
707572,3740,1884
707574,3750,1727
707580,3979,1777
707589,6000,2212
707590,6885,1922
707592,7000,1898
707594,6720,505
707675,2920,1410
707680,6000,2006
707681,11664,4242
707729,5080,1664
707736,6000,1849
707763,5000,2254
707901,3250,1864
707912,6500,2374
707927,5136,2181
707974,2000,988
707989,4500,1850
707990,8020,3786
708561,5000,2246
708563,4500,1701
708565,3300,1646
708569,5040,1842
708576,7200,408
708949,3750,1456
722013,5000,1879
722039,4000,1560
722061,5021,1704
722097,3775,1732
722129,5856,1955
722155,4000,1592
722304,4000,1722
722307,7500,1004
722732,2540,1031
722944,8064,1345
723002,4550,1455
723084,4700,1559
723091,7360,
723098,2400,921
723198,3178,1203
723844,9920,1182
724333,10000,1535
724369,12000,1745
725085,4000,1465
725091,3084,1405
725140,4632,1747
725214,3772,1487
725215,3277,1663
725409,4000,1490
725614,3689,1446
725626,3771,1990
701419,10440,419
701508,6000,1591
701509,4000,1682
701510,8000,2745
701511,3190,1811
701512,10000,2214
701513,24239,1949
701514,21200,1722
701515,8000,1699
701516,4230,1662
701517,5040,1808
701519,5408,1647
701520,5000,1489
701521,5000,1574
701522,5980,1649
701523,5035,1398
701524,5408,1660
701525,6032,1471
701529,4680,1416
701530,5980,1528
701531,5000,1716
701533,5062,1221
701534,4491,1562
701535,6386,1794
701536,10080,1521
701537,5300,1455
701539,4123,1474
701541,12850,1750
701542,4033,1554
701543,7200,1828
701544,4853,1471
701545,5064,1879
701546,12320,1335
701548,4636,1753
701549,3542,1851
701550,5600,1978
701551,5053,2243
701552,4000,1444
701553,5837,1729
701554,4982,1699
701555,4800,1636
701556,5740,1635
701557,41394,898
701559,4000,1797
701560,3000,1233
701561,5886,2609
701564,21600,2454
701567,6000,2190
701570,2987,1128
701571,5000,1783
701572,5000,1348
701573,3672,1383
701574,5527,1411
701576,7200,2087
701577,5181,1359
701578,5000,1636
701579,3757,1382
701580,4923,1713
701581,10708,1530
701582,5407,1625
701583,14557,1857
701586,4952,2106
701587,7756,1903
701588,4800,2114
701589,3900,1497
701590,5444,1704
701591,6000,1425
701592,3686,1639
701593,6000,1400
701594,7034,1895
701595,17500,1999
701596,3724,1232
701597,4500,2104
701598,3106,1032
701600,15094,1572
701602,3160,1303
701604,4700,1632
701605,3264,1199
701606,2450,1186
701607,5346,1515
701608,7192,1118
701609,4130,1696
701610,5172,1791
701612,2985,1564
701614,3500,1555
701615,3200,1376
701616,4000,1304
701617,2747,1294
701619,4486,2128
701622,4004,1476
701623,4000,1648
701624,4200,1744
701625,4500,1629
701626,10000,3795
701629,7000,1893
701632,4000,1702
701633,4500,1361
701634,5087,1782
701635,2400,824
701636,3965,1906
701638,6600,2753
701640,8671,1423
701641,15000,3059
701642,3673,1254
701644,5572,726
701645,6925,796
701646,6748,1614
701647,5000,2154
701648,6317,901
701649,4999,2087
701651,6000,2059
701652,6360,2187
701653,3750,1237
701654,5120,1465
701655,7920,973
701656,12183,1187
701657,4750,1327
701661,4880,2637
701662,6000,1616
701663,5000,2335
701664,4500,1803
701665,15288,2437
701667,7800,2764
701668,7000,2840
701669,5250,1768
701670,4650,2108
701671,6000,1424
701672,5073,2203
701673,4770,2274
701674,3820,1508
701675,5520,2442
701676,5878,1744
701677,5316,1520
701680,12200,1628
701681,5500,2080
701682,5000,1370
701684,4800,1620
701685,4900,1683
701686,14375,1924
701689,5103,1678
701690,5000,1972
701691,10193,1914
701692,4388,1422
701693,4241,912
701694,5180,1425
701696,5759,886
701697,5605,2407
701699,5074,1494
701700,4650,1468
701701,5100,1460
701702,5525,1295
701723,7500,1628
701732,3652,935
701830,4800,1775
701831,4098,1594
701832,4000,1427
701840,3826,1474
703000,4040,1351
703012,6600,3092
703048,4983,1548
703076,5224,2238
703106,5315,1858
703148,5000,2019
703149,6000,1488
703150,5040,1869
703154,5200,2866
703156,4960,1123
703166,5040,1853
703167,8362,2288
703168,8010,2583
703177,6480,2362
703202,17550,2611
703220,5000,1984
703231,5000,1954
703245,8050,2647
703264,3500,1541
703281,6500,
703286,5000,1582
703413,5000,2069
703483,4587,1548
703484,4500,1515
703485,4000,1489
703487,3840,1457
703488,4500,1723
703489,4822,2173
703490,11571,898
703492,12470,
703498,4788,2252
703499,5000,1485
703571,4760,2090
703572,5900,1554
703573,4000,1414
703574,4905,1751
703586,4000,1612
703587,4000,1711
703588,4072,1948
703589,4000,1484
703807,11100,2743
703825,6000,1719
703979,4106,1712
703980,15581,1282
704300,14400,933
704327,18600,1316
704329,10560,1463
704330,13200,1260
704332,19855,1255
704344,11495,1033
704348,21000,1199
704352,8500,1072
704360,7300,1580
704361,23613,1211
704362,3995,2122
704374,34000,2497
704377,22500,1811
704378,19758,2443
704381,26600,598
704382,8610,1190
704392,5310,1846
707000,5115,2176
707001,3450,1398
707002,6239,2058
707005,5989,2481
707008,8374,2888
707009,6069,2668
707011,3480,2084
707012,4000,2370
707014,5000,1748
707016,6900,1697
707018,3965,2376
707020,9000,1867
707021,6000,2104
707022,6000,2055
707023,6000,2419
707024,7800,2495
707025,4000,2117
707027,5200,2216
707030,13600,3939
707031,7433,2996
707032,4133,1273
707033,7180,2380
707035,4000,1569
707039,6856,2761
707041,7040,2492
707042,5000,2074
707044,8870,2678
707045,3600,1247
707046,5180,2237
707047,5247,1880
707048,6296,2448
707049,12601,3230
707050,8400,2272
707053,4000,2007
707054,7595,2710
707057,5000,2450
707058,6000,1872
707059,6000,2128
707060,6000,2230
707062,6000,2632
707063,5021,2647
707064,6000,2240
707066,2910,1307
707067,4032,2295
707068,5108,1427
707070,7300,2399
707071,3708,1842
707073,21000,1536
707074,5600,1749
707076,3650,2381
707078,6000,2378
707079,6000,2528
707080,5760,2036
707081,3500,1735
707083,4000,1760
707084,4200,2281
707085,5000,2971
707086,3660,1872
707087,6000,2185
707089,4335,1947
707090,6000,2143
707094,10225,2237
707098,3500,1619
707099,6000,2664
707101,6000,2737
707102,7500,2473
707103,7300,2603
707104,6000,1974
707105,8213,2136
707107,5612,2370
707109,5650,1917
707110,5683,2886
707112,4500,1888
707113,6480,2411
707114,6480,2147
707115,6090,2215
707117,7700,2813
707118,5500,2161
707119,8400,2285
707120,3630,2346
707121,6864,3017
707122,6200,2554
707124,6642,2407
707125,5011,2600
707126,4000,1395
707128,7000,3375
707130,7766,1665
707131,6169,1921
707134,20788,2967
707135,5000,2457
707136,6000,1677
707137,6438,2626
707138,9735,3389
707139,6000,1919
707142,9960,2409
707143,4500,2225
707147,6000,2554
707148,6000,2049
707150,6000,2451
707151,5738,2835
707152,8240,2018
707154,7500,2558
707155,5511,2839
707156,5509,2206
707157,4000,1955
707159,5500,2596
707161,5800,2478
707163,4756,1933
707164,5063,1983
707166,5913,1350
707167,6000,2820
707170,5427,2747
707172,5000,2285
707173,6000,1823
707174,14504,2360
707175,6000,2025
707177,6000,2364
707178,5300,2253
707179,5640,2360
707180,6000,2288
707181,5000,3585
707182,9200,3125
707183,5054,2026
707184,9000,2373
707185,7200,2894
707186,12527,3460
707187,6000,2896
707189,5556,2211
707190,5501,1801
707191,4560,1672
707192,8000,2774
707193,8600,2662
707194,9397,2744
707195,5125,3107
707197,5000,2335
707198,5983,3092
707201,9750,2995
707202,5080,2393
707204,6004,2394
707206,7500,2627
707207,11400,2927
707208,5847,1905
707209,4000,1529
707210,7520,2368
707211,6000,1959
707212,12150,4700
707213,4500,2722
707214,7986,2326
707215,6219,2947
707216,6000,2286
707217,7980,2018
707218,6000,3392
707219,5927,2326
707220,7000,2811
707221,5239,2316
707223,5650,2172
707224,6000,1941
707226,6292,2347
707227,8195,2509
707230,4000,1754
707232,7000,2245
707233,6000,2343
707234,10500,2386
707236,5361,2662
707237,6480,1808
707238,6400,2827
707239,6600,2444
707240,3430,2119
707241,9475,2410
707242,5000,2813
707243,5000,2113
707244,5454,2266
707245,7942,2734
707246,7980,3566
707248,7000,2336
707249,5267,2012
707250,3600,2361
707252,8400,2815
707254,4995,1435
707255,7342,3291
707258,6392,2429
707260,5872,2312
707261,8025,1966
707262,5000,2396
707263,6000,2352
707264,5800,2816
707265,5000,2719
707266,6483,3176
707267,4050,2179
707268,5625,2688
707269,7000,2724
707270,5031,1901
707271,24128,2120
707272,5000,1816
707275,4900,1733
707276,4535,2618
707277,5757,2104
707278,6000,2280
707279,6450,2295
707280,6000,2354
707281,5828,2729
707282,6164,2165
707285,6467,2182
707286,5248,1859
707287,5005,2105
707289,7106,2843
707290,3972,1973
707291,7100,2695
707293,6000,2675
707294,5628,3067
707295,6033,2411
707296,3380,2132
707298,5920,2962
707299,5520,2147
707300,3889,1244
707301,5000,1736
707302,2904,1338
707305,6000,2117
707306,6667,2480
707310,3299,1654
707311,3905,1654
707313,6075,1852
707316,7250,2449
707317,6000,1856
707318,6000,2940
707319,4719,2255
707320,11621,1324
707322,3200,1634
707323,4000,1795
707324,5000,2299
707325,4996,2461
707326,12090,2854
707327,5008,2205
707328,4032,1778
707329,3080,1091
707330,4706,2194
707333,8550,2726
707343,5814,2867
707344,6475,2550
707345,4470,2760
707346,7327,1951
707347,7241,1000
707348,6228,1314
707350,5000,2354
707352,5400,2378
707354,5000,2506
707355,7279,2767
707356,5000,2334
707360,7000,2292
707362,6000,2245
707363,6700,2596
707365,5500,2654
707366,4800,2328
707370,4080,1362
707371,4767,1778
707372,6100,2327
707373,6200,2084
707374,6000,2413
707377,15000,500
707378,11512,1670
707379,4216,2304
707380,5000,2260
707381,6000,2560
707385,12124,602
707387,5000,1870
707388,6120,1792
707389,5000,1813
707392,4900,1322
707393,6000,1939
707396,5000,2329
707397,3827,917
707400,5000,2390
707401,12000,4856
707402,12470,1419
707403,4765,1428
707404,8040,2943
707405,7500,2241
707406,10500,2412
707407,8000,2272
707408,6000,2385
707409,10949,1162
707410,6923,1846
707411,6400,2720
707413,4800,2421
707415,4239,1407
707416,3581,1692
707417,5000,2358
707418,6164,1464
707419,5000,2320
707421,9000,2552
707422,4000,1407
707424,6466,2871
707427,8496,3045
707428,10482,
707429,5500,2370
707430,6000,2413
707431,6600,2519
707432,5000,2351
707433,3500,1906
707435,5085,1502
707436,6250,2064
707438,9625,2058
707439,4980,2045
707440,7136,2224
707441,6000,2703
707442,5040,2128
707443,6000,2010
707447,7600,3390
707448,12539,1240
707449,7034,2868
707450,5000,1921
707451,7000,2274
707454,5985,2269
707456,20834,
707457,5250,2005
707458,6000,1737
707459,6000,2276
707460,7000,2054
707461,5500,2052
707462,5243,1902
707463,5000,2141
707465,9940,4693
707466,5184,2525
707468,8750,3590
707469,5130,1762
707470,6000,2015
707472,5000,1604
707474,5901,2587
707475,3783,1511
707476,7000,1853
707477,6050,2276
707484,11520,1092
707485,4952,1995
707486,5170,2165
707489,8040,2376
707490,5000,1938
707491,3500,2303
707492,5995,1994
707494,5117,2510
707495,6000,2242
707496,2700,1222
707497,2807,1143
707498,6000,2011
707501,7000,1982
707502,7000,2176
707504,5565,2499
707505,3500,1290
707506,4975,2074
707507,6120,2070
707508,5164,1477
707509,5000,1800
707510,5975,1854
707511,6000,1852
707512,12093,2500
707513,6000,2044
707516,4509,2270
707517,1822,510
707518,6000,1790
707519,5000,1777
707520,2788,1499
707521,5000,1982
707522,6000,1869
707523,5325,2200
707524,5287,1922
707525,8100,2395
707526,4940,2296
707527,5000,1878
707528,5200,2343
707529,5278,1901
707530,5000,1969
707531,4175,1419
707533,4004,2058
707534,3972,1431
707535,6003,1905
707536,7000,1789
707537,4000,1954
707538,3630,1745
707540,6000,2860
707542,3360,1260
707543,2580,938
707544,5000,1927
707546,6000,1982
707547,3013,1074
707548,6996,2184
707549,6002,2019
707552,5512,1993
707553,6000,2044
707554,5814,482
707555,5000,1685
707558,3993,1857
707560,6404,2104
707562,5310,2008
707563,5000,2136
707564,5000,1792
707565,6000,1992
707566,6000,1895
707567,6305,1777
707568,5232,1849
707569,6000,600
707570,4992,1739
707571,10800,1115
707575,4500,1740
707576,4000,1471
707577,3642,1460
707578,4500,1886
707579,5000,1674
707581,3500,1256
707582,5000,1350
707583,4395,1463
707584,11773,1081
707586,8000,2229
707587,5000,1999
707588,9000,500
707591,6328,2345
707593,5000,1808
707595,5000,1767
707597,4000,1541
707598,5000,1893
707599,3339,
707607,3500,1726
707608,4000,1279
707609,4000,1941
707661,6356,2706
707662,5852,2464
707689,5400,1864
707697,11000,832
707700,7020,2283
707701,5000,1444
707702,10175,3298
707703,7000,2854
707704,9196,3028
707706,7500,2342
707707,4000,1136
707708,10200,2267
707709,6172,2608
707710,6000,2318
707712,7500,1953
707713,5720,2357
707714,6041,1628
707715,8898,1817
707716,6000,2088
707717,8400,2695
707718,7330,2824
707719,8800,1936
707720,10800,3230
707721,10000,3884
707722,5064,1597
707723,5607,1983
707724,7080,1987
707725,6000,1912
707726,6228,2714
707727,4992,1672
707728,3069,1543
707730,5000,1800
707731,5876,2094
707732,6480,2205
707733,7500,2491
707734,5142,1476
707735,6000,1943
707737,6000,2335
707739,5100,1806
707740,3910,2074
707742,14791,1398
707745,5000,2638
707750,8611,2155
707751,7599,1518
707753,8450,2170
707754,5980,1533
707764,2860,1413
707767,6000,1878
707803,5000,
707811,6000,2666
707900,4500,1496
707904,6007,3148
707954,5611,2147
707970,6635,3217
707983,5015,1937
708000,8430,2974
708003,5000,1959
708004,6000,1869
708006,5000,1430
708007,7323,2415
708010,4240,1510
708011,5016,766
708017,6000,1962
708020,7550,1848
708024,1764,113
708028,6898,1629
708030,4200,1339
708032,5000,1952
708035,9800,2211
708036,11200,2751
708039,6080,2063
708041,4348,1972
708042,6000,3448
708043,5744,835
708044,6300,2144
708045,5000,2122
708047,5435,2456
708048,7800,285
708053,4368,817
708056,5959,2130
708057,5000,2022
708059,4000,1818
708063,5000,1440
708064,5000,2140
708066,4700,2534
708067,5040,2140
708069,6000,2425
708070,7600,839
708071,5040,1794
708073,5000,1938
708075,9000,1067
708076,3650,1737
708077,5400,965
708081,6500,2448
708082,5000,1886
708089,6500,1189
708093,5000,2004
708094,6000,2076
708095,5250,2485
708097,6500,2299
708101,5000,1931
708102,5000,2615
708103,10000,2077
708106,3862,2101
708111,11620,1060
708112,5701,2728
708113,5000,1192
708114,6650,2305
708115,5000,1960
708117,5000,1867
708119,5000,2750
708121,6000,1952
708122,5168,1944
708131,5000,1939
708132,5000,1232
708135,5890,1991
708138,4080,1490
708140,4000,1693
708143,6722,1007
708146,5769,2649
708147,4800,1554
708149,4000,2174
708150,4500,1916
708152,4826,1887
708153,4816,1462
708154,5000,2010
708155,5000,1096
708158,8300,2036
708159,5540,2050
708160,5000,1979
708161,6414,1733
708163,6831,1499
708164,4350,1887
708165,5108,794
708166,4500,1899
708168,5000,1808
708170,4950,1902
708171,5200,1726
708172,6500,2097
708174,3500,1271
708175,5000,2103
708177,3814,1662
708179,5000,1857
708180,15200,2415
708181,7560,1469
708182,11133,1411
708183,6800,1829
708184,9600,1989
708187,6445,1577
708188,5000,1706
708190,4100,1456
708191,2664,1018
708193,4000,1503
708194,5200,2054
708195,4195,1751
708197,3900,1708
708198,3300,1258
708199,3960,1397
708202,14352,1513
708204,6270,1593
708205,5000,1925
708207,3693,1492
708210,4000,1483
708218,4015,1655
708223,7680,724
708224,4636,877
708225,10025,513
708226,6082,552
708227,11050,675
708228,5000,1955
708230,5158,1856
708232,5800,1735
708234,5000,1955
708235,2400,681
708236,5000,1907
708240,4255,1391
708242,4000,1341
708243,6662,1501
708244,5000,1832
708245,5000,1982
708247,5000,1916
708248,5000,1802
708249,4867,1634
708250,7200,315
708251,5000,2024
708253,4500,1889
708256,8000,1035
708257,4769,1822
708265,5000,1984
708267,10700,562
708268,5000,1889
708269,5000,1946
708270,4154,1075
708273,5000,1787
708274,5000,1941
708276,4000,1886
708277,7500,1520
708278,5500,2238
708279,3733,1413
708280,4920,1775
708281,4060,1237
708284,5200,1827
708286,5075,1874
708287,6000,2033
708288,5000,1637
708291,3800,584
708292,5568,2375
708293,4541,899
708294,5537,2244
708295,4660,1743
708296,3874,1423
708297,3406,1286
708298,4500,1549
708416,6000,2086
708444,5254,2546
708453,5000,1958
708482,6000,2271
708500,4000,1572
708504,11373,431
708505,6908,1426
708506,7875,674
708507,3193,1539
708508,3200,1901
708509,3974,1794
708510,6300,2376
708511,5040,1740
708512,3714,2217
708514,7000,2065
708515,4388,948
708516,5000,1935
708517,7875,2233
708518,4759,1621
708519,4500,1691
708520,4427,1570
708521,13142,1727
708522,5000,1972
708523,5000,1972
708525,7136,2673
708528,4580,2060
708529,4800,1665
708530,3152,1293
708531,3636,1569
708532,5000,1917
708533,4374,1083
708535,5923,1624
708536,5500,1992
708537,9975,600
708539,4866,1954
708540,5919,708
708541,4865,1370
708542,9879,650
708543,3848,933
708544,8288,525
708545,5000,1683
708546,10080,2231
708547,4000,1882
708549,6771,886
708551,5200,1917
708557,4334,1448
708558,4500,1695
708559,6400,2149
708560,4500,1733
708562,8000,2192
708564,6305,2433
708566,3227,1539
708567,4884,1696
708568,7000,1495
708573,4800,1000
708575,3660,1749
708577,3674,1558
708578,4968,1742
708579,3000,1382
708580,4993,1646
708581,6800,2209
708582,4019,980
708583,5280,2083
708584,4000,1467
708585,4859,1680
708586,4200,1094
708587,3605,1053
708588,3783,1544
708589,4260,1349
708590,3015,1255
708591,4611,1632
708592,4763,1982
708593,4000,1503
708595,3000,1272
708596,8000,586
708597,4433,1885
708599,5400,1165
708600,3870,1214
708602,3898,2043
708607,7980,1440
708608,5000,1708
708616,4980,1765
708617,7270,2246
708621,3540,1320
708624,1984,1062
708625,7000,1603
708630,3300,1618
708631,3500,1338
708632,5000,2044
708633,3819,899
708634,3200,1161
708635,3226,1516
708637,5096,1636
708644,6113,927
708645,12430,1387
708646,5000,1897
708649,9224,1968
708650,3868,1724
708657,5440,1913
708660,3657,1376
708661,2825,1304
708664,5100,1866
708665,5012,1956
708666,5000,1253
708668,3840,1542
708669,4500,1834
708670,5558,1464
708671,3231,1671
708672,5750,1713
708675,6132,2074
708676,5050,2157
708677,8280,1132
708678,4000,1972
708679,3000,1221
708680,3800,1976
708682,2400,1133
708683,5383,1707
708684,5000,1780
708685,4000,1798
708686,4480,1403
708687,4300,1681
708688,3386,1505
708689,3444,1343
708691,5000,1726
708692,4334,1271
708693,3968,1898
708694,3980,1247
708695,5040,1799
708696,5200,1380
708697,3545,1642
708698,4500,1595
708699,12051,634
708900,3500,1379
708929,5160,2120
708950,4165,1573
708951,4030,1477
708952,5000,1141
708954,3975,1866
708955,3932,1548
708956,4000,1421
708957,4500,1479
708959,4055,1408
708961,2844,1351
708962,11000,925
708965,4850,1407
708987,4000,1705
727007,4500,1532
727015,4700,2071
727043,4500,2054
727176,5570,1927
727231,4156,1428
727247,4142,1645
727452,4438,1499
727613,10608,802
727615,3757,1510
727616,3920,1602
727620,4312,1922
727636,2764,778
727692,3725,1525
727705,5000,1860
727711,11103,873
727825,4203,1517
728013,3610,1317
728031,4500,1645
728037,3600,1297
728078,2400,1174
728116,4500,1612
728208,4109,1762
728213,4274,1667
728214,4148,1526
728215,4500,1724
728222,4062,1512
728751,3464,1379
761453,3500,1451
761456,3610,1033
761491,7700,1443
761833,3831,1274
763493,3972,1400
763494,4044,1232
763495,3820,1353
763496,3504,1383
763575,3106,1190
763576,4040,1121
763577,3000,1206
763579,3397,1109
763581,3724,1132
763582,3791,1339
763583,5565,1564
763584,4073,1236
763590,5050,1957
763591,3592,1161
763592,2543,1212
763593,4168,1633
763594,4233,1794
763595,4826,1662
763596,5347,1519
763597,5500,1435
763598,3300,1000
767667,4945,1559
767668,4138,1389
767669,4953,1231
767673,3091,1214
767690,3274,1208
767691,2800,1217
768129,4534,1628
768220,4508,1436
768221,3280,1192
768333,4000,1543
768502,4503,1783
768503,2500,900
768612,2994,1177
768614,3850,1089
768681,3147,1219
768702,12602,1117
768704,6000,1024
768705,3656,1037
768706,11400,1712
768707,8100,1161
768708,4900,1140
768709,7300,774
768712,7634,1405
768713,6098,1518
768714,4800,912
768715,6145,790
768717,7250,1228
768720,5100,1494
768721,5202,2013
768723,6000,2106
768724,4164,737
768725,4170,1211
768726,5090,1858
768727,4175,1561
768728,5500,599
768729,7230,1320
768732,6131,935
768734,4500,1251
768735,5178,1317
768736,5425,1824
768738,9100,1627
768740,3864,1194
768742,4095,1527
768743,5280,1671
768744,4282,1209
768745,3636,1273
768746,3888,1356
768747,2937,1104
768748,3971,1588
768749,3900,1398
768750,7561,2505
768753,5903,1995
768754,3963,1434
768755,3735,1399
768756,3129,1310
768759,3688,1277
768761,4124,1199
768762,2738,1196
768763,3250,1402
768764,3434,1074
768765,3866,2185
768766,3265,1065
768767,3080,1293
768768,4000,1826
768769,3137,1403
768770,3500,1502
768771,4038,1272
768772,3369,1523
768773,3015,1399
768774,4975,1604
768775,4128,1737
768776,2500,1208
768777,3870,1577
768778,4086,1151
768779,3346,1273
768780,2704,1145
768781,3761,1491
768782,3693,1470
768784,3640,862
768785,3262,1104
768786,2659,958
768790,2611,1311
768791,3500,1303
768792,6300,1529
768793,2961,1211
768794,2900,941
768795,4026,1807
768796,4000,1368
768797,4490,1193
768804,2820,943
768806,2785,1167
768807,4103,1037
768808,4320,1361
768809,2200,994
768810,2810,1300
768811,3818,1224
768812,3085,1178
768813,3300,1302
768815,2885,1071
768816,3250,1111
768817,2871,1179
768818,4918,1490
768819,2594,1120
768820,3192,1349
768821,2451,1086
768822,3629,1507
768823,3569,1250
768824,3144,1285
768825,2523,1085
768826,2800,1309
768827,3511,1587
768828,2530,1053
768829,3732,1304
768830,3000,948
768831,2410,1242
768832,2900,1043
768835,4044,1531
768836,2292,988
768837,3100,1293
768838,3745,1295
768839,3500,1392
768840,2500,1063
768841,2716,1028
768843,6380,1688
768844,2452,804
768845,4900,1224
768846,6300,1513
768849,3856,1174
768850,3045,1491
768851,7005,1060
768852,3039,1199
768853,3140,959
768854,3073,1102
768855,4727,1206
768856,3184,1167
768857,4337,1502
768858,8500,1443
768859,3463,1230
768860,3543,976
768861,4480,1241
768862,3528,1143
768863,3400,1423
768864,4500,1903
768865,3125,1340
768866,8079,1687
768867,3155,1128
768868,5757,935
768869,3612,1059
768870,3910,1499
768871,23876,1592
768872,2879,1154
768873,3000,948
768874,3786,1201
768875,4323,1742
768876,3900,1097
768877,4526,1425
768878,3908,1472
768879,4708,1493
768880,3192,965
768881,3803,1261
768882,3773,1051
768883,3881,1332
768884,4032,1609
768886,4811,1143
768887,6000,1743
768888,3025,1483
768889,4021,1740
768890,3378,1358
768892,4204,1248
768893,3000,1446
768894,4029,1218
768896,5093,1579
768897,6865,1418
768901,2500,1154
768903,2978,1129
768904,7460,1556
768905,4000,1150
768906,10800,1699
768907,5100,1446
768908,3922,1431
768909,4000,1334
768910,7180,1270
768911,3510,1384
768913,3450,1443
768914,4086,1331
768916,2922,1150
768917,3255,1292
768918,4450,1204
768919,3012,1286
768920,3900,952
768921,8000,1362
768922,7221,1109
768923,4012,1282
768924,3706,1417
768925,4184,1013
768926,3404,1591
768930,8200,1399
768931,4025,1474
768935,3200,1157
768936,8100,1006
768937,8395,892
768938,5715,1239
768940,4000,1291
768941,2992,1088
768942,3885,1312
768943,3007,988
768944,2614,1126
768945,3200,1108
768946,5200,1476
768947,5519,1401
768948,3155,1117
768953,4600,1528
768977,3521,1259
